source,corpus_size,route,metric,sample,value,unit,status
candidate-subset-crossover-v9,1,crossover,cold_prepare,0,212300,ns,success
candidate-subset-crossover-v9,1,crossover,cold_prepare,1,224500,ns,success
candidate-subset-crossover-v9,1,crossover,cold_prepare,2,205800,ns,success
candidate-subset-crossover-v9,1,crossover,cold_prepare,3,224600,ns,success
candidate-subset-crossover-v9,1,crossover,cold_prepare,4,204500,ns,success
candidate-subset-crossover-v9,1,crossover,cold_prepare,5,205100,ns,success
candidate-subset-crossover-v9,1,crossover,cold_prepare,6,222000,ns,success
candidate-subset-crossover-v9,1,crossover,cold_prepare,7,213000,ns,success
candidate-subset-crossover-v9,1,crossover,cold_prepare,8,202300,ns,success
candidate-subset-crossover-v9,1,crossover,cold_prepare,9,225000,ns,success
candidate-subset-crossover-v9,1,crossover,cold_prepare,10,230500,ns,success
candidate-subset-crossover-v9,1,crossover,cold_prepare,11,255700,ns,success
candidate-subset-crossover-v9,1,crossover,cold_prepare,12,218300,ns,success
candidate-subset-crossover-v9,1,crossover,cold_prepare,13,220200,ns,success
candidate-subset-crossover-v9,1,crossover,cold_prepare,14,224500,ns,success
candidate-subset-crossover-v9,1,crossover,warm_prepare,0,153500,ns,success
candidate-subset-crossover-v9,1,crossover,warm_prepare,1,118000,ns,success
candidate-subset-crossover-v9,1,crossover,warm_prepare,2,110100,ns,success
candidate-subset-crossover-v9,1,crossover,warm_prepare,3,135200,ns,success
candidate-subset-crossover-v9,1,crossover,warm_prepare,4,114000,ns,success
candidate-subset-crossover-v9,1,crossover,warm_prepare,5,110500,ns,success
candidate-subset-crossover-v9,1,crossover,warm_prepare,6,110200,ns,success
candidate-subset-crossover-v9,1,crossover,warm_prepare,7,157000,ns,success
candidate-subset-crossover-v9,1,crossover,warm_prepare,8,133800,ns,success
candidate-subset-crossover-v9,1,crossover,warm_prepare,9,111200,ns,success
candidate-subset-crossover-v9,1,crossover,warm_prepare,10,116700,ns,success
candidate-subset-crossover-v9,1,crossover,warm_prepare,11,110900,ns,success
candidate-subset-crossover-v9,1,crossover,warm_prepare,12,120200,ns,success
candidate-subset-crossover-v9,1,crossover,warm_prepare,13,108700,ns,success
candidate-subset-crossover-v9,1,crossover,warm_prepare,14,112500,ns,success
candidate-subset-crossover-v9,1,membership,compact_prepare,0,8300,ns,success
candidate-subset-crossover-v9,1,membership,compact_prepare,1,8600,ns,success
candidate-subset-crossover-v9,1,membership,compact_prepare,2,7900,ns,success
candidate-subset-crossover-v9,1,membership,compact_prepare,3,8700,ns,success
candidate-subset-crossover-v9,1,membership,compact_prepare,4,9600,ns,success
candidate-subset-crossover-v9,1,membership,compact_prepare,5,7700,ns,success
candidate-subset-crossover-v9,1,membership,compact_prepare,6,8000,ns,success
candidate-subset-crossover-v9,1,membership,compact_prepare,7,11100,ns,success
candidate-subset-crossover-v9,1,membership,compact_prepare,8,8200,ns,success
candidate-subset-crossover-v9,1,membership,compact_prepare,9,7800,ns,success
candidate-subset-crossover-v9,1,membership,compact_prepare,10,7700,ns,success
candidate-subset-crossover-v9,1,membership,compact_prepare,11,9100,ns,success
candidate-subset-crossover-v9,1,membership,compact_prepare,12,7600,ns,success
candidate-subset-crossover-v9,1,membership,compact_prepare,13,7900,ns,success
candidate-subset-crossover-v9,1,membership,compact_prepare,14,8100,ns,success
candidate-subset-crossover-v9,1,membership,legacy_prepare,0,14100,ns,success
candidate-subset-crossover-v9,1,membership,legacy_prepare,1,11600,ns,success
candidate-subset-crossover-v9,1,membership,legacy_prepare,2,10700,ns,success
candidate-subset-crossover-v9,1,membership,legacy_prepare,3,11400,ns,success
candidate-subset-crossover-v9,1,membership,legacy_prepare,4,11400,ns,success
candidate-subset-crossover-v9,1,membership,legacy_prepare,5,10800,ns,success
candidate-subset-crossover-v9,1,membership,legacy_prepare,6,10700,ns,success
candidate-subset-crossover-v9,1,membership,legacy_prepare,7,14800,ns,success
candidate-subset-crossover-v9,1,membership,legacy_prepare,8,11100,ns,success
candidate-subset-crossover-v9,1,membership,legacy_prepare,9,10600,ns,success
candidate-subset-crossover-v9,1,membership,legacy_prepare,10,10700,ns,success
candidate-subset-crossover-v9,1,membership,legacy_prepare,11,11200,ns,success
candidate-subset-crossover-v9,1,membership,legacy_prepare,12,11700,ns,success
candidate-subset-crossover-v9,1,membership,legacy_prepare,13,11000,ns,success
candidate-subset-crossover-v9,1,membership,legacy_prepare,14,10800,ns,success
candidate-subset-crossover-v9,1,membership_lookup,compact_hit,0,10435400,ns,success
candidate-subset-crossover-v9,1,membership_lookup,compact_hit,1,10296600,ns,success
candidate-subset-crossover-v9,1,membership_lookup,compact_hit,2,10334500,ns,success
candidate-subset-crossover-v9,1,membership_lookup,compact_hit,3,10288400,ns,success
candidate-subset-crossover-v9,1,membership_lookup,compact_hit,4,10295100,ns,success
candidate-subset-crossover-v9,1,membership_lookup,compact_hit,5,10180300,ns,success
candidate-subset-crossover-v9,1,membership_lookup,compact_hit,6,10185800,ns,success
candidate-subset-crossover-v9,1,membership_lookup,compact_hit,7,10192200,ns,success
candidate-subset-crossover-v9,1,membership_lookup,compact_hit,8,10452900,ns,success
candidate-subset-crossover-v9,1,membership_lookup,compact_hit,9,10385100,ns,success
candidate-subset-crossover-v9,1,membership_lookup,compact_hit,10,10216300,ns,success
candidate-subset-crossover-v9,1,membership_lookup,compact_hit,11,10283400,ns,success
candidate-subset-crossover-v9,1,membership_lookup,compact_hit,12,10392600,ns,success
candidate-subset-crossover-v9,1,membership_lookup,compact_hit,13,10268300,ns,success
candidate-subset-crossover-v9,1,membership_lookup,compact_hit,14,10374100,ns,success
candidate-subset-crossover-v9,1,membership_lookup,compact_miss,0,2613200,ns,success
candidate-subset-crossover-v9,1,membership_lookup,compact_miss,1,2609300,ns,success
candidate-subset-crossover-v9,1,membership_lookup,compact_miss,2,2614300,ns,success
candidate-subset-crossover-v9,1,membership_lookup,compact_miss,3,2634000,ns,success
candidate-subset-crossover-v9,1,membership_lookup,compact_miss,4,2660500,ns,success
candidate-subset-crossover-v9,1,membership_lookup,compact_miss,5,2623400,ns,success
candidate-subset-crossover-v9,1,membership_lookup,compact_miss,6,2618000,ns,success
candidate-subset-crossover-v9,1,membership_lookup,compact_miss,7,2601600,ns,success
candidate-subset-crossover-v9,1,membership_lookup,compact_miss,8,2611300,ns,success
candidate-subset-crossover-v9,1,membership_lookup,compact_miss,9,2607800,ns,success
candidate-subset-crossover-v9,1,membership_lookup,compact_miss,10,2610500,ns,success
candidate-subset-crossover-v9,1,membership_lookup,compact_miss,11,2610800,ns,success
candidate-subset-crossover-v9,1,membership_lookup,compact_miss,12,2604300,ns,success
candidate-subset-crossover-v9,1,membership_lookup,compact_miss,13,2643500,ns,success
candidate-subset-crossover-v9,1,membership_lookup,compact_miss,14,2701700,ns,success
candidate-subset-crossover-v9,1,membership_lookup,legacy_hit,0,1091400,ns,success
candidate-subset-crossover-v9,1,membership_lookup,legacy_hit,1,1089800,ns,success
candidate-subset-crossover-v9,1,membership_lookup,legacy_hit,2,1089800,ns,success
candidate-subset-crossover-v9,1,membership_lookup,legacy_hit,3,1092500,ns,success
candidate-subset-crossover-v9,1,membership_lookup,legacy_hit,4,1083700,ns,success
candidate-subset-crossover-v9,1,membership_lookup,legacy_hit,5,1091500,ns,success
candidate-subset-crossover-v9,1,membership_lookup,legacy_hit,6,1094200,ns,success
candidate-subset-crossover-v9,1,membership_lookup,legacy_hit,7,1093200,ns,success
candidate-subset-crossover-v9,1,membership_lookup,legacy_hit,8,1089300,ns,success
candidate-subset-crossover-v9,1,membership_lookup,legacy_hit,9,1086100,ns,success
candidate-subset-crossover-v9,1,membership_lookup,legacy_hit,10,1088700,ns,success
candidate-subset-crossover-v9,1,membership_lookup,legacy_hit,11,1092100,ns,success
candidate-subset-crossover-v9,1,membership_lookup,legacy_hit,12,1086700,ns,success
candidate-subset-crossover-v9,1,membership_lookup,legacy_hit,13,1089200,ns,success
candidate-subset-crossover-v9,1,membership_lookup,legacy_hit,14,1089500,ns,success
candidate-subset-crossover-v9,1,membership_lookup,legacy_miss,0,849100,ns,success
candidate-subset-crossover-v9,1,membership_lookup,legacy_miss,1,849800,ns,success
candidate-subset-crossover-v9,1,membership_lookup,legacy_miss,2,849000,ns,success
candidate-subset-crossover-v9,1,membership_lookup,legacy_miss,3,844400,ns,success
candidate-subset-crossover-v9,1,membership_lookup,legacy_miss,4,854500,ns,success
candidate-subset-crossover-v9,1,membership_lookup,legacy_miss,5,844100,ns,success
candidate-subset-crossover-v9,1,membership_lookup,legacy_miss,6,886800,ns,success
candidate-subset-crossover-v9,1,membership_lookup,legacy_miss,7,843900,ns,success
candidate-subset-crossover-v9,1,membership_lookup,legacy_miss,8,848800,ns,success
candidate-subset-crossover-v9,1,membership_lookup,legacy_miss,9,849200,ns,success
candidate-subset-crossover-v9,1,membership_lookup,legacy_miss,10,861600,ns,success
candidate-subset-crossover-v9,1,membership_lookup,legacy_miss,11,843600,ns,success
candidate-subset-crossover-v9,1,membership_lookup,legacy_miss,12,849300,ns,success
candidate-subset-crossover-v9,1,membership_lookup,legacy_miss,13,847500,ns,success
candidate-subset-crossover-v9,1,membership_lookup,legacy_miss,14,849300,ns,success
candidate-subset-crossover-v9,1,cuda,ordinary,0,294300,ns,success
candidate-subset-crossover-v9,1,cuda,ordinary,1,263100,ns,success
candidate-subset-crossover-v9,1,cuda,ordinary,2,263500,ns,success
candidate-subset-crossover-v9,1,cuda,ordinary,3,275100,ns,success
candidate-subset-crossover-v9,1,cuda,ordinary,4,304500,ns,success
candidate-subset-crossover-v9,1,cuda,ordinary,5,263200,ns,success
candidate-subset-crossover-v9,1,cuda,ordinary,6,276300,ns,success
candidate-subset-crossover-v9,1,cuda,ordinary,7,263300,ns,success
candidate-subset-crossover-v9,1,cuda,ordinary,8,259900,ns,success
candidate-subset-crossover-v9,1,cuda,ordinary,9,256700,ns,success
candidate-subset-crossover-v9,1,cuda,ordinary,10,276300,ns,success
candidate-subset-crossover-v9,1,cuda,ordinary,11,258500,ns,success
candidate-subset-crossover-v9,1,cuda,ordinary,12,247300,ns,success
candidate-subset-crossover-v9,1,cuda,ordinary,13,244400,ns,success
candidate-subset-crossover-v9,1,cuda,ordinary,14,242700,ns,success
candidate-subset-crossover-v9,1,cuda,first_build,0,802300,ns,success
candidate-subset-crossover-v9,1,cuda,first_build,1,786400,ns,success
candidate-subset-crossover-v9,1,cuda,first_build,2,720300,ns,success
candidate-subset-crossover-v9,1,cuda,first_build,3,723600,ns,success
candidate-subset-crossover-v9,1,cuda,first_build,4,703500,ns,success
candidate-subset-crossover-v9,1,cuda,first_build,5,743500,ns,success
candidate-subset-crossover-v9,1,cuda,first_build,6,733800,ns,success
candidate-subset-crossover-v9,1,cuda,first_build,7,746600,ns,success
candidate-subset-crossover-v9,1,cuda,first_build,8,1015500,ns,success
candidate-subset-crossover-v9,1,cuda,first_build,9,712900,ns,success
candidate-subset-crossover-v9,1,cuda,first_build,10,715500,ns,success
candidate-subset-crossover-v9,1,cuda,first_build,11,691400,ns,success
candidate-subset-crossover-v9,1,cuda,first_build,12,774600,ns,success
candidate-subset-crossover-v9,1,cuda,first_build,13,797000,ns,success
candidate-subset-crossover-v9,1,cuda,first_build,14,805300,ns,success
candidate-subset-crossover-v9,1,cuda,reuse,0,126600,ns,success
candidate-subset-crossover-v9,1,cuda,reuse,1,123300,ns,success
candidate-subset-crossover-v9,1,cuda,reuse,2,127100,ns,success
candidate-subset-crossover-v9,1,cuda,reuse,3,118400,ns,success
candidate-subset-crossover-v9,1,cuda,reuse,4,185100,ns,success
candidate-subset-crossover-v9,1,cuda,reuse,5,132900,ns,success
candidate-subset-crossover-v9,1,cuda,reuse,6,270800,ns,success
candidate-subset-crossover-v9,1,cuda,reuse,7,144400,ns,success
candidate-subset-crossover-v9,1,cuda,reuse,8,125200,ns,success
candidate-subset-crossover-v9,1,cuda,reuse,9,126000,ns,success
candidate-subset-crossover-v9,1,cuda,reuse,10,119600,ns,success
candidate-subset-crossover-v9,1,cuda,reuse,11,118800,ns,success
candidate-subset-crossover-v9,1,cuda,reuse,12,118400,ns,success
candidate-subset-crossover-v9,1,cuda,reuse,13,116000,ns,success
candidate-subset-crossover-v9,1,cuda,reuse,14,116100,ns,success
candidate-subset-crossover-v9,1,crossover,retained,0,2349,bytes,success
candidate-subset-crossover-v9,1,crossover,retained,1,2349,bytes,success
candidate-subset-crossover-v9,1,crossover,retained,2,2349,bytes,success
candidate-subset-crossover-v9,1,crossover,retained,3,2349,bytes,success
candidate-subset-crossover-v9,1,crossover,retained,4,2349,bytes,success
candidate-subset-crossover-v9,1,crossover,peak,0,8439,bytes,success
candidate-subset-crossover-v9,1,crossover,peak,1,8391,bytes,success
candidate-subset-crossover-v9,1,crossover,peak,2,8391,bytes,success
candidate-subset-crossover-v9,1,crossover,peak,3,8391,bytes,success
candidate-subset-crossover-v9,1,crossover,peak,4,8391,bytes,success
candidate-subset-crossover-v9,1,membership,compact_memory_retained,0,576,bytes,success
candidate-subset-crossover-v9,1,membership,compact_memory_retained,1,528,bytes,success
candidate-subset-crossover-v9,1,membership,compact_memory_retained,2,528,bytes,success
candidate-subset-crossover-v9,1,membership,compact_memory_retained,3,528,bytes,success
candidate-subset-crossover-v9,1,membership,compact_memory_retained,4,528,bytes,success
candidate-subset-crossover-v9,1,membership,compact_memory_peak,0,624,bytes,success
candidate-subset-crossover-v9,1,membership,compact_memory_peak,1,576,bytes,success
candidate-subset-crossover-v9,1,membership,compact_memory_peak,2,576,bytes,success
candidate-subset-crossover-v9,1,membership,compact_memory_peak,3,576,bytes,success
candidate-subset-crossover-v9,1,membership,compact_memory_peak,4,576,bytes,success
candidate-subset-crossover-v9,1,membership,legacy_memory_retained,0,869,bytes,success
candidate-subset-crossover-v9,1,membership,legacy_memory_retained,1,869,bytes,success
candidate-subset-crossover-v9,1,membership,legacy_memory_retained,2,869,bytes,success
candidate-subset-crossover-v9,1,membership,legacy_memory_retained,3,869,bytes,success
candidate-subset-crossover-v9,1,membership,legacy_memory_retained,4,869,bytes,success
candidate-subset-crossover-v9,1,membership,legacy_memory_peak,0,1549,bytes,success
candidate-subset-crossover-v9,1,membership,legacy_memory_peak,1,1549,bytes,success
candidate-subset-crossover-v9,1,membership,legacy_memory_peak,2,1549,bytes,success
candidate-subset-crossover-v9,1,membership,legacy_memory_peak,3,1549,bytes,success
candidate-subset-crossover-v9,1,membership,legacy_memory_peak,4,1549,bytes,success
candidate-subset-crossover-v9,64,crossover,cold_prepare,0,262300,ns,success
candidate-subset-crossover-v9,64,crossover,cold_prepare,1,246900,ns,success
candidate-subset-crossover-v9,64,crossover,cold_prepare,2,244500,ns,success
candidate-subset-crossover-v9,64,crossover,cold_prepare,3,270300,ns,success
candidate-subset-crossover-v9,64,crossover,cold_prepare,4,249400,ns,success
candidate-subset-crossover-v9,64,crossover,cold_prepare,5,242000,ns,success
candidate-subset-crossover-v9,64,crossover,cold_prepare,6,260900,ns,success
candidate-subset-crossover-v9,64,crossover,cold_prepare,7,253900,ns,success
candidate-subset-crossover-v9,64,crossover,cold_prepare,8,251400,ns,success
candidate-subset-crossover-v9,64,crossover,cold_prepare,9,251900,ns,success
candidate-subset-crossover-v9,64,crossover,cold_prepare,10,245900,ns,success
candidate-subset-crossover-v9,64,crossover,cold_prepare,11,245300,ns,success
candidate-subset-crossover-v9,64,crossover,cold_prepare,12,250400,ns,success
candidate-subset-crossover-v9,64,crossover,cold_prepare,13,262900,ns,success
candidate-subset-crossover-v9,64,crossover,cold_prepare,14,243900,ns,success
candidate-subset-crossover-v9,64,crossover,warm_prepare,0,169400,ns,success
candidate-subset-crossover-v9,64,crossover,warm_prepare,1,169800,ns,success
candidate-subset-crossover-v9,64,crossover,warm_prepare,2,178700,ns,success
candidate-subset-crossover-v9,64,crossover,warm_prepare,3,162000,ns,success
candidate-subset-crossover-v9,64,crossover,warm_prepare,4,157200,ns,success
candidate-subset-crossover-v9,64,crossover,warm_prepare,5,161900,ns,success
candidate-subset-crossover-v9,64,crossover,warm_prepare,6,167400,ns,success
candidate-subset-crossover-v9,64,crossover,warm_prepare,7,154800,ns,success
candidate-subset-crossover-v9,64,crossover,warm_prepare,8,160100,ns,success
candidate-subset-crossover-v9,64,crossover,warm_prepare,9,160800,ns,success
candidate-subset-crossover-v9,64,crossover,warm_prepare,10,160200,ns,success
candidate-subset-crossover-v9,64,crossover,warm_prepare,11,160600,ns,success
candidate-subset-crossover-v9,64,crossover,warm_prepare,12,168900,ns,success
candidate-subset-crossover-v9,64,crossover,warm_prepare,13,155700,ns,success
candidate-subset-crossover-v9,64,crossover,warm_prepare,14,160200,ns,success
candidate-subset-crossover-v9,64,membership,compact_prepare,0,7500,ns,success
candidate-subset-crossover-v9,64,membership,compact_prepare,1,7400,ns,success
candidate-subset-crossover-v9,64,membership,compact_prepare,2,7400,ns,success
candidate-subset-crossover-v9,64,membership,compact_prepare,3,8100,ns,success
candidate-subset-crossover-v9,64,membership,compact_prepare,4,7700,ns,success
candidate-subset-crossover-v9,64,membership,compact_prepare,5,7700,ns,success
candidate-subset-crossover-v9,64,membership,compact_prepare,6,7600,ns,success
candidate-subset-crossover-v9,64,membership,compact_prepare,7,7600,ns,success
candidate-subset-crossover-v9,64,membership,compact_prepare,8,7500,ns,success
candidate-subset-crossover-v9,64,membership,compact_prepare,9,7700,ns,success
candidate-subset-crossover-v9,64,membership,compact_prepare,10,7800,ns,success
candidate-subset-crossover-v9,64,membership,compact_prepare,11,8200,ns,success
candidate-subset-crossover-v9,64,membership,compact_prepare,12,7500,ns,success
candidate-subset-crossover-v9,64,membership,compact_prepare,13,7700,ns,success
candidate-subset-crossover-v9,64,membership,compact_prepare,14,7400,ns,success
candidate-subset-crossover-v9,64,membership,legacy_prepare,0,155400,ns,success
candidate-subset-crossover-v9,64,membership,legacy_prepare,1,156800,ns,success
candidate-subset-crossover-v9,64,membership,legacy_prepare,2,157600,ns,success
candidate-subset-crossover-v9,64,membership,legacy_prepare,3,161500,ns,success
candidate-subset-crossover-v9,64,membership,legacy_prepare,4,147800,ns,success
candidate-subset-crossover-v9,64,membership,legacy_prepare,5,156400,ns,success
candidate-subset-crossover-v9,64,membership,legacy_prepare,6,155300,ns,success
candidate-subset-crossover-v9,64,membership,legacy_prepare,7,156600,ns,success
candidate-subset-crossover-v9,64,membership,legacy_prepare,8,158500,ns,success
candidate-subset-crossover-v9,64,membership,legacy_prepare,9,149000,ns,success
candidate-subset-crossover-v9,64,membership,legacy_prepare,10,149400,ns,success
candidate-subset-crossover-v9,64,membership,legacy_prepare,11,159100,ns,success
candidate-subset-crossover-v9,64,membership,legacy_prepare,12,156200,ns,success
candidate-subset-crossover-v9,64,membership,legacy_prepare,13,157800,ns,success
candidate-subset-crossover-v9,64,membership,legacy_prepare,14,156900,ns,success
candidate-subset-crossover-v9,64,membership_lookup,compact_hit,0,39302200,ns,success
candidate-subset-crossover-v9,64,membership_lookup,compact_hit,1,39268700,ns,success
candidate-subset-crossover-v9,64,membership_lookup,compact_hit,2,39161800,ns,success
candidate-subset-crossover-v9,64,membership_lookup,compact_hit,3,39089400,ns,success
candidate-subset-crossover-v9,64,membership_lookup,compact_hit,4,39138400,ns,success
candidate-subset-crossover-v9,64,membership_lookup,compact_hit,5,39149500,ns,success
candidate-subset-crossover-v9,64,membership_lookup,compact_hit,6,39258300,ns,success
candidate-subset-crossover-v9,64,membership_lookup,compact_hit,7,39446200,ns,success
candidate-subset-crossover-v9,64,membership_lookup,compact_hit,8,39369400,ns,success
candidate-subset-crossover-v9,64,membership_lookup,compact_hit,9,39468800,ns,success
candidate-subset-crossover-v9,64,membership_lookup,compact_hit,10,39257200,ns,success
candidate-subset-crossover-v9,64,membership_lookup,compact_hit,11,39201300,ns,success
candidate-subset-crossover-v9,64,membership_lookup,compact_hit,12,39357000,ns,success
candidate-subset-crossover-v9,64,membership_lookup,compact_hit,13,39147600,ns,success
candidate-subset-crossover-v9,64,membership_lookup,compact_hit,14,39420000,ns,success
candidate-subset-crossover-v9,64,membership_lookup,compact_miss,0,2553600,ns,success
candidate-subset-crossover-v9,64,membership_lookup,compact_miss,1,2563300,ns,success
candidate-subset-crossover-v9,64,membership_lookup,compact_miss,2,2583600,ns,success
candidate-subset-crossover-v9,64,membership_lookup,compact_miss,3,2560500,ns,success
candidate-subset-crossover-v9,64,membership_lookup,compact_miss,4,2556000,ns,success
candidate-subset-crossover-v9,64,membership_lookup,compact_miss,5,2553200,ns,success
candidate-subset-crossover-v9,64,membership_lookup,compact_miss,6,2556400,ns,success
candidate-subset-crossover-v9,64,membership_lookup,compact_miss,7,2633000,ns,success
candidate-subset-crossover-v9,64,membership_lookup,compact_miss,8,2599100,ns,success
candidate-subset-crossover-v9,64,membership_lookup,compact_miss,9,2559900,ns,success
candidate-subset-crossover-v9,64,membership_lookup,compact_miss,10,2577100,ns,success
candidate-subset-crossover-v9,64,membership_lookup,compact_miss,11,2564000,ns,success
candidate-subset-crossover-v9,64,membership_lookup,compact_miss,12,2572200,ns,success
candidate-subset-crossover-v9,64,membership_lookup,compact_miss,13,2560500,ns,success
candidate-subset-crossover-v9,64,membership_lookup,compact_miss,14,2563000,ns,success
candidate-subset-crossover-v9,64,membership_lookup,legacy_hit,0,1078600,ns,success
candidate-subset-crossover-v9,64,membership_lookup,legacy_hit,1,1074800,ns,success
candidate-subset-crossover-v9,64,membership_lookup,legacy_hit,2,1115800,ns,success
candidate-subset-crossover-v9,64,membership_lookup,legacy_hit,3,1078700,ns,success
candidate-subset-crossover-v9,64,membership_lookup,legacy_hit,4,1078200,ns,success
candidate-subset-crossover-v9,64,membership_lookup,legacy_hit,5,1069800,ns,success
candidate-subset-crossover-v9,64,membership_lookup,legacy_hit,6,1071400,ns,success
candidate-subset-crossover-v9,64,membership_lookup,legacy_hit,7,1071200,ns,success
candidate-subset-crossover-v9,64,membership_lookup,legacy_hit,8,1078400,ns,success
candidate-subset-crossover-v9,64,membership_lookup,legacy_hit,9,1075800,ns,success
candidate-subset-crossover-v9,64,membership_lookup,legacy_hit,10,1114500,ns,success
candidate-subset-crossover-v9,64,membership_lookup,legacy_hit,11,1074400,ns,success
candidate-subset-crossover-v9,64,membership_lookup,legacy_hit,12,1076000,ns,success
candidate-subset-crossover-v9,64,membership_lookup,legacy_hit,13,1079700,ns,success
candidate-subset-crossover-v9,64,membership_lookup,legacy_hit,14,1076900,ns,success
candidate-subset-crossover-v9,64,membership_lookup,legacy_miss,0,835000,ns,success
candidate-subset-crossover-v9,64,membership_lookup,legacy_miss,1,843100,ns,success
candidate-subset-crossover-v9,64,membership_lookup,legacy_miss,2,842600,ns,success
candidate-subset-crossover-v9,64,membership_lookup,legacy_miss,3,835000,ns,success
candidate-subset-crossover-v9,64,membership_lookup,legacy_miss,4,842400,ns,success
candidate-subset-crossover-v9,64,membership_lookup,legacy_miss,5,847200,ns,success
candidate-subset-crossover-v9,64,membership_lookup,legacy_miss,6,846700,ns,success
candidate-subset-crossover-v9,64,membership_lookup,legacy_miss,7,847700,ns,success
candidate-subset-crossover-v9,64,membership_lookup,legacy_miss,8,840600,ns,success
candidate-subset-crossover-v9,64,membership_lookup,legacy_miss,9,841500,ns,success
candidate-subset-crossover-v9,64,membership_lookup,legacy_miss,10,835000,ns,success
candidate-subset-crossover-v9,64,membership_lookup,legacy_miss,11,841100,ns,success
candidate-subset-crossover-v9,64,membership_lookup,legacy_miss,12,843200,ns,success
candidate-subset-crossover-v9,64,membership_lookup,legacy_miss,13,857600,ns,success
candidate-subset-crossover-v9,64,membership_lookup,legacy_miss,14,838100,ns,success
candidate-subset-crossover-v9,64,cuda,ordinary,0,408800,ns,success
candidate-subset-crossover-v9,64,cuda,ordinary,1,385000,ns,success
candidate-subset-crossover-v9,64,cuda,ordinary,2,387500,ns,success
candidate-subset-crossover-v9,64,cuda,ordinary,3,426000,ns,success
candidate-subset-crossover-v9,64,cuda,ordinary,4,382100,ns,success
candidate-subset-crossover-v9,64,cuda,ordinary,5,381700,ns,success
candidate-subset-crossover-v9,64,cuda,ordinary,6,376500,ns,success
candidate-subset-crossover-v9,64,cuda,ordinary,7,384600,ns,success
candidate-subset-crossover-v9,64,cuda,ordinary,8,383600,ns,success
candidate-subset-crossover-v9,64,cuda,ordinary,9,387800,ns,success
candidate-subset-crossover-v9,64,cuda,ordinary,10,370100,ns,success
candidate-subset-crossover-v9,64,cuda,ordinary,11,364400,ns,success
candidate-subset-crossover-v9,64,cuda,ordinary,12,375800,ns,success
candidate-subset-crossover-v9,64,cuda,ordinary,13,389100,ns,success
candidate-subset-crossover-v9,64,cuda,ordinary,14,404100,ns,success
candidate-subset-crossover-v9,64,cuda,first_build,0,772200,ns,success
candidate-subset-crossover-v9,64,cuda,first_build,1,779500,ns,success
candidate-subset-crossover-v9,64,cuda,first_build,2,736800,ns,success
candidate-subset-crossover-v9,64,cuda,first_build,3,816600,ns,success
candidate-subset-crossover-v9,64,cuda,first_build,4,739700,ns,success
candidate-subset-crossover-v9,64,cuda,first_build,5,740500,ns,success
candidate-subset-crossover-v9,64,cuda,first_build,6,704300,ns,success
candidate-subset-crossover-v9,64,cuda,first_build,7,737700,ns,success
candidate-subset-crossover-v9,64,cuda,first_build,8,719700,ns,success
candidate-subset-crossover-v9,64,cuda,first_build,9,752300,ns,success
candidate-subset-crossover-v9,64,cuda,first_build,10,729200,ns,success
candidate-subset-crossover-v9,64,cuda,first_build,11,726600,ns,success
candidate-subset-crossover-v9,64,cuda,first_build,12,734900,ns,success
candidate-subset-crossover-v9,64,cuda,first_build,13,774200,ns,success
candidate-subset-crossover-v9,64,cuda,first_build,14,795700,ns,success
candidate-subset-crossover-v9,64,cuda,reuse,0,136200,ns,success
candidate-subset-crossover-v9,64,cuda,reuse,1,138200,ns,success
candidate-subset-crossover-v9,64,cuda,reuse,2,134000,ns,success
candidate-subset-crossover-v9,64,cuda,reuse,3,136300,ns,success
candidate-subset-crossover-v9,64,cuda,reuse,4,140000,ns,success
candidate-subset-crossover-v9,64,cuda,reuse,5,145400,ns,success
candidate-subset-crossover-v9,64,cuda,reuse,6,137100,ns,success
candidate-subset-crossover-v9,64,cuda,reuse,7,136700,ns,success
candidate-subset-crossover-v9,64,cuda,reuse,8,136800,ns,success
candidate-subset-crossover-v9,64,cuda,reuse,9,137500,ns,success
candidate-subset-crossover-v9,64,cuda,reuse,10,131700,ns,success
candidate-subset-crossover-v9,64,cuda,reuse,11,133800,ns,success
candidate-subset-crossover-v9,64,cuda,reuse,12,193800,ns,success
candidate-subset-crossover-v9,64,cuda,reuse,13,216300,ns,success
candidate-subset-crossover-v9,64,cuda,reuse,14,143500,ns,success
candidate-subset-crossover-v9,64,crossover,retained,0,2970,bytes,success
candidate-subset-crossover-v9,64,crossover,retained,1,2970,bytes,success
candidate-subset-crossover-v9,64,crossover,retained,2,2970,bytes,success
candidate-subset-crossover-v9,64,crossover,retained,3,2970,bytes,success
candidate-subset-crossover-v9,64,crossover,retained,4,2970,bytes,success
candidate-subset-crossover-v9,64,crossover,peak,0,8635,bytes,success
candidate-subset-crossover-v9,64,crossover,peak,1,8635,bytes,success
candidate-subset-crossover-v9,64,crossover,peak,2,8635,bytes,success
candidate-subset-crossover-v9,64,crossover,peak,3,8635,bytes,success
candidate-subset-crossover-v9,64,crossover,peak,4,8635,bytes,success
candidate-subset-crossover-v9,64,membership,compact_memory_retained,0,528,bytes,success
candidate-subset-crossover-v9,64,membership,compact_memory_retained,1,528,bytes,success
candidate-subset-crossover-v9,64,membership,compact_memory_retained,2,528,bytes,success
candidate-subset-crossover-v9,64,membership,compact_memory_retained,3,528,bytes,success
candidate-subset-crossover-v9,64,membership,compact_memory_retained,4,528,bytes,success
candidate-subset-crossover-v9,64,membership,compact_memory_peak,0,576,bytes,success
candidate-subset-crossover-v9,64,membership,compact_memory_peak,1,576,bytes,success
candidate-subset-crossover-v9,64,membership,compact_memory_peak,2,576,bytes,success
candidate-subset-crossover-v9,64,membership,compact_memory_peak,3,576,bytes,success
candidate-subset-crossover-v9,64,membership,compact_memory_peak,4,576,bytes,success
candidate-subset-crossover-v9,64,membership,legacy_memory_retained,0,12458,bytes,success
candidate-subset-crossover-v9,64,membership,legacy_memory_retained,1,12458,bytes,success
candidate-subset-crossover-v9,64,membership,legacy_memory_retained,2,12458,bytes,success
candidate-subset-crossover-v9,64,membership,legacy_memory_retained,3,12458,bytes,success
candidate-subset-crossover-v9,64,membership,legacy_memory_retained,4,12458,bytes,success
candidate-subset-crossover-v9,64,membership,legacy_memory_peak,0,13186,bytes,success
candidate-subset-crossover-v9,64,membership,legacy_memory_peak,1,13186,bytes,success
candidate-subset-crossover-v9,64,membership,legacy_memory_peak,2,13186,bytes,success
candidate-subset-crossover-v9,64,membership,legacy_memory_peak,3,13186,bytes,success
candidate-subset-crossover-v9,64,membership,legacy_memory_peak,4,13186,bytes,success
candidate-subset-crossover-v9,1024,crossover,cold_prepare,0,1004900,ns,success
candidate-subset-crossover-v9,1024,crossover,cold_prepare,1,1009100,ns,success
candidate-subset-crossover-v9,1024,crossover,cold_prepare,2,999300,ns,success
candidate-subset-crossover-v9,1024,crossover,cold_prepare,3,987300,ns,success
candidate-subset-crossover-v9,1024,crossover,cold_prepare,4,989500,ns,success
candidate-subset-crossover-v9,1024,crossover,cold_prepare,5,1003100,ns,success
candidate-subset-crossover-v9,1024,crossover,cold_prepare,6,1026500,ns,success
candidate-subset-crossover-v9,1024,crossover,cold_prepare,7,1003600,ns,success
candidate-subset-crossover-v9,1024,crossover,cold_prepare,8,1003900,ns,success
candidate-subset-crossover-v9,1024,crossover,cold_prepare,9,978700,ns,success
candidate-subset-crossover-v9,1024,crossover,cold_prepare,10,989300,ns,success
candidate-subset-crossover-v9,1024,crossover,cold_prepare,11,1040400,ns,success
candidate-subset-crossover-v9,1024,crossover,cold_prepare,12,1005700,ns,success
candidate-subset-crossover-v9,1024,crossover,cold_prepare,13,1020500,ns,success
candidate-subset-crossover-v9,1024,crossover,cold_prepare,14,1004200,ns,success
candidate-subset-crossover-v9,1024,crossover,warm_prepare,0,895800,ns,success
candidate-subset-crossover-v9,1024,crossover,warm_prepare,1,887100,ns,success
candidate-subset-crossover-v9,1024,crossover,warm_prepare,2,918600,ns,success
candidate-subset-crossover-v9,1024,crossover,warm_prepare,3,874100,ns,success
candidate-subset-crossover-v9,1024,crossover,warm_prepare,4,928600,ns,success
candidate-subset-crossover-v9,1024,crossover,warm_prepare,5,899400,ns,success
candidate-subset-crossover-v9,1024,crossover,warm_prepare,6,929900,ns,success
candidate-subset-crossover-v9,1024,crossover,warm_prepare,7,918200,ns,success
candidate-subset-crossover-v9,1024,crossover,warm_prepare,8,876600,ns,success
candidate-subset-crossover-v9,1024,crossover,warm_prepare,9,940900,ns,success
candidate-subset-crossover-v9,1024,crossover,warm_prepare,10,893100,ns,success
candidate-subset-crossover-v9,1024,crossover,warm_prepare,11,924900,ns,success
candidate-subset-crossover-v9,1024,crossover,warm_prepare,12,919300,ns,success
candidate-subset-crossover-v9,1024,crossover,warm_prepare,13,882000,ns,success
candidate-subset-crossover-v9,1024,crossover,warm_prepare,14,925800,ns,success
candidate-subset-crossover-v9,1024,membership,compact_prepare,0,7800,ns,success
candidate-subset-crossover-v9,1024,membership,compact_prepare,1,8000,ns,success
candidate-subset-crossover-v9,1024,membership,compact_prepare,2,8100,ns,success
candidate-subset-crossover-v9,1024,membership,compact_prepare,3,8300,ns,success
candidate-subset-crossover-v9,1024,membership,compact_prepare,4,8000,ns,success
candidate-subset-crossover-v9,1024,membership,compact_prepare,5,7800,ns,success
candidate-subset-crossover-v9,1024,membership,compact_prepare,6,8300,ns,success
candidate-subset-crossover-v9,1024,membership,compact_prepare,7,7900,ns,success
candidate-subset-crossover-v9,1024,membership,compact_prepare,8,7800,ns,success
candidate-subset-crossover-v9,1024,membership,compact_prepare,9,8100,ns,success
candidate-subset-crossover-v9,1024,membership,compact_prepare,10,7900,ns,success
candidate-subset-crossover-v9,1024,membership,compact_prepare,11,7900,ns,success
candidate-subset-crossover-v9,1024,membership,compact_prepare,12,7900,ns,success
candidate-subset-crossover-v9,1024,membership,compact_prepare,13,8100,ns,success
candidate-subset-crossover-v9,1024,membership,compact_prepare,14,7800,ns,success
candidate-subset-crossover-v9,1024,membership,legacy_prepare,0,2321000,ns,success
candidate-subset-crossover-v9,1024,membership,legacy_prepare,1,2430100,ns,success
candidate-subset-crossover-v9,1024,membership,legacy_prepare,2,2395500,ns,success
candidate-subset-crossover-v9,1024,membership,legacy_prepare,3,2363000,ns,success
candidate-subset-crossover-v9,1024,membership,legacy_prepare,4,2348400,ns,success
candidate-subset-crossover-v9,1024,membership,legacy_prepare,5,2418300,ns,success
candidate-subset-crossover-v9,1024,membership,legacy_prepare,6,2366900,ns,success
candidate-subset-crossover-v9,1024,membership,legacy_prepare,7,2441800,ns,success
candidate-subset-crossover-v9,1024,membership,legacy_prepare,8,2374100,ns,success
candidate-subset-crossover-v9,1024,membership,legacy_prepare,9,2438300,ns,success
candidate-subset-crossover-v9,1024,membership,legacy_prepare,10,2408400,ns,success
candidate-subset-crossover-v9,1024,membership,legacy_prepare,11,2373000,ns,success
candidate-subset-crossover-v9,1024,membership,legacy_prepare,12,2361800,ns,success
candidate-subset-crossover-v9,1024,membership,legacy_prepare,13,2399100,ns,success
candidate-subset-crossover-v9,1024,membership,legacy_prepare,14,2381100,ns,success
candidate-subset-crossover-v9,1024,membership_lookup,compact_hit,0,54965400,ns,success
candidate-subset-crossover-v9,1024,membership_lookup,compact_hit,1,54714500,ns,success
candidate-subset-crossover-v9,1024,membership_lookup,compact_hit,2,54693600,ns,success
candidate-subset-crossover-v9,1024,membership_lookup,compact_hit,3,54464100,ns,success
candidate-subset-crossover-v9,1024,membership_lookup,compact_hit,4,54520900,ns,success
candidate-subset-crossover-v9,1024,membership_lookup,compact_hit,5,54398800,ns,success
candidate-subset-crossover-v9,1024,membership_lookup,compact_hit,6,54289400,ns,success
candidate-subset-crossover-v9,1024,membership_lookup,compact_hit,7,54255600,ns,success
candidate-subset-crossover-v9,1024,membership_lookup,compact_hit,8,54538900,ns,success
candidate-subset-crossover-v9,1024,membership_lookup,compact_hit,9,54642000,ns,success
candidate-subset-crossover-v9,1024,membership_lookup,compact_hit,10,54342000,ns,success
candidate-subset-crossover-v9,1024,membership_lookup,compact_hit,11,54549500,ns,success
candidate-subset-crossover-v9,1024,membership_lookup,compact_hit,12,54450800,ns,success
candidate-subset-crossover-v9,1024,membership_lookup,compact_hit,13,54384100,ns,success
candidate-subset-crossover-v9,1024,membership_lookup,compact_hit,14,54550200,ns,success
candidate-subset-crossover-v9,1024,membership_lookup,compact_miss,0,2575500,ns,success
candidate-subset-crossover-v9,1024,membership_lookup,compact_miss,1,2605900,ns,success
candidate-subset-crossover-v9,1024,membership_lookup,compact_miss,2,2583700,ns,success
candidate-subset-crossover-v9,1024,membership_lookup,compact_miss,3,2634200,ns,success
candidate-subset-crossover-v9,1024,membership_lookup,compact_miss,4,2610800,ns,success
candidate-subset-crossover-v9,1024,membership_lookup,compact_miss,5,2586800,ns,success
candidate-subset-crossover-v9,1024,membership_lookup,compact_miss,6,2614800,ns,success
candidate-subset-crossover-v9,1024,membership_lookup,compact_miss,7,2580800,ns,success
candidate-subset-crossover-v9,1024,membership_lookup,compact_miss,8,2574800,ns,success
candidate-subset-crossover-v9,1024,membership_lookup,compact_miss,9,2583700,ns,success
candidate-subset-crossover-v9,1024,membership_lookup,compact_miss,10,2576300,ns,success
candidate-subset-crossover-v9,1024,membership_lookup,compact_miss,11,2574400,ns,success
candidate-subset-crossover-v9,1024,membership_lookup,compact_miss,12,2596700,ns,success
candidate-subset-crossover-v9,1024,membership_lookup,compact_miss,13,2571800,ns,success
candidate-subset-crossover-v9,1024,membership_lookup,compact_miss,14,2641600,ns,success
candidate-subset-crossover-v9,1024,membership_lookup,legacy_hit,0,1089100,ns,success
candidate-subset-crossover-v9,1024,membership_lookup,legacy_hit,1,1123000,ns,success
candidate-subset-crossover-v9,1024,membership_lookup,legacy_hit,2,1089100,ns,success
candidate-subset-crossover-v9,1024,membership_lookup,legacy_hit,3,1088000,ns,success
candidate-subset-crossover-v9,1024,membership_lookup,legacy_hit,4,1084200,ns,success
candidate-subset-crossover-v9,1024,membership_lookup,legacy_hit,5,1094800,ns,success
candidate-subset-crossover-v9,1024,membership_lookup,legacy_hit,6,1087900,ns,success
candidate-subset-crossover-v9,1024,membership_lookup,legacy_hit,7,1091200,ns,success
candidate-subset-crossover-v9,1024,membership_lookup,legacy_hit,8,1103300,ns,success
candidate-subset-crossover-v9,1024,membership_lookup,legacy_hit,9,1083900,ns,success
candidate-subset-crossover-v9,1024,membership_lookup,legacy_hit,10,1088500,ns,success
candidate-subset-crossover-v9,1024,membership_lookup,legacy_hit,11,1090700,ns,success
candidate-subset-crossover-v9,1024,membership_lookup,legacy_hit,12,1123000,ns,success
candidate-subset-crossover-v9,1024,membership_lookup,legacy_hit,13,1084600,ns,success
candidate-subset-crossover-v9,1024,membership_lookup,legacy_hit,14,1078200,ns,success
candidate-subset-crossover-v9,1024,membership_lookup,legacy_miss,0,831200,ns,success
candidate-subset-crossover-v9,1024,membership_lookup,legacy_miss,1,832300,ns,success
candidate-subset-crossover-v9,1024,membership_lookup,legacy_miss,2,844000,ns,success
candidate-subset-crossover-v9,1024,membership_lookup,legacy_miss,3,834200,ns,success
candidate-subset-crossover-v9,1024,membership_lookup,legacy_miss,4,838600,ns,success
candidate-subset-crossover-v9,1024,membership_lookup,legacy_miss,5,839300,ns,success
candidate-subset-crossover-v9,1024,membership_lookup,legacy_miss,6,841300,ns,success
candidate-subset-crossover-v9,1024,membership_lookup,legacy_miss,7,839100,ns,success
candidate-subset-crossover-v9,1024,membership_lookup,legacy_miss,8,834600,ns,success
candidate-subset-crossover-v9,1024,membership_lookup,legacy_miss,9,845000,ns,success
candidate-subset-crossover-v9,1024,membership_lookup,legacy_miss,10,870800,ns,success
candidate-subset-crossover-v9,1024,membership_lookup,legacy_miss,11,833900,ns,success
candidate-subset-crossover-v9,1024,membership_lookup,legacy_miss,12,837600,ns,success
candidate-subset-crossover-v9,1024,membership_lookup,legacy_miss,13,837000,ns,success
candidate-subset-crossover-v9,1024,membership_lookup,legacy_miss,14,842500,ns,success
candidate-subset-crossover-v9,1024,cuda,ordinary,0,1892200,ns,success
candidate-subset-crossover-v9,1024,cuda,ordinary,1,1903800,ns,success
candidate-subset-crossover-v9,1024,cuda,ordinary,2,1947100,ns,success
candidate-subset-crossover-v9,1024,cuda,ordinary,3,1920500,ns,success
candidate-subset-crossover-v9,1024,cuda,ordinary,4,1905500,ns,success
candidate-subset-crossover-v9,1024,cuda,ordinary,5,1876100,ns,success
candidate-subset-crossover-v9,1024,cuda,ordinary,6,1863500,ns,success
candidate-subset-crossover-v9,1024,cuda,ordinary,7,1853700,ns,success
candidate-subset-crossover-v9,1024,cuda,ordinary,8,1849600,ns,success
candidate-subset-crossover-v9,1024,cuda,ordinary,9,1884000,ns,success
candidate-subset-crossover-v9,1024,cuda,ordinary,10,1893200,ns,success
candidate-subset-crossover-v9,1024,cuda,ordinary,11,1918800,ns,success
candidate-subset-crossover-v9,1024,cuda,ordinary,12,1879800,ns,success
candidate-subset-crossover-v9,1024,cuda,ordinary,13,1848700,ns,success
candidate-subset-crossover-v9,1024,cuda,ordinary,14,1857800,ns,success
candidate-subset-crossover-v9,1024,cuda,first_build,0,778500,ns,success
candidate-subset-crossover-v9,1024,cuda,first_build,1,871500,ns,success
candidate-subset-crossover-v9,1024,cuda,first_build,2,771600,ns,success
candidate-subset-crossover-v9,1024,cuda,first_build,3,810400,ns,success
candidate-subset-crossover-v9,1024,cuda,first_build,4,795700,ns,success
candidate-subset-crossover-v9,1024,cuda,first_build,5,763200,ns,success
candidate-subset-crossover-v9,1024,cuda,first_build,6,827700,ns,success
candidate-subset-crossover-v9,1024,cuda,first_build,7,801500,ns,success
candidate-subset-crossover-v9,1024,cuda,first_build,8,881500,ns,success
candidate-subset-crossover-v9,1024,cuda,first_build,9,846800,ns,success
candidate-subset-crossover-v9,1024,cuda,first_build,10,832100,ns,success
candidate-subset-crossover-v9,1024,cuda,first_build,11,784500,ns,success
candidate-subset-crossover-v9,1024,cuda,first_build,12,756700,ns,success
candidate-subset-crossover-v9,1024,cuda,first_build,13,775200,ns,success
candidate-subset-crossover-v9,1024,cuda,first_build,14,747400,ns,success
candidate-subset-crossover-v9,1024,cuda,reuse,0,148200,ns,success
candidate-subset-crossover-v9,1024,cuda,reuse,1,148600,ns,success
candidate-subset-crossover-v9,1024,cuda,reuse,2,209700,ns,success
candidate-subset-crossover-v9,1024,cuda,reuse,3,152500,ns,success
candidate-subset-crossover-v9,1024,cuda,reuse,4,146700,ns,success
candidate-subset-crossover-v9,1024,cuda,reuse,5,141800,ns,success
candidate-subset-crossover-v9,1024,cuda,reuse,6,141900,ns,success
candidate-subset-crossover-v9,1024,cuda,reuse,7,140400,ns,success
candidate-subset-crossover-v9,1024,cuda,reuse,8,143200,ns,success
candidate-subset-crossover-v9,1024,cuda,reuse,9,141000,ns,success
candidate-subset-crossover-v9,1024,cuda,reuse,10,223400,ns,success
candidate-subset-crossover-v9,1024,cuda,reuse,11,150100,ns,success
candidate-subset-crossover-v9,1024,cuda,reuse,12,144900,ns,success
candidate-subset-crossover-v9,1024,cuda,reuse,13,140200,ns,success
candidate-subset-crossover-v9,1024,cuda,reuse,14,144800,ns,success
candidate-subset-crossover-v9,1024,crossover,retained,0,10746,bytes,success
candidate-subset-crossover-v9,1024,crossover,retained,1,10746,bytes,success
candidate-subset-crossover-v9,1024,crossover,retained,2,10746,bytes,success
candidate-subset-crossover-v9,1024,crossover,retained,3,10746,bytes,success
candidate-subset-crossover-v9,1024,crossover,retained,4,10746,bytes,success
candidate-subset-crossover-v9,1024,crossover,peak,0,13626,bytes,success
candidate-subset-crossover-v9,1024,crossover,peak,1,13626,bytes,success
candidate-subset-crossover-v9,1024,crossover,peak,2,13626,bytes,success
candidate-subset-crossover-v9,1024,crossover,peak,3,13626,bytes,success
candidate-subset-crossover-v9,1024,crossover,peak,4,13626,bytes,success
candidate-subset-crossover-v9,1024,membership,compact_memory_retained,0,528,bytes,success
candidate-subset-crossover-v9,1024,membership,compact_memory_retained,1,528,bytes,success
candidate-subset-crossover-v9,1024,membership,compact_memory_retained,2,528,bytes,success
candidate-subset-crossover-v9,1024,membership,compact_memory_retained,3,528,bytes,success
candidate-subset-crossover-v9,1024,membership,compact_memory_retained,4,528,bytes,success
candidate-subset-crossover-v9,1024,membership,compact_memory_peak,0,576,bytes,success
candidate-subset-crossover-v9,1024,membership,compact_memory_peak,1,576,bytes,success
candidate-subset-crossover-v9,1024,membership,compact_memory_peak,2,576,bytes,success
candidate-subset-crossover-v9,1024,membership,compact_memory_peak,3,576,bytes,success
candidate-subset-crossover-v9,1024,membership,compact_memory_peak,4,576,bytes,success
candidate-subset-crossover-v9,1024,membership,legacy_memory_retained,0,189154,bytes,success
candidate-subset-crossover-v9,1024,membership,legacy_memory_retained,1,189154,bytes,success
candidate-subset-crossover-v9,1024,membership,legacy_memory_retained,2,189154,bytes,success
candidate-subset-crossover-v9,1024,membership,legacy_memory_retained,3,189154,bytes,success
candidate-subset-crossover-v9,1024,membership,legacy_memory_retained,4,189154,bytes,success
candidate-subset-crossover-v9,1024,membership,legacy_memory_peak,0,189882,bytes,success
candidate-subset-crossover-v9,1024,membership,legacy_memory_peak,1,189882,bytes,success
candidate-subset-crossover-v9,1024,membership,legacy_memory_peak,2,189882,bytes,success
candidate-subset-crossover-v9,1024,membership,legacy_memory_peak,3,189882,bytes,success
candidate-subset-crossover-v9,1024,membership,legacy_memory_peak,4,189882,bytes,success
candidate-subset-crossover-v9,59049,crossover,cold_prepare,0,45835600,ns,success
candidate-subset-crossover-v9,59049,crossover,cold_prepare,1,45420700,ns,success
candidate-subset-crossover-v9,59049,crossover,cold_prepare,2,45696700,ns,success
candidate-subset-crossover-v9,59049,crossover,cold_prepare,3,46197000,ns,success
candidate-subset-crossover-v9,59049,crossover,cold_prepare,4,45838000,ns,success
candidate-subset-crossover-v9,59049,crossover,cold_prepare,5,45926200,ns,success
candidate-subset-crossover-v9,59049,crossover,cold_prepare,6,45738800,ns,success
candidate-subset-crossover-v9,59049,crossover,cold_prepare,7,45487100,ns,success
candidate-subset-crossover-v9,59049,crossover,cold_prepare,8,46175200,ns,success
candidate-subset-crossover-v9,59049,crossover,cold_prepare,9,45576100,ns,success
candidate-subset-crossover-v9,59049,crossover,cold_prepare,10,45576900,ns,success
candidate-subset-crossover-v9,59049,crossover,cold_prepare,11,45769800,ns,success
candidate-subset-crossover-v9,59049,crossover,cold_prepare,12,46427500,ns,success
candidate-subset-crossover-v9,59049,crossover,cold_prepare,13,47408600,ns,success
candidate-subset-crossover-v9,59049,crossover,cold_prepare,14,45705300,ns,success
candidate-subset-crossover-v9,59049,crossover,warm_prepare,0,46580900,ns,success
candidate-subset-crossover-v9,59049,crossover,warm_prepare,1,46237000,ns,success
candidate-subset-crossover-v9,59049,crossover,warm_prepare,2,46629400,ns,success
candidate-subset-crossover-v9,59049,crossover,warm_prepare,3,46235600,ns,success
candidate-subset-crossover-v9,59049,crossover,warm_prepare,4,46269600,ns,success
candidate-subset-crossover-v9,59049,crossover,warm_prepare,5,46373500,ns,success
candidate-subset-crossover-v9,59049,crossover,warm_prepare,6,46392400,ns,success
candidate-subset-crossover-v9,59049,crossover,warm_prepare,7,46211000,ns,success
candidate-subset-crossover-v9,59049,crossover,warm_prepare,8,46293800,ns,success
candidate-subset-crossover-v9,59049,crossover,warm_prepare,9,46353500,ns,success
candidate-subset-crossover-v9,59049,crossover,warm_prepare,10,46606600,ns,success
candidate-subset-crossover-v9,59049,crossover,warm_prepare,11,46413900,ns,success
candidate-subset-crossover-v9,59049,crossover,warm_prepare,12,46237400,ns,success
candidate-subset-crossover-v9,59049,crossover,warm_prepare,13,46251500,ns,success
candidate-subset-crossover-v9,59049,crossover,warm_prepare,14,46269400,ns,success
candidate-subset-crossover-v9,59049,membership,compact_prepare,0,9400,ns,success
candidate-subset-crossover-v9,59049,membership,compact_prepare,1,10500,ns,success
candidate-subset-crossover-v9,59049,membership,compact_prepare,2,10800,ns,success
candidate-subset-crossover-v9,59049,membership,compact_prepare,3,12900,ns,success
candidate-subset-crossover-v9,59049,membership,compact_prepare,4,10900,ns,success
candidate-subset-crossover-v9,59049,membership,compact_prepare,5,12600,ns,success
candidate-subset-crossover-v9,59049,membership,compact_prepare,6,15800,ns,success
candidate-subset-crossover-v9,59049,membership,compact_prepare,7,16800,ns,success
candidate-subset-crossover-v9,59049,membership,compact_prepare,8,11100,ns,success
candidate-subset-crossover-v9,59049,membership,compact_prepare,9,12900,ns,success
candidate-subset-crossover-v9,59049,membership,compact_prepare,10,14000,ns,success
candidate-subset-crossover-v9,59049,membership,compact_prepare,11,13400,ns,success
candidate-subset-crossover-v9,59049,membership,compact_prepare,12,14100,ns,success
candidate-subset-crossover-v9,59049,membership,compact_prepare,13,24000,ns,success
candidate-subset-crossover-v9,59049,membership,compact_prepare,14,16100,ns,success
candidate-subset-crossover-v9,59049,membership,legacy_prepare,0,139342400,ns,success
candidate-subset-crossover-v9,59049,membership,legacy_prepare,1,150008700,ns,success
candidate-subset-crossover-v9,59049,membership,legacy_prepare,2,149251900,ns,success
candidate-subset-crossover-v9,59049,membership,legacy_prepare,3,148945500,ns,success
candidate-subset-crossover-v9,59049,membership,legacy_prepare,4,151629000,ns,success
candidate-subset-crossover-v9,59049,membership,legacy_prepare,5,151027900,ns,success
candidate-subset-crossover-v9,59049,membership,legacy_prepare,6,149810800,ns,success
candidate-subset-crossover-v9,59049,membership,legacy_prepare,7,149783100,ns,success
candidate-subset-crossover-v9,59049,membership,legacy_prepare,8,148445000,ns,success
candidate-subset-crossover-v9,59049,membership,legacy_prepare,9,147042100,ns,success
candidate-subset-crossover-v9,59049,membership,legacy_prepare,10,147350300,ns,success
candidate-subset-crossover-v9,59049,membership,legacy_prepare,11,147598500,ns,success
candidate-subset-crossover-v9,59049,membership,legacy_prepare,12,147276400,ns,success
candidate-subset-crossover-v9,59049,membership,legacy_prepare,13,149591800,ns,success
candidate-subset-crossover-v9,59049,membership,legacy_prepare,14,149318100,ns,success
candidate-subset-crossover-v9,59049,membership_lookup,compact_hit,0,71921600,ns,success
candidate-subset-crossover-v9,59049,membership_lookup,compact_hit,1,71273300,ns,success
candidate-subset-crossover-v9,59049,membership_lookup,compact_hit,2,71140200,ns,success
candidate-subset-crossover-v9,59049,membership_lookup,compact_hit,3,70940900,ns,success
candidate-subset-crossover-v9,59049,membership_lookup,compact_hit,4,70971200,ns,success
candidate-subset-crossover-v9,59049,membership_lookup,compact_hit,5,71086700,ns,success
candidate-subset-crossover-v9,59049,membership_lookup,compact_hit,6,70954700,ns,success
candidate-subset-crossover-v9,59049,membership_lookup,compact_hit,7,70774600,ns,success
candidate-subset-crossover-v9,59049,membership_lookup,compact_hit,8,71101800,ns,success
candidate-subset-crossover-v9,59049,membership_lookup,compact_hit,9,71115400,ns,success
candidate-subset-crossover-v9,59049,membership_lookup,compact_hit,10,71002600,ns,success
candidate-subset-crossover-v9,59049,membership_lookup,compact_hit,11,70747600,ns,success
candidate-subset-crossover-v9,59049,membership_lookup,compact_hit,12,70947700,ns,success
candidate-subset-crossover-v9,59049,membership_lookup,compact_hit,13,70815500,ns,success
candidate-subset-crossover-v9,59049,membership_lookup,compact_hit,14,71083500,ns,success
candidate-subset-crossover-v9,59049,membership_lookup,compact_miss,0,2578400,ns,success
candidate-subset-crossover-v9,59049,membership_lookup,compact_miss,1,2571600,ns,success
candidate-subset-crossover-v9,59049,membership_lookup,compact_miss,2,2584700,ns,success
candidate-subset-crossover-v9,59049,membership_lookup,compact_miss,3,2617500,ns,success
candidate-subset-crossover-v9,59049,membership_lookup,compact_miss,4,2577400,ns,success
candidate-subset-crossover-v9,59049,membership_lookup,compact_miss,5,2582400,ns,success
candidate-subset-crossover-v9,59049,membership_lookup,compact_miss,6,2621800,ns,success
candidate-subset-crossover-v9,59049,membership_lookup,compact_miss,7,2576000,ns,success
candidate-subset-crossover-v9,59049,membership_lookup,compact_miss,8,2639300,ns,success
candidate-subset-crossover-v9,59049,membership_lookup,compact_miss,9,2582200,ns,success
candidate-subset-crossover-v9,59049,membership_lookup,compact_miss,10,2637800,ns,success
candidate-subset-crossover-v9,59049,membership_lookup,compact_miss,11,2580400,ns,success
candidate-subset-crossover-v9,59049,membership_lookup,compact_miss,12,2579000,ns,success
candidate-subset-crossover-v9,59049,membership_lookup,compact_miss,13,2580700,ns,success
candidate-subset-crossover-v9,59049,membership_lookup,compact_miss,14,2583100,ns,success
candidate-subset-crossover-v9,59049,membership_lookup,legacy_hit,0,1192300,ns,success
candidate-subset-crossover-v9,59049,membership_lookup,legacy_hit,1,1082300,ns,success
candidate-subset-crossover-v9,59049,membership_lookup,legacy_hit,2,1091700,ns,success
candidate-subset-crossover-v9,59049,membership_lookup,legacy_hit,3,1084100,ns,success
candidate-subset-crossover-v9,59049,membership_lookup,legacy_hit,4,1126700,ns,success
candidate-subset-crossover-v9,59049,membership_lookup,legacy_hit,5,1085300,ns,success
candidate-subset-crossover-v9,59049,membership_lookup,legacy_hit,6,1096200,ns,success
candidate-subset-crossover-v9,59049,membership_lookup,legacy_hit,7,1076900,ns,success
candidate-subset-crossover-v9,59049,membership_lookup,legacy_hit,8,1084100,ns,success
candidate-subset-crossover-v9,59049,membership_lookup,legacy_hit,9,1075300,ns,success
candidate-subset-crossover-v9,59049,membership_lookup,legacy_hit,10,1081700,ns,success
candidate-subset-crossover-v9,59049,membership_lookup,legacy_hit,11,1074600,ns,success
candidate-subset-crossover-v9,59049,membership_lookup,legacy_hit,12,1085500,ns,success
candidate-subset-crossover-v9,59049,membership_lookup,legacy_hit,13,1085700,ns,success
candidate-subset-crossover-v9,59049,membership_lookup,legacy_hit,14,1076700,ns,success
candidate-subset-crossover-v9,59049,membership_lookup,legacy_miss,0,824100,ns,success
candidate-subset-crossover-v9,59049,membership_lookup,legacy_miss,1,819600,ns,success
candidate-subset-crossover-v9,59049,membership_lookup,legacy_miss,2,854000,ns,success
candidate-subset-crossover-v9,59049,membership_lookup,legacy_miss,3,820300,ns,success
candidate-subset-crossover-v9,59049,membership_lookup,legacy_miss,4,863900,ns,success
candidate-subset-crossover-v9,59049,membership_lookup,legacy_miss,5,821900,ns,success
candidate-subset-crossover-v9,59049,membership_lookup,legacy_miss,6,819000,ns,success
candidate-subset-crossover-v9,59049,membership_lookup,legacy_miss,7,820400,ns,success
candidate-subset-crossover-v9,59049,membership_lookup,legacy_miss,8,819900,ns,success
candidate-subset-crossover-v9,59049,membership_lookup,legacy_miss,9,832800,ns,success
candidate-subset-crossover-v9,59049,membership_lookup,legacy_miss,10,822200,ns,success
candidate-subset-crossover-v9,59049,membership_lookup,legacy_miss,11,831000,ns,success
candidate-subset-crossover-v9,59049,membership_lookup,legacy_miss,12,826800,ns,success
candidate-subset-crossover-v9,59049,membership_lookup,legacy_miss,13,822600,ns,success
candidate-subset-crossover-v9,59049,membership_lookup,legacy_miss,14,835600,ns,success
candidate-subset-crossover-v9,59049,cuda,ordinary,0,90508800,ns,success
candidate-subset-crossover-v9,59049,cuda,ordinary,1,90640400,ns,success
candidate-subset-crossover-v9,59049,cuda,ordinary,2,90970700,ns,success
candidate-subset-crossover-v9,59049,cuda,ordinary,3,90935500,ns,success
candidate-subset-crossover-v9,59049,cuda,ordinary,4,90805900,ns,success
candidate-subset-crossover-v9,59049,cuda,ordinary,5,90889700,ns,success
candidate-subset-crossover-v9,59049,cuda,ordinary,6,91272000,ns,success
candidate-subset-crossover-v9,59049,cuda,ordinary,7,90725000,ns,success
candidate-subset-crossover-v9,59049,cuda,ordinary,8,90585700,ns,success
candidate-subset-crossover-v9,59049,cuda,ordinary,9,91114700,ns,success
candidate-subset-crossover-v9,59049,cuda,ordinary,10,91048500,ns,success
candidate-subset-crossover-v9,59049,cuda,ordinary,11,90706800,ns,success
candidate-subset-crossover-v9,59049,cuda,ordinary,12,90551100,ns,success
candidate-subset-crossover-v9,59049,cuda,ordinary,13,91272900,ns,success
candidate-subset-crossover-v9,59049,cuda,ordinary,14,90476700,ns,success
candidate-subset-crossover-v9,59049,cuda,first_build,0,759800,ns,success
candidate-subset-crossover-v9,59049,cuda,first_build,1,747900,ns,success
candidate-subset-crossover-v9,59049,cuda,first_build,2,727000,ns,success
candidate-subset-crossover-v9,59049,cuda,first_build,3,914100,ns,success
candidate-subset-crossover-v9,59049,cuda,first_build,4,746400,ns,success
candidate-subset-crossover-v9,59049,cuda,first_build,5,673100,ns,success
candidate-subset-crossover-v9,59049,cuda,first_build,6,671900,ns,success
candidate-subset-crossover-v9,59049,cuda,first_build,7,682800,ns,success
candidate-subset-crossover-v9,59049,cuda,first_build,8,733100,ns,success
candidate-subset-crossover-v9,59049,cuda,first_build,9,818800,ns,success
candidate-subset-crossover-v9,59049,cuda,first_build,10,965600,ns,success
candidate-subset-crossover-v9,59049,cuda,first_build,11,868400,ns,success
candidate-subset-crossover-v9,59049,cuda,first_build,12,705100,ns,success
candidate-subset-crossover-v9,59049,cuda,first_build,13,924200,ns,success
candidate-subset-crossover-v9,59049,cuda,first_build,14,764400,ns,success
candidate-subset-crossover-v9,59049,cuda,reuse,0,264100,ns,success
candidate-subset-crossover-v9,59049,cuda,reuse,1,256900,ns,success
candidate-subset-crossover-v9,59049,cuda,reuse,2,294100,ns,success
candidate-subset-crossover-v9,59049,cuda,reuse,3,303400,ns,success
candidate-subset-crossover-v9,59049,cuda,reuse,4,290700,ns,success
candidate-subset-crossover-v9,59049,cuda,reuse,5,297900,ns,success
candidate-subset-crossover-v9,59049,cuda,reuse,6,301500,ns,success
candidate-subset-crossover-v9,59049,cuda,reuse,7,276600,ns,success
candidate-subset-crossover-v9,59049,cuda,reuse,8,259300,ns,success
candidate-subset-crossover-v9,59049,cuda,reuse,9,292200,ns,success
candidate-subset-crossover-v9,59049,cuda,reuse,10,257000,ns,success
candidate-subset-crossover-v9,59049,cuda,reuse,11,265100,ns,success
candidate-subset-crossover-v9,59049,cuda,reuse,12,238900,ns,success
candidate-subset-crossover-v9,59049,cuda,reuse,13,288000,ns,success
candidate-subset-crossover-v9,59049,cuda,reuse,14,240500,ns,success
candidate-subset-crossover-v9,59049,crossover,retained,0,474978,bytes,success
candidate-subset-crossover-v9,59049,crossover,retained,1,474978,bytes,success
candidate-subset-crossover-v9,59049,crossover,retained,2,474978,bytes,success
candidate-subset-crossover-v9,59049,crossover,retained,3,474978,bytes,success
candidate-subset-crossover-v9,59049,crossover,retained,4,474978,bytes,success
candidate-subset-crossover-v9,59049,crossover,peak,0,710126,bytes,success
candidate-subset-crossover-v9,59049,crossover,peak,1,710126,bytes,success
candidate-subset-crossover-v9,59049,crossover,peak,2,710126,bytes,success
candidate-subset-crossover-v9,59049,crossover,peak,3,710126,bytes,success
candidate-subset-crossover-v9,59049,crossover,peak,4,710126,bytes,success
candidate-subset-crossover-v9,59049,membership,compact_memory_retained,0,528,bytes,success
candidate-subset-crossover-v9,59049,membership,compact_memory_retained,1,528,bytes,success
candidate-subset-crossover-v9,59049,membership,compact_memory_retained,2,528,bytes,success
candidate-subset-crossover-v9,59049,membership,compact_memory_retained,3,528,bytes,success
candidate-subset-crossover-v9,59049,membership,compact_memory_retained,4,528,bytes,success
candidate-subset-crossover-v9,59049,membership,compact_memory_peak,0,576,bytes,success
candidate-subset-crossover-v9,59049,membership,compact_memory_peak,1,576,bytes,success
candidate-subset-crossover-v9,59049,membership,compact_memory_peak,2,576,bytes,success
candidate-subset-crossover-v9,59049,membership,compact_memory_peak,3,576,bytes,success
candidate-subset-crossover-v9,59049,membership,compact_memory_peak,4,576,bytes,success
candidate-subset-crossover-v9,59049,membership,legacy_memory_retained,0,11180412,bytes,success
candidate-subset-crossover-v9,59049,membership,legacy_memory_retained,1,11180412,bytes,success
candidate-subset-crossover-v9,59049,membership,legacy_memory_retained,2,11180412,bytes,success
candidate-subset-crossover-v9,59049,membership,legacy_memory_retained,3,11180412,bytes,success
candidate-subset-crossover-v9,59049,membership,legacy_memory_retained,4,11180412,bytes,success
candidate-subset-crossover-v9,59049,membership,legacy_memory_peak,0,11181140,bytes,success
candidate-subset-crossover-v9,59049,membership,legacy_memory_peak,1,11181140,bytes,success
candidate-subset-crossover-v9,59049,membership,legacy_memory_peak,2,11181140,bytes,success
candidate-subset-crossover-v9,59049,membership,legacy_memory_peak,3,11181140,bytes,success
candidate-subset-crossover-v9,59049,membership,legacy_memory_peak,4,11181140,bytes,success
subset-proof-v1,0,legacy,total,0,4400,ns,success
subset-proof-v1,0,legacy,total,1,3300,ns,success
subset-proof-v1,0,legacy,total,2,2600,ns,success
subset-proof-v1,0,legacy,total,3,2200,ns,success
subset-proof-v1,0,legacy,total,4,2300,ns,success
subset-proof-v1,0,legacy,total,5,2200,ns,success
subset-proof-v1,0,legacy,total,6,2300,ns,success
subset-proof-v1,0,legacy,total,7,2200,ns,success
subset-proof-v1,0,legacy,total,8,2300,ns,success
subset-proof-v1,0,legacy,total,9,2100,ns,success
subset-proof-v1,0,legacy,total,10,2200,ns,success
subset-proof-v1,0,legacy,total,11,2100,ns,success
subset-proof-v1,0,legacy,total,12,2100,ns,success
subset-proof-v1,0,legacy,total,13,6700,ns,success
subset-proof-v1,0,legacy,total,14,2400,ns,success
subset-proof-v1,0,legacy,retained,0,704,bytes,success
subset-proof-v1,0,legacy,retained,1,704,bytes,success
subset-proof-v1,0,legacy,retained,2,704,bytes,success
subset-proof-v1,0,legacy,retained,3,704,bytes,success
subset-proof-v1,0,legacy,retained,4,704,bytes,success
subset-proof-v1,0,legacy,peak,0,960,bytes,success
subset-proof-v1,0,legacy,peak,1,960,bytes,success
subset-proof-v1,0,legacy,peak,2,960,bytes,success
subset-proof-v1,0,legacy,peak,3,960,bytes,success
subset-proof-v1,0,legacy,peak,4,960,bytes,success
subset-proof-v1,0,proof,total,0,7500,ns,success
subset-proof-v1,0,proof,total,1,5500,ns,success
subset-proof-v1,0,proof,total,2,4700,ns,success
subset-proof-v1,0,proof,total,3,4400,ns,success
subset-proof-v1,0,proof,total,4,4300,ns,success
subset-proof-v1,0,proof,total,5,4300,ns,success
subset-proof-v1,0,proof,total,6,4400,ns,success
subset-proof-v1,0,proof,total,7,4200,ns,success
subset-proof-v1,0,proof,total,8,4400,ns,success
subset-proof-v1,0,proof,total,9,4200,ns,success
subset-proof-v1,0,proof,total,10,4300,ns,success
subset-proof-v1,0,proof,total,11,4100,ns,success
subset-proof-v1,0,proof,total,12,4200,ns,success
subset-proof-v1,0,proof,total,13,4200,ns,success
subset-proof-v1,0,proof,total,14,4200,ns,success
subset-proof-v1,0,proof,retained,0,848,bytes,success
subset-proof-v1,0,proof,retained,1,848,bytes,success
subset-proof-v1,0,proof,retained,2,848,bytes,success
subset-proof-v1,0,proof,retained,3,848,bytes,success
subset-proof-v1,0,proof,retained,4,848,bytes,success
subset-proof-v1,0,proof,peak,0,1024,bytes,success
subset-proof-v1,0,proof,peak,1,1024,bytes,success
subset-proof-v1,0,proof,peak,2,1024,bytes,success
subset-proof-v1,0,proof,peak,3,1024,bytes,success
subset-proof-v1,0,proof,peak,4,1024,bytes,success
subset-proof-v1,1,legacy,total,0,24500,ns,success
subset-proof-v1,1,legacy,total,1,22100,ns,success
subset-proof-v1,1,legacy,total,2,21000,ns,success
subset-proof-v1,1,legacy,total,3,20400,ns,success
subset-proof-v1,1,legacy,total,4,20100,ns,success
subset-proof-v1,1,legacy,total,5,19900,ns,success
subset-proof-v1,1,legacy,total,6,20000,ns,success
subset-proof-v1,1,legacy,total,7,20100,ns,success
subset-proof-v1,1,legacy,total,8,19900,ns,success
subset-proof-v1,1,legacy,total,9,20400,ns,success
subset-proof-v1,1,legacy,total,10,19800,ns,success
subset-proof-v1,1,legacy,total,11,19500,ns,success
subset-proof-v1,1,legacy,total,12,19600,ns,success
subset-proof-v1,1,legacy,total,13,19600,ns,success
subset-proof-v1,1,legacy,total,14,19700,ns,success
subset-proof-v1,1,legacy,retained,0,1111,bytes,success
subset-proof-v1,1,legacy,retained,1,1111,bytes,success
subset-proof-v1,1,legacy,retained,2,1111,bytes,success
subset-proof-v1,1,legacy,retained,3,1111,bytes,success
subset-proof-v1,1,legacy,retained,4,1111,bytes,success
subset-proof-v1,1,legacy,peak,0,1351,bytes,success
subset-proof-v1,1,legacy,peak,1,1351,bytes,success
subset-proof-v1,1,legacy,peak,2,1351,bytes,success
subset-proof-v1,1,legacy,peak,3,1351,bytes,success
subset-proof-v1,1,legacy,peak,4,1351,bytes,success
subset-proof-v1,1,proof,total,0,10400,ns,success
subset-proof-v1,1,proof,total,1,9000,ns,success
subset-proof-v1,1,proof,total,2,8100,ns,success
subset-proof-v1,1,proof,total,3,7800,ns,success
subset-proof-v1,1,proof,total,4,7500,ns,success
subset-proof-v1,1,proof,total,5,7500,ns,success
subset-proof-v1,1,proof,total,6,7600,ns,success
subset-proof-v1,1,proof,total,7,7500,ns,success
subset-proof-v1,1,proof,total,8,7300,ns,success
subset-proof-v1,1,proof,total,9,7300,ns,success
subset-proof-v1,1,proof,total,10,7300,ns,success
subset-proof-v1,1,proof,total,11,7500,ns,success
subset-proof-v1,1,proof,total,12,7200,ns,success
subset-proof-v1,1,proof,total,13,7200,ns,success
subset-proof-v1,1,proof,total,14,7100,ns,success
subset-proof-v1,1,proof,retained,0,1095,bytes,success
subset-proof-v1,1,proof,retained,1,1095,bytes,success
subset-proof-v1,1,proof,retained,2,1095,bytes,success
subset-proof-v1,1,proof,retained,3,1095,bytes,success
subset-proof-v1,1,proof,retained,4,1095,bytes,success
subset-proof-v1,1,proof,peak,0,1351,bytes,success
subset-proof-v1,1,proof,peak,1,1351,bytes,success
subset-proof-v1,1,proof,peak,2,1351,bytes,success
subset-proof-v1,1,proof,peak,3,1351,bytes,success
subset-proof-v1,1,proof,peak,4,1351,bytes,success
subset-proof-v1,64,legacy,total,0,1031800,ns,success
subset-proof-v1,64,legacy,total,1,1067500,ns,success
subset-proof-v1,64,legacy,total,2,1028800,ns,success
subset-proof-v1,64,legacy,total,3,1091300,ns,success
subset-proof-v1,64,legacy,total,4,1042700,ns,success
subset-proof-v1,64,legacy,total,5,1041900,ns,success
subset-proof-v1,64,legacy,total,6,1034900,ns,success
subset-proof-v1,64,legacy,total,7,1032000,ns,success
subset-proof-v1,64,legacy,total,8,1035600,ns,success
subset-proof-v1,64,legacy,total,9,1042200,ns,success
subset-proof-v1,64,legacy,total,10,1031500,ns,success
subset-proof-v1,64,legacy,total,11,1040600,ns,success
subset-proof-v1,64,legacy,total,12,1031300,ns,success
subset-proof-v1,64,legacy,total,13,1024900,ns,success
subset-proof-v1,64,legacy,total,14,1037900,ns,success
subset-proof-v1,64,legacy,retained,0,10176,bytes,success
subset-proof-v1,64,legacy,retained,1,10176,bytes,success
subset-proof-v1,64,legacy,retained,2,10176,bytes,success
subset-proof-v1,64,legacy,retained,3,10176,bytes,success
subset-proof-v1,64,legacy,retained,4,10176,bytes,success
subset-proof-v1,64,legacy,peak,0,13408,bytes,success
subset-proof-v1,64,legacy,peak,1,13408,bytes,success
subset-proof-v1,64,legacy,peak,2,13408,bytes,success
subset-proof-v1,64,legacy,peak,3,13408,bytes,success
subset-proof-v1,64,legacy,peak,4,13408,bytes,success
subset-proof-v1,64,proof,total,0,157500,ns,success
subset-proof-v1,64,proof,total,1,159800,ns,success
subset-proof-v1,64,proof,total,2,158400,ns,success
subset-proof-v1,64,proof,total,3,158000,ns,success
subset-proof-v1,64,proof,total,4,157800,ns,success
subset-proof-v1,64,proof,total,5,158200,ns,success
subset-proof-v1,64,proof,total,6,157800,ns,success
subset-proof-v1,64,proof,total,7,158100,ns,success
subset-proof-v1,64,proof,total,8,157800,ns,success
subset-proof-v1,64,proof,total,9,171500,ns,success
subset-proof-v1,64,proof,total,10,169000,ns,success
subset-proof-v1,64,proof,total,11,158000,ns,success
subset-proof-v1,64,proof,total,12,158900,ns,success
subset-proof-v1,64,proof,total,13,156900,ns,success
subset-proof-v1,64,proof,total,14,158800,ns,success
subset-proof-v1,64,proof,retained,0,10160,bytes,success
subset-proof-v1,64,proof,retained,1,10160,bytes,success
subset-proof-v1,64,proof,retained,2,10160,bytes,success
subset-proof-v1,64,proof,retained,3,10160,bytes,success
subset-proof-v1,64,proof,retained,4,10160,bytes,success
subset-proof-v1,64,proof,peak,0,13408,bytes,success
subset-proof-v1,64,proof,peak,1,13408,bytes,success
subset-proof-v1,64,proof,peak,2,13408,bytes,success
subset-proof-v1,64,proof,peak,3,13408,bytes,success
subset-proof-v1,64,proof,peak,4,13408,bytes,success
subset-proof-v1,1024,legacy,total,0,16819800,ns,success
subset-proof-v1,1024,legacy,total,1,16954100,ns,success
subset-proof-v1,1024,legacy,total,2,16823100,ns,success
subset-proof-v1,1024,legacy,total,3,16845800,ns,success
subset-proof-v1,1024,legacy,total,4,16864700,ns,success
subset-proof-v1,1024,legacy,total,5,16915700,ns,success
subset-proof-v1,1024,legacy,total,6,17024600,ns,success
subset-proof-v1,1024,legacy,total,7,16895200,ns,success
subset-proof-v1,1024,legacy,total,8,16960400,ns,success
subset-proof-v1,1024,legacy,total,9,16900700,ns,success
subset-proof-v1,1024,legacy,total,10,16909700,ns,success
subset-proof-v1,1024,legacy,total,11,16816200,ns,success
subset-proof-v1,1024,legacy,total,12,16787300,ns,success
subset-proof-v1,1024,legacy,total,13,16853700,ns,success
subset-proof-v1,1024,legacy,total,14,16838500,ns,success
subset-proof-v1,1024,legacy,retained,0,148502,bytes,success
subset-proof-v1,1024,legacy,retained,1,148502,bytes,success
subset-proof-v1,1024,legacy,retained,2,148502,bytes,success
subset-proof-v1,1024,legacy,retained,3,148502,bytes,success
subset-proof-v1,1024,legacy,retained,4,148502,bytes,success
subset-proof-v1,1024,legacy,peak,0,198358,bytes,success
subset-proof-v1,1024,legacy,peak,1,198358,bytes,success
subset-proof-v1,1024,legacy,peak,2,198358,bytes,success
subset-proof-v1,1024,legacy,peak,3,198358,bytes,success
subset-proof-v1,1024,legacy,peak,4,198358,bytes,success
subset-proof-v1,1024,proof,total,0,2502000,ns,success
subset-proof-v1,1024,proof,total,1,2709100,ns,success
subset-proof-v1,1024,proof,total,2,2529800,ns,success
subset-proof-v1,1024,proof,total,3,2539900,ns,success
subset-proof-v1,1024,proof,total,4,2527300,ns,success
subset-proof-v1,1024,proof,total,5,2529700,ns,success
subset-proof-v1,1024,proof,total,6,2515900,ns,success
subset-proof-v1,1024,proof,total,7,2601900,ns,success
subset-proof-v1,1024,proof,total,8,2559000,ns,success
subset-proof-v1,1024,proof,total,9,2538400,ns,success
subset-proof-v1,1024,proof,total,10,2528800,ns,success
subset-proof-v1,1024,proof,total,11,2526900,ns,success
subset-proof-v1,1024,proof,total,12,2527100,ns,success
subset-proof-v1,1024,proof,total,13,2571800,ns,success
subset-proof-v1,1024,proof,total,14,2594500,ns,success
subset-proof-v1,1024,proof,retained,0,148422,bytes,success
subset-proof-v1,1024,proof,retained,1,148422,bytes,success
subset-proof-v1,1024,proof,retained,2,148422,bytes,success
subset-proof-v1,1024,proof,retained,3,148422,bytes,success
subset-proof-v1,1024,proof,retained,4,148422,bytes,success
subset-proof-v1,1024,proof,peak,0,198358,bytes,success
subset-proof-v1,1024,proof,peak,1,198358,bytes,success
subset-proof-v1,1024,proof,peak,2,198358,bytes,success
subset-proof-v1,1024,proof,peak,3,198358,bytes,success
subset-proof-v1,1024,proof,peak,4,198358,bytes,success
candidate-subset-throughput-v3,59049,cpu-ordinary,total,0,80330400,ns,success
candidate-subset-throughput-v3,59049,cpu-ordinary,total,1,79971800,ns,success
candidate-subset-throughput-v3,59049,cpu-ordinary,total,2,79629100,ns,success
candidate-subset-throughput-v3,59049,cpu-ordinary,total,3,79852600,ns,success
candidate-subset-throughput-v3,59049,cpu-ordinary,total,4,79835500,ns,success
candidate-subset-throughput-v3,59049,cpu-ordinary,total,5,80690800,ns,success
candidate-subset-throughput-v3,59049,cpu-ordinary,total,6,83812400,ns,success
candidate-subset-throughput-v3,59049,cpu-ordinary,total,7,79874100,ns,success
candidate-subset-throughput-v3,59049,cpu-ordinary,total,8,80453700,ns,success
candidate-subset-throughput-v3,59049,cpu-ordinary,total,9,79895600,ns,success
candidate-subset-throughput-v3,59049,cpu-ordinary,total,10,79960400,ns,success
candidate-subset-throughput-v3,59049,cpu-ordinary,total,11,80002400,ns,success
candidate-subset-throughput-v3,59049,cpu-ordinary,total,12,80227200,ns,success
candidate-subset-throughput-v3,59049,cpu-ordinary,total,13,80838600,ns,success
candidate-subset-throughput-v3,59049,cpu-ordinary,total,14,80526300,ns,success
candidate-subset-throughput-v3,59049,cpu-prepared,total,0,87400,ns,success
candidate-subset-throughput-v3,59049,cpu-prepared,total,1,82500,ns,success
candidate-subset-throughput-v3,59049,cpu-prepared,total,2,81800,ns,success
candidate-subset-throughput-v3,59049,cpu-prepared,total,3,75900,ns,success
candidate-subset-throughput-v3,59049,cpu-prepared,total,4,81200,ns,success
candidate-subset-throughput-v3,59049,cpu-prepared,total,5,76400,ns,success
candidate-subset-throughput-v3,59049,cpu-prepared,total,6,79000,ns,success
candidate-subset-throughput-v3,59049,cpu-prepared,total,7,80900,ns,success
candidate-subset-throughput-v3,59049,cpu-prepared,total,8,91300,ns,success
candidate-subset-throughput-v3,59049,cpu-prepared,total,9,75600,ns,success
candidate-subset-throughput-v3,59049,cpu-prepared,total,10,79200,ns,success
candidate-subset-throughput-v3,59049,cpu-prepared,total,11,88800,ns,success
candidate-subset-throughput-v3,59049,cpu-prepared,total,12,78400,ns,success
candidate-subset-throughput-v3,59049,cpu-prepared,total,13,79500,ns,success
candidate-subset-throughput-v3,59049,cpu-prepared,total,14,87100,ns,success
candidate-subset-throughput-v3,59049,cuda-ordinary,total,0,92445900,ns,success
candidate-subset-throughput-v3,59049,cuda-ordinary,total,1,92221300,ns,success
candidate-subset-throughput-v3,59049,cuda-ordinary,total,2,92016400,ns,success
candidate-subset-throughput-v3,59049,cuda-ordinary,total,3,91837600,ns,success
candidate-subset-throughput-v3,59049,cuda-ordinary,total,4,92124800,ns,success
candidate-subset-throughput-v3,59049,cuda-ordinary,total,5,97226000,ns,success
candidate-subset-throughput-v3,59049,cuda-ordinary,total,6,92591900,ns,success
candidate-subset-throughput-v3,59049,cuda-ordinary,total,7,92788200,ns,success
candidate-subset-throughput-v3,59049,cuda-ordinary,total,8,92310200,ns,success
candidate-subset-throughput-v3,59049,cuda-ordinary,total,9,92081700,ns,success
candidate-subset-throughput-v3,59049,cuda-ordinary,total,10,92219300,ns,success
candidate-subset-throughput-v3,59049,cuda-ordinary,total,11,92719300,ns,success
candidate-subset-throughput-v3,59049,cuda-ordinary,total,12,92111500,ns,success
candidate-subset-throughput-v3,59049,cuda-ordinary,total,13,92480800,ns,success
candidate-subset-throughput-v3,59049,cuda-ordinary,total,14,91893300,ns,success
candidate-subset-throughput-v3,59049,cuda-prepared,total,0,298300,ns,success
candidate-subset-throughput-v3,59049,cuda-prepared,total,1,282500,ns,success
candidate-subset-throughput-v3,59049,cuda-prepared,total,2,252300,ns,success
candidate-subset-throughput-v3,59049,cuda-prepared,total,3,242300,ns,success
candidate-subset-throughput-v3,59049,cuda-prepared,total,4,272200,ns,success
candidate-subset-throughput-v3,59049,cuda-prepared,total,5,524100,ns,success
candidate-subset-throughput-v3,59049,cuda-prepared,total,6,275100,ns,success
candidate-subset-throughput-v3,59049,cuda-prepared,total,7,304400,ns,success
candidate-subset-throughput-v3,59049,cuda-prepared,total,8,260000,ns,success
candidate-subset-throughput-v3,59049,cuda-prepared,total,9,268400,ns,success
candidate-subset-throughput-v3,59049,cuda-prepared,total,10,277500,ns,success
candidate-subset-throughput-v3,59049,cuda-prepared,total,11,260700,ns,success
candidate-subset-throughput-v3,59049,cuda-prepared,total,12,439900,ns,success
candidate-subset-throughput-v3,59049,cuda-prepared,total,13,261800,ns,success
candidate-subset-throughput-v3,59049,cuda-prepared,total,14,272900,ns,success
baseline-throughput-v2,59049,cpu-ordinary,total,0,80162500,ns,success
baseline-throughput-v2,59049,cpu-ordinary,total,1,80147700,ns,success
baseline-throughput-v2,59049,cpu-ordinary,total,2,80117500,ns,success
baseline-throughput-v2,59049,cpu-ordinary,total,3,80077500,ns,success
baseline-throughput-v2,59049,cpu-ordinary,total,4,79857200,ns,success
baseline-throughput-v2,59049,cpu-ordinary,total,5,79778200,ns,success
baseline-throughput-v2,59049,cpu-ordinary,total,6,80094100,ns,success
baseline-throughput-v2,59049,cpu-ordinary,total,7,79935400,ns,success
baseline-throughput-v2,59049,cpu-ordinary,total,8,80015200,ns,success
baseline-throughput-v2,59049,cpu-ordinary,total,9,80488100,ns,success
baseline-throughput-v2,59049,cpu-ordinary,total,10,80020200,ns,success
baseline-throughput-v2,59049,cpu-ordinary,total,11,79966400,ns,success
baseline-throughput-v2,59049,cpu-ordinary,total,12,80290600,ns,success
baseline-throughput-v2,59049,cpu-ordinary,total,13,79672500,ns,success
baseline-throughput-v2,59049,cpu-ordinary,total,14,80417200,ns,success
baseline-throughput-v2,59049,cpu-prepared,total,0,88900,ns,success
baseline-throughput-v2,59049,cpu-prepared,total,1,89600,ns,success
baseline-throughput-v2,59049,cpu-prepared,total,2,76500,ns,success
baseline-throughput-v2,59049,cpu-prepared,total,3,86400,ns,success
baseline-throughput-v2,59049,cpu-prepared,total,4,73500,ns,success
baseline-throughput-v2,59049,cpu-prepared,total,5,72000,ns,success
baseline-throughput-v2,59049,cpu-prepared,total,6,77000,ns,success
baseline-throughput-v2,59049,cpu-prepared,total,7,80300,ns,success
baseline-throughput-v2,59049,cpu-prepared,total,8,74600,ns,success
baseline-throughput-v2,59049,cpu-prepared,total,9,79100,ns,success
baseline-throughput-v2,59049,cpu-prepared,total,10,73200,ns,success
baseline-throughput-v2,59049,cpu-prepared,total,11,102000,ns,success
baseline-throughput-v2,59049,cpu-prepared,total,12,78500,ns,success
baseline-throughput-v2,59049,cpu-prepared,total,13,78700,ns,success
baseline-throughput-v2,59049,cpu-prepared,total,14,113800,ns,success
baseline-throughput-v2,59049,cuda-ordinary,total,0,92633400,ns,success
baseline-throughput-v2,59049,cuda-ordinary,total,1,92451000,ns,success
baseline-throughput-v2,59049,cuda-ordinary,total,2,92570400,ns,success
baseline-throughput-v2,59049,cuda-ordinary,total,3,92741900,ns,success
baseline-throughput-v2,59049,cuda-ordinary,total,4,92314100,ns,success
baseline-throughput-v2,59049,cuda-ordinary,total,5,91911800,ns,success
baseline-throughput-v2,59049,cuda-ordinary,total,6,93090900,ns,success
baseline-throughput-v2,59049,cuda-ordinary,total,7,92692000,ns,success
baseline-throughput-v2,59049,cuda-ordinary,total,8,92693300,ns,success
baseline-throughput-v2,59049,cuda-ordinary,total,9,92910700,ns,success
baseline-throughput-v2,59049,cuda-ordinary,total,10,92537300,ns,success
baseline-throughput-v2,59049,cuda-ordinary,total,11,93329400,ns,success
baseline-throughput-v2,59049,cuda-ordinary,total,12,92563800,ns,success
baseline-throughput-v2,59049,cuda-ordinary,total,13,92082200,ns,success
baseline-throughput-v2,59049,cuda-ordinary,total,14,92944600,ns,success
baseline-throughput-v2,59049,cuda-prepared,total,0,299500,ns,success
baseline-throughput-v2,59049,cuda-prepared,total,1,294500,ns,success
baseline-throughput-v2,59049,cuda-prepared,total,2,254600,ns,success
baseline-throughput-v2,59049,cuda-prepared,total,3,333200,ns,success
baseline-throughput-v2,59049,cuda-prepared,total,4,346400,ns,success
baseline-throughput-v2,59049,cuda-prepared,total,5,260900,ns,success
baseline-throughput-v2,59049,cuda-prepared,total,6,246800,ns,success
baseline-throughput-v2,59049,cuda-prepared,total,7,249800,ns,success
baseline-throughput-v2,59049,cuda-prepared,total,8,310600,ns,success
baseline-throughput-v2,59049,cuda-prepared,total,9,342400,ns,success
baseline-throughput-v2,59049,cuda-prepared,total,10,251900,ns,success
baseline-throughput-v2,59049,cuda-prepared,total,11,260400,ns,success
baseline-throughput-v2,59049,cuda-prepared,total,12,285500,ns,success
baseline-throughput-v2,59049,cuda-prepared,total,13,261300,ns,success
baseline-throughput-v2,59049,cuda-prepared,total,14,274300,ns,success
candidate-subset-phases-v3,59049,cpu,backend_evaluation_ns,0,21900,ns,success
candidate-subset-phases-v3,59049,cpu,backend_evaluation_ns,1,15600,ns,success
candidate-subset-phases-v3,59049,cpu,backend_evaluation_ns,2,14400,ns,success
candidate-subset-phases-v3,59049,cpu,backend_evaluation_ns,3,14700,ns,success
candidate-subset-phases-v3,59049,cpu,backend_evaluation_ns,4,13400,ns,success
candidate-subset-phases-v3,59049,cpu,backend_evaluation_ns,5,13400,ns,success
candidate-subset-phases-v3,59049,cpu,backend_evaluation_ns,6,13100,ns,success
candidate-subset-phases-v3,59049,cpu,backend_evaluation_ns,7,12900,ns,success
candidate-subset-phases-v3,59049,cpu,backend_evaluation_ns,8,13800,ns,success
candidate-subset-phases-v3,59049,cpu,backend_evaluation_ns,9,12900,ns,success
candidate-subset-phases-v3,59049,cpu,backend_evaluation_ns,10,13700,ns,success
candidate-subset-phases-v3,59049,cpu,backend_evaluation_ns,11,12500,ns,success
candidate-subset-phases-v3,59049,cpu,backend_evaluation_ns,12,12700,ns,success
candidate-subset-phases-v3,59049,cpu,backend_evaluation_ns,13,12700,ns,success
candidate-subset-phases-v3,59049,cpu,backend_evaluation_ns,14,12400,ns,success
candidate-subset-phases-v3,59049,cpu,prepared_validation_ns,0,4000,ns,success
candidate-subset-phases-v3,59049,cpu,prepared_validation_ns,1,3800,ns,success
candidate-subset-phases-v3,59049,cpu,prepared_validation_ns,2,3600,ns,success
candidate-subset-phases-v3,59049,cpu,prepared_validation_ns,3,3400,ns,success
candidate-subset-phases-v3,59049,cpu,prepared_validation_ns,4,3300,ns,success
candidate-subset-phases-v3,59049,cpu,prepared_validation_ns,5,3300,ns,success
candidate-subset-phases-v3,59049,cpu,prepared_validation_ns,6,3300,ns,success
candidate-subset-phases-v3,59049,cpu,prepared_validation_ns,7,3100,ns,success
candidate-subset-phases-v3,59049,cpu,prepared_validation_ns,8,3200,ns,success
candidate-subset-phases-v3,59049,cpu,prepared_validation_ns,9,3200,ns,success
candidate-subset-phases-v3,59049,cpu,prepared_validation_ns,10,3100,ns,success
candidate-subset-phases-v3,59049,cpu,prepared_validation_ns,11,3100,ns,success
candidate-subset-phases-v3,59049,cpu,prepared_validation_ns,12,3100,ns,success
candidate-subset-phases-v3,59049,cpu,prepared_validation_ns,13,3200,ns,success
candidate-subset-phases-v3,59049,cpu,prepared_validation_ns,14,3300,ns,success
candidate-subset-phases-v3,59049,cpu,proposal_selection_ns,0,36100,ns,success
candidate-subset-phases-v3,59049,cpu,proposal_selection_ns,1,33700,ns,success
candidate-subset-phases-v3,59049,cpu,proposal_selection_ns,2,32800,ns,success
candidate-subset-phases-v3,59049,cpu,proposal_selection_ns,3,32400,ns,success
candidate-subset-phases-v3,59049,cpu,proposal_selection_ns,4,31600,ns,success
candidate-subset-phases-v3,59049,cpu,proposal_selection_ns,5,31800,ns,success
candidate-subset-phases-v3,59049,cpu,proposal_selection_ns,6,32200,ns,success
candidate-subset-phases-v3,59049,cpu,proposal_selection_ns,7,30600,ns,success
candidate-subset-phases-v3,59049,cpu,proposal_selection_ns,8,32500,ns,success
candidate-subset-phases-v3,59049,cpu,proposal_selection_ns,9,30700,ns,success
candidate-subset-phases-v3,59049,cpu,proposal_selection_ns,10,30400,ns,success
candidate-subset-phases-v3,59049,cpu,proposal_selection_ns,11,30600,ns,success
candidate-subset-phases-v3,59049,cpu,proposal_selection_ns,12,31200,ns,success
candidate-subset-phases-v3,59049,cpu,proposal_selection_ns,13,30500,ns,success
candidate-subset-phases-v3,59049,cpu,proposal_selection_ns,14,30100,ns,success
candidate-subset-phases-v3,59049,cpu,result_validation_ns,0,4900,ns,success
candidate-subset-phases-v3,59049,cpu,result_validation_ns,1,4500,ns,success
candidate-subset-phases-v3,59049,cpu,result_validation_ns,2,4400,ns,success
candidate-subset-phases-v3,59049,cpu,result_validation_ns,3,4200,ns,success
candidate-subset-phases-v3,59049,cpu,result_validation_ns,4,4100,ns,success
candidate-subset-phases-v3,59049,cpu,result_validation_ns,5,4000,ns,success
candidate-subset-phases-v3,59049,cpu,result_validation_ns,6,4000,ns,success
candidate-subset-phases-v3,59049,cpu,result_validation_ns,7,4000,ns,success
candidate-subset-phases-v3,59049,cpu,result_validation_ns,8,4000,ns,success
candidate-subset-phases-v3,59049,cpu,result_validation_ns,9,3900,ns,success
candidate-subset-phases-v3,59049,cpu,result_validation_ns,10,4000,ns,success
candidate-subset-phases-v3,59049,cpu,result_validation_ns,11,3900,ns,success
candidate-subset-phases-v3,59049,cpu,result_validation_ns,12,3800,ns,success
candidate-subset-phases-v3,59049,cpu,result_validation_ns,13,3900,ns,success
candidate-subset-phases-v3,59049,cpu,result_validation_ns,14,3900,ns,success
candidate-subset-phases-v3,59049,cpu,total_ns,0,71600,ns,success
candidate-subset-phases-v3,59049,cpu,total_ns,1,61700,ns,success
candidate-subset-phases-v3,59049,cpu,total_ns,2,59000,ns,success
candidate-subset-phases-v3,59049,cpu,total_ns,3,58600,ns,success
candidate-subset-phases-v3,59049,cpu,total_ns,4,56400,ns,success
candidate-subset-phases-v3,59049,cpu,total_ns,5,56600,ns,success
candidate-subset-phases-v3,59049,cpu,total_ns,6,56700,ns,success
candidate-subset-phases-v3,59049,cpu,total_ns,7,54400,ns,success
candidate-subset-phases-v3,59049,cpu,total_ns,8,57600,ns,success
candidate-subset-phases-v3,59049,cpu,total_ns,9,54500,ns,success
candidate-subset-phases-v3,59049,cpu,total_ns,10,54900,ns,success
candidate-subset-phases-v3,59049,cpu,total_ns,11,53800,ns,success
candidate-subset-phases-v3,59049,cpu,total_ns,12,54600,ns,success
candidate-subset-phases-v3,59049,cpu,total_ns,13,54000,ns,success
candidate-subset-phases-v3,59049,cpu,total_ns,14,53300,ns,success
candidate-subset-phases-v3,59049,cuda,backend_evaluation_ns,0,220800,ns,success
candidate-subset-phases-v3,59049,cuda,backend_evaluation_ns,1,159600,ns,success
candidate-subset-phases-v3,59049,cuda,backend_evaluation_ns,2,93900,ns,success
candidate-subset-phases-v3,59049,cuda,backend_evaluation_ns,3,97800,ns,success
candidate-subset-phases-v3,59049,cuda,backend_evaluation_ns,4,96700,ns,success
candidate-subset-phases-v3,59049,cuda,backend_evaluation_ns,5,93100,ns,success
candidate-subset-phases-v3,59049,cuda,backend_evaluation_ns,6,88600,ns,success
candidate-subset-phases-v3,59049,cuda,backend_evaluation_ns,7,117600,ns,success
candidate-subset-phases-v3,59049,cuda,backend_evaluation_ns,8,93700,ns,success
candidate-subset-phases-v3,59049,cuda,backend_evaluation_ns,9,85900,ns,success
candidate-subset-phases-v3,59049,cuda,backend_evaluation_ns,10,85700,ns,success
candidate-subset-phases-v3,59049,cuda,backend_evaluation_ns,11,84300,ns,success
candidate-subset-phases-v3,59049,cuda,backend_evaluation_ns,12,91000,ns,success
candidate-subset-phases-v3,59049,cuda,backend_evaluation_ns,13,84200,ns,success
candidate-subset-phases-v3,59049,cuda,backend_evaluation_ns,14,89600,ns,success
candidate-subset-phases-v3,59049,cuda,prepared_validation_ns,0,4300,ns,success
candidate-subset-phases-v3,59049,cuda,prepared_validation_ns,1,3100,ns,success
candidate-subset-phases-v3,59049,cuda,prepared_validation_ns,2,3000,ns,success
candidate-subset-phases-v3,59049,cuda,prepared_validation_ns,3,2900,ns,success
candidate-subset-phases-v3,59049,cuda,prepared_validation_ns,4,3100,ns,success
candidate-subset-phases-v3,59049,cuda,prepared_validation_ns,5,2800,ns,success
candidate-subset-phases-v3,59049,cuda,prepared_validation_ns,6,2900,ns,success
candidate-subset-phases-v3,59049,cuda,prepared_validation_ns,7,2800,ns,success
candidate-subset-phases-v3,59049,cuda,prepared_validation_ns,8,2800,ns,success
candidate-subset-phases-v3,59049,cuda,prepared_validation_ns,9,2800,ns,success
candidate-subset-phases-v3,59049,cuda,prepared_validation_ns,10,2700,ns,success
candidate-subset-phases-v3,59049,cuda,prepared_validation_ns,11,2700,ns,success
candidate-subset-phases-v3,59049,cuda,prepared_validation_ns,12,2700,ns,success
candidate-subset-phases-v3,59049,cuda,prepared_validation_ns,13,2900,ns,success
candidate-subset-phases-v3,59049,cuda,prepared_validation_ns,14,2800,ns,success
candidate-subset-phases-v3,59049,cuda,proposal_selection_ns,0,39300,ns,success
candidate-subset-phases-v3,59049,cuda,proposal_selection_ns,1,38000,ns,success
candidate-subset-phases-v3,59049,cuda,proposal_selection_ns,2,37600,ns,success
candidate-subset-phases-v3,59049,cuda,proposal_selection_ns,3,36800,ns,success
candidate-subset-phases-v3,59049,cuda,proposal_selection_ns,4,37900,ns,success
candidate-subset-phases-v3,59049,cuda,proposal_selection_ns,5,36500,ns,success
candidate-subset-phases-v3,59049,cuda,proposal_selection_ns,6,35600,ns,success
candidate-subset-phases-v3,59049,cuda,proposal_selection_ns,7,57900,ns,success
candidate-subset-phases-v3,59049,cuda,proposal_selection_ns,8,34900,ns,success
candidate-subset-phases-v3,59049,cuda,proposal_selection_ns,9,34800,ns,success
candidate-subset-phases-v3,59049,cuda,proposal_selection_ns,10,35200,ns,success
candidate-subset-phases-v3,59049,cuda,proposal_selection_ns,11,35100,ns,success
candidate-subset-phases-v3,59049,cuda,proposal_selection_ns,12,34500,ns,success
candidate-subset-phases-v3,59049,cuda,proposal_selection_ns,13,34500,ns,success
candidate-subset-phases-v3,59049,cuda,proposal_selection_ns,14,34600,ns,success
candidate-subset-phases-v3,59049,cuda,result_validation_ns,0,5500,ns,success
candidate-subset-phases-v3,59049,cuda,result_validation_ns,1,16600,ns,success
candidate-subset-phases-v3,59049,cuda,result_validation_ns,2,4900,ns,success
candidate-subset-phases-v3,59049,cuda,result_validation_ns,3,4600,ns,success
candidate-subset-phases-v3,59049,cuda,result_validation_ns,4,4700,ns,success
candidate-subset-phases-v3,59049,cuda,result_validation_ns,5,4600,ns,success
candidate-subset-phases-v3,59049,cuda,result_validation_ns,6,4600,ns,success
candidate-subset-phases-v3,59049,cuda,result_validation_ns,7,6500,ns,success
candidate-subset-phases-v3,59049,cuda,result_validation_ns,8,4800,ns,success
candidate-subset-phases-v3,59049,cuda,result_validation_ns,9,4500,ns,success
candidate-subset-phases-v3,59049,cuda,result_validation_ns,10,4500,ns,success
candidate-subset-phases-v3,59049,cuda,result_validation_ns,11,4300,ns,success
candidate-subset-phases-v3,59049,cuda,result_validation_ns,12,4600,ns,success
candidate-subset-phases-v3,59049,cuda,result_validation_ns,13,4500,ns,success
candidate-subset-phases-v3,59049,cuda,result_validation_ns,14,4500,ns,success
candidate-subset-phases-v3,59049,cuda,total_ns,0,285600,ns,success
candidate-subset-phases-v3,59049,cuda,total_ns,1,222400,ns,success
candidate-subset-phases-v3,59049,cuda,total_ns,2,144500,ns,success
candidate-subset-phases-v3,59049,cuda,total_ns,3,147300,ns,success
candidate-subset-phases-v3,59049,cuda,total_ns,4,147700,ns,success
candidate-subset-phases-v3,59049,cuda,total_ns,5,142000,ns,success
candidate-subset-phases-v3,59049,cuda,total_ns,6,136600,ns,success
candidate-subset-phases-v3,59049,cuda,total_ns,7,190600,ns,success
candidate-subset-phases-v3,59049,cuda,total_ns,8,141100,ns,success
candidate-subset-phases-v3,59049,cuda,total_ns,9,133000,ns,success
candidate-subset-phases-v3,59049,cuda,total_ns,10,132600,ns,success
candidate-subset-phases-v3,59049,cuda,total_ns,11,131000,ns,success
candidate-subset-phases-v3,59049,cuda,total_ns,12,137600,ns,success
candidate-subset-phases-v3,59049,cuda,total_ns,13,130700,ns,success
candidate-subset-phases-v3,59049,cuda,total_ns,14,136100,ns,success
baseline-phases-v2,59049,cpu,backend_evaluation_ns,0,23200,ns,success
baseline-phases-v2,59049,cpu,backend_evaluation_ns,1,15800,ns,success
baseline-phases-v2,59049,cpu,backend_evaluation_ns,2,14400,ns,success
baseline-phases-v2,59049,cpu,backend_evaluation_ns,3,14900,ns,success
baseline-phases-v2,59049,cpu,backend_evaluation_ns,4,13700,ns,success
baseline-phases-v2,59049,cpu,backend_evaluation_ns,5,13400,ns,success
baseline-phases-v2,59049,cpu,backend_evaluation_ns,6,13700,ns,success
baseline-phases-v2,59049,cpu,backend_evaluation_ns,7,13100,ns,success
baseline-phases-v2,59049,cpu,backend_evaluation_ns,8,13200,ns,success
baseline-phases-v2,59049,cpu,backend_evaluation_ns,9,13200,ns,success
baseline-phases-v2,59049,cpu,backend_evaluation_ns,10,14000,ns,success
baseline-phases-v2,59049,cpu,backend_evaluation_ns,11,12900,ns,success
baseline-phases-v2,59049,cpu,backend_evaluation_ns,12,13200,ns,success
baseline-phases-v2,59049,cpu,backend_evaluation_ns,13,12900,ns,success
baseline-phases-v2,59049,cpu,backend_evaluation_ns,14,13000,ns,success
baseline-phases-v2,59049,cpu,prepared_validation_ns,0,4400,ns,success
baseline-phases-v2,59049,cpu,prepared_validation_ns,1,3800,ns,success
baseline-phases-v2,59049,cpu,prepared_validation_ns,2,3300,ns,success
baseline-phases-v2,59049,cpu,prepared_validation_ns,3,3500,ns,success
baseline-phases-v2,59049,cpu,prepared_validation_ns,4,3300,ns,success
baseline-phases-v2,59049,cpu,prepared_validation_ns,5,3300,ns,success
baseline-phases-v2,59049,cpu,prepared_validation_ns,6,3300,ns,success
baseline-phases-v2,59049,cpu,prepared_validation_ns,7,3300,ns,success
baseline-phases-v2,59049,cpu,prepared_validation_ns,8,3200,ns,success
baseline-phases-v2,59049,cpu,prepared_validation_ns,9,3100,ns,success
baseline-phases-v2,59049,cpu,prepared_validation_ns,10,3200,ns,success
baseline-phases-v2,59049,cpu,prepared_validation_ns,11,3300,ns,success
baseline-phases-v2,59049,cpu,prepared_validation_ns,12,3300,ns,success
baseline-phases-v2,59049,cpu,prepared_validation_ns,13,3200,ns,success
baseline-phases-v2,59049,cpu,prepared_validation_ns,14,3300,ns,success
baseline-phases-v2,59049,cpu,proposal_selection_ns,0,38200,ns,success
baseline-phases-v2,59049,cpu,proposal_selection_ns,1,33400,ns,success
baseline-phases-v2,59049,cpu,proposal_selection_ns,2,31600,ns,success
baseline-phases-v2,59049,cpu,proposal_selection_ns,3,31200,ns,success
baseline-phases-v2,59049,cpu,proposal_selection_ns,4,31800,ns,success
baseline-phases-v2,59049,cpu,proposal_selection_ns,5,31500,ns,success
baseline-phases-v2,59049,cpu,proposal_selection_ns,6,30900,ns,success
baseline-phases-v2,59049,cpu,proposal_selection_ns,7,31200,ns,success
baseline-phases-v2,59049,cpu,proposal_selection_ns,8,34700,ns,success
baseline-phases-v2,59049,cpu,proposal_selection_ns,9,30500,ns,success
baseline-phases-v2,59049,cpu,proposal_selection_ns,10,31200,ns,success
baseline-phases-v2,59049,cpu,proposal_selection_ns,11,30900,ns,success
baseline-phases-v2,59049,cpu,proposal_selection_ns,12,31200,ns,success
baseline-phases-v2,59049,cpu,proposal_selection_ns,13,30800,ns,success
baseline-phases-v2,59049,cpu,proposal_selection_ns,14,30600,ns,success
baseline-phases-v2,59049,cpu,result_validation_ns,0,7900,ns,success
baseline-phases-v2,59049,cpu,result_validation_ns,1,4500,ns,success
baseline-phases-v2,59049,cpu,result_validation_ns,2,4200,ns,success
baseline-phases-v2,59049,cpu,result_validation_ns,3,4000,ns,success
baseline-phases-v2,59049,cpu,result_validation_ns,4,4000,ns,success
baseline-phases-v2,59049,cpu,result_validation_ns,5,4100,ns,success
baseline-phases-v2,59049,cpu,result_validation_ns,6,4100,ns,success
baseline-phases-v2,59049,cpu,result_validation_ns,7,3900,ns,success
baseline-phases-v2,59049,cpu,result_validation_ns,8,6900,ns,success
baseline-phases-v2,59049,cpu,result_validation_ns,9,3900,ns,success
baseline-phases-v2,59049,cpu,result_validation_ns,10,3900,ns,success
baseline-phases-v2,59049,cpu,result_validation_ns,11,4000,ns,success
baseline-phases-v2,59049,cpu,result_validation_ns,12,3800,ns,success
baseline-phases-v2,59049,cpu,result_validation_ns,13,3900,ns,success
baseline-phases-v2,59049,cpu,result_validation_ns,14,3700,ns,success
baseline-phases-v2,59049,cpu,total_ns,0,80800,ns,success
baseline-phases-v2,59049,cpu,total_ns,1,61900,ns,success
baseline-phases-v2,59049,cpu,total_ns,2,57900,ns,success
baseline-phases-v2,59049,cpu,total_ns,3,57800,ns,success
baseline-phases-v2,59049,cpu,total_ns,4,56800,ns,success
baseline-phases-v2,59049,cpu,total_ns,5,56700,ns,success
baseline-phases-v2,59049,cpu,total_ns,6,56000,ns,success
baseline-phases-v2,59049,cpu,total_ns,7,55400,ns,success
baseline-phases-v2,59049,cpu,total_ns,8,63700,ns,success
baseline-phases-v2,59049,cpu,total_ns,9,54600,ns,success
baseline-phases-v2,59049,cpu,total_ns,10,56400,ns,success
baseline-phases-v2,59049,cpu,total_ns,11,55100,ns,success
baseline-phases-v2,59049,cpu,total_ns,12,55600,ns,success
baseline-phases-v2,59049,cpu,total_ns,13,54800,ns,success
baseline-phases-v2,59049,cpu,total_ns,14,54400,ns,success
baseline-phases-v2,59049,cuda,backend_evaluation_ns,0,120800,ns,success
baseline-phases-v2,59049,cuda,backend_evaluation_ns,1,101700,ns,success
baseline-phases-v2,59049,cuda,backend_evaluation_ns,2,99700,ns,success
baseline-phases-v2,59049,cuda,backend_evaluation_ns,3,95900,ns,success
baseline-phases-v2,59049,cuda,backend_evaluation_ns,4,93600,ns,success
baseline-phases-v2,59049,cuda,backend_evaluation_ns,5,92100,ns,success
baseline-phases-v2,59049,cuda,backend_evaluation_ns,6,87900,ns,success
baseline-phases-v2,59049,cuda,backend_evaluation_ns,7,86400,ns,success
baseline-phases-v2,59049,cuda,backend_evaluation_ns,8,97300,ns,success
baseline-phases-v2,59049,cuda,backend_evaluation_ns,9,90500,ns,success
baseline-phases-v2,59049,cuda,backend_evaluation_ns,10,103300,ns,success
baseline-phases-v2,59049,cuda,backend_evaluation_ns,11,92100,ns,success
baseline-phases-v2,59049,cuda,backend_evaluation_ns,12,89900,ns,success
baseline-phases-v2,59049,cuda,backend_evaluation_ns,13,90300,ns,success
baseline-phases-v2,59049,cuda,backend_evaluation_ns,14,88800,ns,success
baseline-phases-v2,59049,cuda,prepared_validation_ns,0,3800,ns,success
baseline-phases-v2,59049,cuda,prepared_validation_ns,1,3200,ns,success
baseline-phases-v2,59049,cuda,prepared_validation_ns,2,12800,ns,success
baseline-phases-v2,59049,cuda,prepared_validation_ns,3,3000,ns,success
baseline-phases-v2,59049,cuda,prepared_validation_ns,4,2900,ns,success
baseline-phases-v2,59049,cuda,prepared_validation_ns,5,2900,ns,success
baseline-phases-v2,59049,cuda,prepared_validation_ns,6,2900,ns,success
baseline-phases-v2,59049,cuda,prepared_validation_ns,7,2800,ns,success
baseline-phases-v2,59049,cuda,prepared_validation_ns,8,3200,ns,success
baseline-phases-v2,59049,cuda,prepared_validation_ns,9,2900,ns,success
baseline-phases-v2,59049,cuda,prepared_validation_ns,10,2800,ns,success
baseline-phases-v2,59049,cuda,prepared_validation_ns,11,3000,ns,success
baseline-phases-v2,59049,cuda,prepared_validation_ns,12,2800,ns,success
baseline-phases-v2,59049,cuda,prepared_validation_ns,13,2700,ns,success
baseline-phases-v2,59049,cuda,prepared_validation_ns,14,2900,ns,success
baseline-phases-v2,59049,cuda,proposal_selection_ns,0,39600,ns,success
baseline-phases-v2,59049,cuda,proposal_selection_ns,1,38400,ns,success
baseline-phases-v2,59049,cuda,proposal_selection_ns,2,37500,ns,success
baseline-phases-v2,59049,cuda,proposal_selection_ns,3,36700,ns,success
baseline-phases-v2,59049,cuda,proposal_selection_ns,4,37500,ns,success
baseline-phases-v2,59049,cuda,proposal_selection_ns,5,36200,ns,success
baseline-phases-v2,59049,cuda,proposal_selection_ns,6,36200,ns,success
baseline-phases-v2,59049,cuda,proposal_selection_ns,7,35700,ns,success
baseline-phases-v2,59049,cuda,proposal_selection_ns,8,36400,ns,success
baseline-phases-v2,59049,cuda,proposal_selection_ns,9,35700,ns,success
baseline-phases-v2,59049,cuda,proposal_selection_ns,10,35500,ns,success
baseline-phases-v2,59049,cuda,proposal_selection_ns,11,35700,ns,success
baseline-phases-v2,59049,cuda,proposal_selection_ns,12,35600,ns,success
baseline-phases-v2,59049,cuda,proposal_selection_ns,13,35900,ns,success
baseline-phases-v2,59049,cuda,proposal_selection_ns,14,35700,ns,success
baseline-phases-v2,59049,cuda,result_validation_ns,0,5400,ns,success
baseline-phases-v2,59049,cuda,result_validation_ns,1,5000,ns,success
baseline-phases-v2,59049,cuda,result_validation_ns,2,4700,ns,success
baseline-phases-v2,59049,cuda,result_validation_ns,3,4500,ns,success
baseline-phases-v2,59049,cuda,result_validation_ns,4,4800,ns,success
baseline-phases-v2,59049,cuda,result_validation_ns,5,4700,ns,success
baseline-phases-v2,59049,cuda,result_validation_ns,6,4500,ns,success
baseline-phases-v2,59049,cuda,result_validation_ns,7,4800,ns,success
baseline-phases-v2,59049,cuda,result_validation_ns,8,4600,ns,success
baseline-phases-v2,59049,cuda,result_validation_ns,9,4700,ns,success
baseline-phases-v2,59049,cuda,result_validation_ns,10,4500,ns,success
baseline-phases-v2,59049,cuda,result_validation_ns,11,4600,ns,success
baseline-phases-v2,59049,cuda,result_validation_ns,12,4500,ns,success
baseline-phases-v2,59049,cuda,result_validation_ns,13,4500,ns,success
baseline-phases-v2,59049,cuda,result_validation_ns,14,4300,ns,success
baseline-phases-v2,59049,cuda,total_ns,0,176000,ns,success
baseline-phases-v2,59049,cuda,total_ns,1,154000,ns,success
baseline-phases-v2,59049,cuda,total_ns,2,160400,ns,success
baseline-phases-v2,59049,cuda,total_ns,3,145300,ns,success
baseline-phases-v2,59049,cuda,total_ns,4,144300,ns,success
baseline-phases-v2,59049,cuda,total_ns,5,141400,ns,success
baseline-phases-v2,59049,cuda,total_ns,6,136600,ns,success
baseline-phases-v2,59049,cuda,total_ns,7,135200,ns,success
baseline-phases-v2,59049,cuda,total_ns,8,146800,ns,success
baseline-phases-v2,59049,cuda,total_ns,9,138900,ns,success
baseline-phases-v2,59049,cuda,total_ns,10,151300,ns,success
baseline-phases-v2,59049,cuda,total_ns,11,140500,ns,success
baseline-phases-v2,59049,cuda,total_ns,12,138000,ns,success
baseline-phases-v2,59049,cuda,total_ns,13,138300,ns,success
baseline-phases-v2,59049,cuda,total_ns,14,136800,ns,success
