source,corpus_size,route,metric,sample,value,unit,status
inplace-builder-v6,1,crossover,cold_prepare,0,156700,ns,success
inplace-builder-v6,1,crossover,cold_prepare,1,148500,ns,success
inplace-builder-v6,1,crossover,cold_prepare,2,146300,ns,success
inplace-builder-v6,1,crossover,cold_prepare,3,144800,ns,success
inplace-builder-v6,1,crossover,cold_prepare,4,148500,ns,success
inplace-builder-v6,1,crossover,cold_prepare,5,141800,ns,success
inplace-builder-v6,1,crossover,cold_prepare,6,149500,ns,success
inplace-builder-v6,1,crossover,cold_prepare,7,152700,ns,success
inplace-builder-v6,1,crossover,cold_prepare,8,150100,ns,success
inplace-builder-v6,1,crossover,cold_prepare,9,141400,ns,success
inplace-builder-v6,1,crossover,cold_prepare,10,172200,ns,success
inplace-builder-v6,1,crossover,cold_prepare,11,146100,ns,success
inplace-builder-v6,1,crossover,cold_prepare,12,137800,ns,success
inplace-builder-v6,1,crossover,cold_prepare,13,139100,ns,success
inplace-builder-v6,1,crossover,cold_prepare,14,152600,ns,success
inplace-builder-v6,1,crossover,warm_prepare,0,109100,ns,success
inplace-builder-v6,1,crossover,warm_prepare,1,80200,ns,success
inplace-builder-v6,1,crossover,warm_prepare,2,83400,ns,success
inplace-builder-v6,1,crossover,warm_prepare,3,80900,ns,success
inplace-builder-v6,1,crossover,warm_prepare,4,79300,ns,success
inplace-builder-v6,1,crossover,warm_prepare,5,84100,ns,success
inplace-builder-v6,1,crossover,warm_prepare,6,76400,ns,success
inplace-builder-v6,1,crossover,warm_prepare,7,76900,ns,success
inplace-builder-v6,1,crossover,warm_prepare,8,77300,ns,success
inplace-builder-v6,1,crossover,warm_prepare,9,78300,ns,success
inplace-builder-v6,1,crossover,warm_prepare,10,120600,ns,success
inplace-builder-v6,1,crossover,warm_prepare,11,77800,ns,success
inplace-builder-v6,1,crossover,warm_prepare,12,81500,ns,success
inplace-builder-v6,1,crossover,warm_prepare,13,80300,ns,success
inplace-builder-v6,1,crossover,warm_prepare,14,76700,ns,success
inplace-builder-v6,1,crossover,cuda_ordinary,0,290600,ns,success
inplace-builder-v6,1,crossover,cuda_ordinary,1,267100,ns,success
inplace-builder-v6,1,crossover,cuda_ordinary,2,270000,ns,success
inplace-builder-v6,1,crossover,cuda_ordinary,3,254200,ns,success
inplace-builder-v6,1,crossover,cuda_ordinary,4,244500,ns,success
inplace-builder-v6,1,crossover,cuda_ordinary,5,246400,ns,success
inplace-builder-v6,1,crossover,cuda_ordinary,6,255500,ns,success
inplace-builder-v6,1,crossover,cuda_ordinary,7,262200,ns,success
inplace-builder-v6,1,crossover,cuda_ordinary,8,254100,ns,success
inplace-builder-v6,1,crossover,cuda_ordinary,9,252600,ns,success
inplace-builder-v6,1,crossover,cuda_ordinary,10,253600,ns,success
inplace-builder-v6,1,crossover,cuda_ordinary,11,253100,ns,success
inplace-builder-v6,1,crossover,cuda_ordinary,12,255500,ns,success
inplace-builder-v6,1,crossover,cuda_ordinary,13,246400,ns,success
inplace-builder-v6,1,crossover,cuda_ordinary,14,240700,ns,success
inplace-builder-v6,1,crossover,cuda_first_build,0,775800,ns,success
inplace-builder-v6,1,crossover,cuda_first_build,1,764100,ns,success
inplace-builder-v6,1,crossover,cuda_first_build,2,719800,ns,success
inplace-builder-v6,1,crossover,cuda_first_build,3,760200,ns,success
inplace-builder-v6,1,crossover,cuda_first_build,4,753700,ns,success
inplace-builder-v6,1,crossover,cuda_first_build,5,716100,ns,success
inplace-builder-v6,1,crossover,cuda_first_build,6,744400,ns,success
inplace-builder-v6,1,crossover,cuda_first_build,7,821400,ns,success
inplace-builder-v6,1,crossover,cuda_first_build,8,765200,ns,success
inplace-builder-v6,1,crossover,cuda_first_build,9,721000,ns,success
inplace-builder-v6,1,crossover,cuda_first_build,10,740000,ns,success
inplace-builder-v6,1,crossover,cuda_first_build,11,777700,ns,success
inplace-builder-v6,1,crossover,cuda_first_build,12,836700,ns,success
inplace-builder-v6,1,crossover,cuda_first_build,13,703000,ns,success
inplace-builder-v6,1,crossover,cuda_first_build,14,726000,ns,success
inplace-builder-v6,1,crossover,cuda_reuse,0,129200,ns,success
inplace-builder-v6,1,crossover,cuda_reuse,1,153300,ns,success
inplace-builder-v6,1,crossover,cuda_reuse,2,127800,ns,success
inplace-builder-v6,1,crossover,cuda_reuse,3,123300,ns,success
inplace-builder-v6,1,crossover,cuda_reuse,4,123200,ns,success
inplace-builder-v6,1,crossover,cuda_reuse,5,123300,ns,success
inplace-builder-v6,1,crossover,cuda_reuse,6,115700,ns,success
inplace-builder-v6,1,crossover,cuda_reuse,7,132000,ns,success
inplace-builder-v6,1,crossover,cuda_reuse,8,127300,ns,success
inplace-builder-v6,1,crossover,cuda_reuse,9,125300,ns,success
inplace-builder-v6,1,crossover,cuda_reuse,10,126900,ns,success
inplace-builder-v6,1,crossover,cuda_reuse,11,136400,ns,success
inplace-builder-v6,1,crossover,cuda_reuse,12,126400,ns,success
inplace-builder-v6,1,crossover,cuda_reuse,13,116100,ns,success
inplace-builder-v6,1,crossover,cuda_reuse,14,122000,ns,success
inplace-builder-v6,1,crossover,membership_compact_prepare,0,7800,ns,success
inplace-builder-v6,1,crossover,membership_compact_prepare,1,8600,ns,success
inplace-builder-v6,1,crossover,membership_compact_prepare,2,7900,ns,success
inplace-builder-v6,1,crossover,membership_compact_prepare,3,7700,ns,success
inplace-builder-v6,1,crossover,membership_compact_prepare,4,8100,ns,success
inplace-builder-v6,1,crossover,membership_compact_prepare,5,7900,ns,success
inplace-builder-v6,1,crossover,membership_compact_prepare,6,8000,ns,success
inplace-builder-v6,1,crossover,membership_compact_prepare,7,7900,ns,success
inplace-builder-v6,1,crossover,membership_compact_prepare,8,7800,ns,success
inplace-builder-v6,1,crossover,membership_compact_prepare,9,7800,ns,success
inplace-builder-v6,1,crossover,membership_compact_prepare,10,8200,ns,success
inplace-builder-v6,1,crossover,membership_compact_prepare,11,8000,ns,success
inplace-builder-v6,1,crossover,membership_compact_prepare,12,7600,ns,success
inplace-builder-v6,1,crossover,membership_compact_prepare,13,7700,ns,success
inplace-builder-v6,1,crossover,membership_compact_prepare,14,8100,ns,success
inplace-builder-v6,1,crossover,membership_legacy_prepare,0,16700,ns,success
inplace-builder-v6,1,crossover,membership_legacy_prepare,1,12600,ns,success
inplace-builder-v6,1,crossover,membership_legacy_prepare,2,11100,ns,success
inplace-builder-v6,1,crossover,membership_legacy_prepare,3,11500,ns,success
inplace-builder-v6,1,crossover,membership_legacy_prepare,4,11100,ns,success
inplace-builder-v6,1,crossover,membership_legacy_prepare,5,11300,ns,success
inplace-builder-v6,1,crossover,membership_legacy_prepare,6,11500,ns,success
inplace-builder-v6,1,crossover,membership_legacy_prepare,7,11200,ns,success
inplace-builder-v6,1,crossover,membership_legacy_prepare,8,11100,ns,success
inplace-builder-v6,1,crossover,membership_legacy_prepare,9,11600,ns,success
inplace-builder-v6,1,crossover,membership_legacy_prepare,10,11600,ns,success
inplace-builder-v6,1,crossover,membership_legacy_prepare,11,11400,ns,success
inplace-builder-v6,1,crossover,membership_legacy_prepare,12,11400,ns,success
inplace-builder-v6,1,crossover,membership_legacy_prepare,13,11500,ns,success
inplace-builder-v6,1,crossover,membership_legacy_prepare,14,11700,ns,success
inplace-builder-v6,1,crossover,membership_compact_hit_block,0,10292600,ns,success
inplace-builder-v6,1,crossover,membership_compact_hit_block,1,10176000,ns,success
inplace-builder-v6,1,crossover,membership_compact_hit_block,2,10162700,ns,success
inplace-builder-v6,1,crossover,membership_compact_hit_block,3,10143200,ns,success
inplace-builder-v6,1,crossover,membership_compact_hit_block,4,10132500,ns,success
inplace-builder-v6,1,crossover,membership_compact_hit_block,5,10187800,ns,success
inplace-builder-v6,1,crossover,membership_compact_hit_block,6,10185400,ns,success
inplace-builder-v6,1,crossover,membership_compact_hit_block,7,10134300,ns,success
inplace-builder-v6,1,crossover,membership_compact_hit_block,8,10199300,ns,success
inplace-builder-v6,1,crossover,membership_compact_hit_block,9,10114900,ns,success
inplace-builder-v6,1,crossover,membership_compact_hit_block,10,10101700,ns,success
inplace-builder-v6,1,crossover,membership_compact_hit_block,11,10107200,ns,success
inplace-builder-v6,1,crossover,membership_compact_hit_block,12,10130700,ns,success
inplace-builder-v6,1,crossover,membership_compact_hit_block,13,10234400,ns,success
inplace-builder-v6,1,crossover,membership_compact_hit_block,14,10173900,ns,success
inplace-builder-v6,1,crossover,membership_compact_miss_block,0,2602200,ns,success
inplace-builder-v6,1,crossover,membership_compact_miss_block,1,2641100,ns,success
inplace-builder-v6,1,crossover,membership_compact_miss_block,2,2582600,ns,success
inplace-builder-v6,1,crossover,membership_compact_miss_block,3,2581900,ns,success
inplace-builder-v6,1,crossover,membership_compact_miss_block,4,2585000,ns,success
inplace-builder-v6,1,crossover,membership_compact_miss_block,5,2588900,ns,success
inplace-builder-v6,1,crossover,membership_compact_miss_block,6,2589000,ns,success
inplace-builder-v6,1,crossover,membership_compact_miss_block,7,2583900,ns,success
inplace-builder-v6,1,crossover,membership_compact_miss_block,8,2585100,ns,success
inplace-builder-v6,1,crossover,membership_compact_miss_block,9,2637300,ns,success
inplace-builder-v6,1,crossover,membership_compact_miss_block,10,2611400,ns,success
inplace-builder-v6,1,crossover,membership_compact_miss_block,11,2591200,ns,success
inplace-builder-v6,1,crossover,membership_compact_miss_block,12,2579100,ns,success
inplace-builder-v6,1,crossover,membership_compact_miss_block,13,2582300,ns,success
inplace-builder-v6,1,crossover,membership_compact_miss_block,14,2589200,ns,success
inplace-builder-v6,1,crossover,membership_legacy_hit_block,0,1092100,ns,success
inplace-builder-v6,1,crossover,membership_legacy_hit_block,1,1082700,ns,success
inplace-builder-v6,1,crossover,membership_legacy_hit_block,2,1111200,ns,success
inplace-builder-v6,1,crossover,membership_legacy_hit_block,3,1081800,ns,success
inplace-builder-v6,1,crossover,membership_legacy_hit_block,4,1083000,ns,success
inplace-builder-v6,1,crossover,membership_legacy_hit_block,5,1083800,ns,success
inplace-builder-v6,1,crossover,membership_legacy_hit_block,6,1080600,ns,success
inplace-builder-v6,1,crossover,membership_legacy_hit_block,7,1085200,ns,success
inplace-builder-v6,1,crossover,membership_legacy_hit_block,8,1077900,ns,success
inplace-builder-v6,1,crossover,membership_legacy_hit_block,9,1081100,ns,success
inplace-builder-v6,1,crossover,membership_legacy_hit_block,10,1110800,ns,success
inplace-builder-v6,1,crossover,membership_legacy_hit_block,11,1075400,ns,success
inplace-builder-v6,1,crossover,membership_legacy_hit_block,12,1074600,ns,success
inplace-builder-v6,1,crossover,membership_legacy_hit_block,13,1077500,ns,success
inplace-builder-v6,1,crossover,membership_legacy_hit_block,14,1112700,ns,success
inplace-builder-v6,1,crossover,membership_legacy_miss_block,0,837000,ns,success
inplace-builder-v6,1,crossover,membership_legacy_miss_block,1,844000,ns,success
inplace-builder-v6,1,crossover,membership_legacy_miss_block,2,875800,ns,success
inplace-builder-v6,1,crossover,membership_legacy_miss_block,3,838000,ns,success
inplace-builder-v6,1,crossover,membership_legacy_miss_block,4,842200,ns,success
inplace-builder-v6,1,crossover,membership_legacy_miss_block,5,842300,ns,success
inplace-builder-v6,1,crossover,membership_legacy_miss_block,6,842100,ns,success
inplace-builder-v6,1,crossover,membership_legacy_miss_block,7,845900,ns,success
inplace-builder-v6,1,crossover,membership_legacy_miss_block,8,841200,ns,success
inplace-builder-v6,1,crossover,membership_legacy_miss_block,9,843900,ns,success
inplace-builder-v6,1,crossover,membership_legacy_miss_block,10,842700,ns,success
inplace-builder-v6,1,crossover,membership_legacy_miss_block,11,865000,ns,success
inplace-builder-v6,1,crossover,membership_legacy_miss_block,12,843300,ns,success
inplace-builder-v6,1,crossover,membership_legacy_miss_block,13,846000,ns,success
inplace-builder-v6,1,crossover,membership_legacy_miss_block,14,845100,ns,success
inplace-builder-v6,1,crossover,prepared_retained,0,1863,bytes,success
inplace-builder-v6,1,crossover,prepared_retained,1,1863,bytes,success
inplace-builder-v6,1,crossover,prepared_retained,2,1863,bytes,success
inplace-builder-v6,1,crossover,prepared_retained,3,1863,bytes,success
inplace-builder-v6,1,crossover,prepared_retained,4,1863,bytes,success
inplace-builder-v6,1,crossover,prepared_peak,0,8439,bytes,success
inplace-builder-v6,1,crossover,prepared_peak,1,8391,bytes,success
inplace-builder-v6,1,crossover,prepared_peak,2,8391,bytes,success
inplace-builder-v6,1,crossover,prepared_peak,3,8391,bytes,success
inplace-builder-v6,1,crossover,prepared_peak,4,8391,bytes,success
inplace-builder-v6,1,crossover,membership_compact_retained,0,576,bytes,success
inplace-builder-v6,1,crossover,membership_compact_retained,1,528,bytes,success
inplace-builder-v6,1,crossover,membership_compact_retained,2,528,bytes,success
inplace-builder-v6,1,crossover,membership_compact_retained,3,528,bytes,success
inplace-builder-v6,1,crossover,membership_compact_retained,4,528,bytes,success
inplace-builder-v6,1,crossover,membership_compact_peak,0,624,bytes,success
inplace-builder-v6,1,crossover,membership_compact_peak,1,576,bytes,success
inplace-builder-v6,1,crossover,membership_compact_peak,2,576,bytes,success
inplace-builder-v6,1,crossover,membership_compact_peak,3,576,bytes,success
inplace-builder-v6,1,crossover,membership_compact_peak,4,576,bytes,success
inplace-builder-v6,1,crossover,membership_legacy_retained,0,869,bytes,success
inplace-builder-v6,1,crossover,membership_legacy_retained,1,869,bytes,success
inplace-builder-v6,1,crossover,membership_legacy_retained,2,869,bytes,success
inplace-builder-v6,1,crossover,membership_legacy_retained,3,869,bytes,success
inplace-builder-v6,1,crossover,membership_legacy_retained,4,869,bytes,success
inplace-builder-v6,1,crossover,membership_legacy_peak,0,1549,bytes,success
inplace-builder-v6,1,crossover,membership_legacy_peak,1,1549,bytes,success
inplace-builder-v6,1,crossover,membership_legacy_peak,2,1549,bytes,success
inplace-builder-v6,1,crossover,membership_legacy_peak,3,1549,bytes,success
inplace-builder-v6,1,crossover,membership_legacy_peak,4,1549,bytes,success
inplace-builder-v6,64,crossover,cold_prepare,0,227600,ns,success
inplace-builder-v6,64,crossover,cold_prepare,1,224300,ns,success
inplace-builder-v6,64,crossover,cold_prepare,2,234000,ns,success
inplace-builder-v6,64,crossover,cold_prepare,3,229400,ns,success
inplace-builder-v6,64,crossover,cold_prepare,4,222500,ns,success
inplace-builder-v6,64,crossover,cold_prepare,5,244600,ns,success
inplace-builder-v6,64,crossover,cold_prepare,6,232200,ns,success
inplace-builder-v6,64,crossover,cold_prepare,7,236300,ns,success
inplace-builder-v6,64,crossover,cold_prepare,8,231300,ns,success
inplace-builder-v6,64,crossover,cold_prepare,9,223700,ns,success
inplace-builder-v6,64,crossover,cold_prepare,10,216600,ns,success
inplace-builder-v6,64,crossover,cold_prepare,11,213500,ns,success
inplace-builder-v6,64,crossover,cold_prepare,12,214200,ns,success
inplace-builder-v6,64,crossover,cold_prepare,13,228500,ns,success
inplace-builder-v6,64,crossover,cold_prepare,14,213600,ns,success
inplace-builder-v6,64,crossover,warm_prepare,0,155900,ns,success
inplace-builder-v6,64,crossover,warm_prepare,1,148600,ns,success
inplace-builder-v6,64,crossover,warm_prepare,2,148300,ns,success
inplace-builder-v6,64,crossover,warm_prepare,3,151000,ns,success
inplace-builder-v6,64,crossover,warm_prepare,4,148000,ns,success
inplace-builder-v6,64,crossover,warm_prepare,5,156600,ns,success
inplace-builder-v6,64,crossover,warm_prepare,6,150200,ns,success
inplace-builder-v6,64,crossover,warm_prepare,7,144200,ns,success
inplace-builder-v6,64,crossover,warm_prepare,8,147900,ns,success
inplace-builder-v6,64,crossover,warm_prepare,9,146500,ns,success
inplace-builder-v6,64,crossover,warm_prepare,10,163400,ns,success
inplace-builder-v6,64,crossover,warm_prepare,11,151000,ns,success
inplace-builder-v6,64,crossover,warm_prepare,12,144600,ns,success
inplace-builder-v6,64,crossover,warm_prepare,13,150000,ns,success
inplace-builder-v6,64,crossover,warm_prepare,14,148100,ns,success
inplace-builder-v6,64,crossover,cuda_ordinary,0,484000,ns,success
inplace-builder-v6,64,crossover,cuda_ordinary,1,400900,ns,success
inplace-builder-v6,64,crossover,cuda_ordinary,2,373400,ns,success
inplace-builder-v6,64,crossover,cuda_ordinary,3,406400,ns,success
inplace-builder-v6,64,crossover,cuda_ordinary,4,405700,ns,success
inplace-builder-v6,64,crossover,cuda_ordinary,5,411700,ns,success
inplace-builder-v6,64,crossover,cuda_ordinary,6,397600,ns,success
inplace-builder-v6,64,crossover,cuda_ordinary,7,364700,ns,success
inplace-builder-v6,64,crossover,cuda_ordinary,8,381100,ns,success
inplace-builder-v6,64,crossover,cuda_ordinary,9,379000,ns,success
inplace-builder-v6,64,crossover,cuda_ordinary,10,377500,ns,success
inplace-builder-v6,64,crossover,cuda_ordinary,11,410900,ns,success
inplace-builder-v6,64,crossover,cuda_ordinary,12,440700,ns,success
inplace-builder-v6,64,crossover,cuda_ordinary,13,415000,ns,success
inplace-builder-v6,64,crossover,cuda_ordinary,14,392700,ns,success
inplace-builder-v6,64,crossover,cuda_first_build,0,811700,ns,success
inplace-builder-v6,64,crossover,cuda_first_build,1,770300,ns,success
inplace-builder-v6,64,crossover,cuda_first_build,2,780200,ns,success
inplace-builder-v6,64,crossover,cuda_first_build,3,782000,ns,success
inplace-builder-v6,64,crossover,cuda_first_build,4,750600,ns,success
inplace-builder-v6,64,crossover,cuda_first_build,5,786300,ns,success
inplace-builder-v6,64,crossover,cuda_first_build,6,882800,ns,success
inplace-builder-v6,64,crossover,cuda_first_build,7,803600,ns,success
inplace-builder-v6,64,crossover,cuda_first_build,8,771400,ns,success
inplace-builder-v6,64,crossover,cuda_first_build,9,782200,ns,success
inplace-builder-v6,64,crossover,cuda_first_build,10,717500,ns,success
inplace-builder-v6,64,crossover,cuda_first_build,11,735400,ns,success
inplace-builder-v6,64,crossover,cuda_first_build,12,748400,ns,success
inplace-builder-v6,64,crossover,cuda_first_build,13,716900,ns,success
inplace-builder-v6,64,crossover,cuda_first_build,14,1044500,ns,success
inplace-builder-v6,64,crossover,cuda_reuse,0,219800,ns,success
inplace-builder-v6,64,crossover,cuda_reuse,1,129500,ns,success
inplace-builder-v6,64,crossover,cuda_reuse,2,133400,ns,success
inplace-builder-v6,64,crossover,cuda_reuse,3,148900,ns,success
inplace-builder-v6,64,crossover,cuda_reuse,4,131600,ns,success
inplace-builder-v6,64,crossover,cuda_reuse,5,165700,ns,success
inplace-builder-v6,64,crossover,cuda_reuse,6,134200,ns,success
inplace-builder-v6,64,crossover,cuda_reuse,7,144600,ns,success
inplace-builder-v6,64,crossover,cuda_reuse,8,162500,ns,success
inplace-builder-v6,64,crossover,cuda_reuse,9,130500,ns,success
inplace-builder-v6,64,crossover,cuda_reuse,10,129900,ns,success
inplace-builder-v6,64,crossover,cuda_reuse,11,173600,ns,success
inplace-builder-v6,64,crossover,cuda_reuse,12,152000,ns,success
inplace-builder-v6,64,crossover,cuda_reuse,13,167100,ns,success
inplace-builder-v6,64,crossover,cuda_reuse,14,132200,ns,success
inplace-builder-v6,64,crossover,membership_compact_prepare,0,7900,ns,success
inplace-builder-v6,64,crossover,membership_compact_prepare,1,7900,ns,success
inplace-builder-v6,64,crossover,membership_compact_prepare,2,7900,ns,success
inplace-builder-v6,64,crossover,membership_compact_prepare,3,8000,ns,success
inplace-builder-v6,64,crossover,membership_compact_prepare,4,7700,ns,success
inplace-builder-v6,64,crossover,membership_compact_prepare,5,7700,ns,success
inplace-builder-v6,64,crossover,membership_compact_prepare,6,10400,ns,success
inplace-builder-v6,64,crossover,membership_compact_prepare,7,8500,ns,success
inplace-builder-v6,64,crossover,membership_compact_prepare,8,7900,ns,success
inplace-builder-v6,64,crossover,membership_compact_prepare,9,8200,ns,success
inplace-builder-v6,64,crossover,membership_compact_prepare,10,7800,ns,success
inplace-builder-v6,64,crossover,membership_compact_prepare,11,9000,ns,success
inplace-builder-v6,64,crossover,membership_compact_prepare,12,7800,ns,success
inplace-builder-v6,64,crossover,membership_compact_prepare,13,9100,ns,success
inplace-builder-v6,64,crossover,membership_compact_prepare,14,8100,ns,success
inplace-builder-v6,64,crossover,membership_legacy_prepare,0,149500,ns,success
inplace-builder-v6,64,crossover,membership_legacy_prepare,1,149100,ns,success
inplace-builder-v6,64,crossover,membership_legacy_prepare,2,158600,ns,success
inplace-builder-v6,64,crossover,membership_legacy_prepare,3,169100,ns,success
inplace-builder-v6,64,crossover,membership_legacy_prepare,4,159400,ns,success
inplace-builder-v6,64,crossover,membership_legacy_prepare,5,146600,ns,success
inplace-builder-v6,64,crossover,membership_legacy_prepare,6,150700,ns,success
inplace-builder-v6,64,crossover,membership_legacy_prepare,7,148400,ns,success
inplace-builder-v6,64,crossover,membership_legacy_prepare,8,157200,ns,success
inplace-builder-v6,64,crossover,membership_legacy_prepare,9,158300,ns,success
inplace-builder-v6,64,crossover,membership_legacy_prepare,10,148100,ns,success
inplace-builder-v6,64,crossover,membership_legacy_prepare,11,147200,ns,success
inplace-builder-v6,64,crossover,membership_legacy_prepare,12,158700,ns,success
inplace-builder-v6,64,crossover,membership_legacy_prepare,13,160900,ns,success
inplace-builder-v6,64,crossover,membership_legacy_prepare,14,160300,ns,success
inplace-builder-v6,64,crossover,membership_compact_hit_block,0,39187100,ns,success
inplace-builder-v6,64,crossover,membership_compact_hit_block,1,39207800,ns,success
inplace-builder-v6,64,crossover,membership_compact_hit_block,2,39400900,ns,success
inplace-builder-v6,64,crossover,membership_compact_hit_block,3,39374700,ns,success
inplace-builder-v6,64,crossover,membership_compact_hit_block,4,39358300,ns,success
inplace-builder-v6,64,crossover,membership_compact_hit_block,5,39670300,ns,success
inplace-builder-v6,64,crossover,membership_compact_hit_block,6,39469300,ns,success
inplace-builder-v6,64,crossover,membership_compact_hit_block,7,39359500,ns,success
inplace-builder-v6,64,crossover,membership_compact_hit_block,8,40494100,ns,success
inplace-builder-v6,64,crossover,membership_compact_hit_block,9,42150900,ns,success
inplace-builder-v6,64,crossover,membership_compact_hit_block,10,41364300,ns,success
inplace-builder-v6,64,crossover,membership_compact_hit_block,11,41573400,ns,success
inplace-builder-v6,64,crossover,membership_compact_hit_block,12,42894700,ns,success
inplace-builder-v6,64,crossover,membership_compact_hit_block,13,40537800,ns,success
inplace-builder-v6,64,crossover,membership_compact_hit_block,14,44802100,ns,success
inplace-builder-v6,64,crossover,membership_compact_miss_block,0,2634400,ns,success
inplace-builder-v6,64,crossover,membership_compact_miss_block,1,2571500,ns,success
inplace-builder-v6,64,crossover,membership_compact_miss_block,2,2566000,ns,success
inplace-builder-v6,64,crossover,membership_compact_miss_block,3,2603200,ns,success
inplace-builder-v6,64,crossover,membership_compact_miss_block,4,2577000,ns,success
inplace-builder-v6,64,crossover,membership_compact_miss_block,5,2582900,ns,success
inplace-builder-v6,64,crossover,membership_compact_miss_block,6,2594100,ns,success
inplace-builder-v6,64,crossover,membership_compact_miss_block,7,2580300,ns,success
inplace-builder-v6,64,crossover,membership_compact_miss_block,8,2606300,ns,success
inplace-builder-v6,64,crossover,membership_compact_miss_block,9,3047200,ns,success
inplace-builder-v6,64,crossover,membership_compact_miss_block,10,3001500,ns,success
inplace-builder-v6,64,crossover,membership_compact_miss_block,11,2626500,ns,success
inplace-builder-v6,64,crossover,membership_compact_miss_block,12,2904100,ns,success
inplace-builder-v6,64,crossover,membership_compact_miss_block,13,2565900,ns,success
inplace-builder-v6,64,crossover,membership_compact_miss_block,14,2565400,ns,success
inplace-builder-v6,64,crossover,membership_legacy_hit_block,0,1083100,ns,success
inplace-builder-v6,64,crossover,membership_legacy_hit_block,1,1074000,ns,success
inplace-builder-v6,64,crossover,membership_legacy_hit_block,2,1087600,ns,success
inplace-builder-v6,64,crossover,membership_legacy_hit_block,3,1124500,ns,success
inplace-builder-v6,64,crossover,membership_legacy_hit_block,4,1081400,ns,success
inplace-builder-v6,64,crossover,membership_legacy_hit_block,5,1081200,ns,success
inplace-builder-v6,64,crossover,membership_legacy_hit_block,6,1098600,ns,success
inplace-builder-v6,64,crossover,membership_legacy_hit_block,7,1080600,ns,success
inplace-builder-v6,64,crossover,membership_legacy_hit_block,8,1111000,ns,success
inplace-builder-v6,64,crossover,membership_legacy_hit_block,9,1087100,ns,success
inplace-builder-v6,64,crossover,membership_legacy_hit_block,10,1268100,ns,success
inplace-builder-v6,64,crossover,membership_legacy_hit_block,11,1089100,ns,success
inplace-builder-v6,64,crossover,membership_legacy_hit_block,12,1588800,ns,success
inplace-builder-v6,64,crossover,membership_legacy_hit_block,13,1086000,ns,success
inplace-builder-v6,64,crossover,membership_legacy_hit_block,14,1095500,ns,success
inplace-builder-v6,64,crossover,membership_legacy_miss_block,0,829600,ns,success
inplace-builder-v6,64,crossover,membership_legacy_miss_block,1,832900,ns,success
inplace-builder-v6,64,crossover,membership_legacy_miss_block,2,826600,ns,success
inplace-builder-v6,64,crossover,membership_legacy_miss_block,3,823800,ns,success
inplace-builder-v6,64,crossover,membership_legacy_miss_block,4,828700,ns,success
inplace-builder-v6,64,crossover,membership_legacy_miss_block,5,829400,ns,success
inplace-builder-v6,64,crossover,membership_legacy_miss_block,6,858000,ns,success
inplace-builder-v6,64,crossover,membership_legacy_miss_block,7,833700,ns,success
inplace-builder-v6,64,crossover,membership_legacy_miss_block,8,845100,ns,success
inplace-builder-v6,64,crossover,membership_legacy_miss_block,9,829900,ns,success
inplace-builder-v6,64,crossover,membership_legacy_miss_block,10,934800,ns,success
inplace-builder-v6,64,crossover,membership_legacy_miss_block,11,824500,ns,success
inplace-builder-v6,64,crossover,membership_legacy_miss_block,12,837600,ns,success
inplace-builder-v6,64,crossover,membership_legacy_miss_block,13,825400,ns,success
inplace-builder-v6,64,crossover,membership_legacy_miss_block,14,826300,ns,success
inplace-builder-v6,64,crossover,prepared_retained,0,2699,bytes,success
inplace-builder-v6,64,crossover,prepared_retained,1,2699,bytes,success
inplace-builder-v6,64,crossover,prepared_retained,2,2699,bytes,success
inplace-builder-v6,64,crossover,prepared_retained,3,2699,bytes,success
inplace-builder-v6,64,crossover,prepared_retained,4,2699,bytes,success
inplace-builder-v6,64,crossover,prepared_peak,0,8635,bytes,success
inplace-builder-v6,64,crossover,prepared_peak,1,8635,bytes,success
inplace-builder-v6,64,crossover,prepared_peak,2,8635,bytes,success
inplace-builder-v6,64,crossover,prepared_peak,3,8635,bytes,success
inplace-builder-v6,64,crossover,prepared_peak,4,8635,bytes,success
inplace-builder-v6,64,crossover,membership_compact_retained,0,528,bytes,success
inplace-builder-v6,64,crossover,membership_compact_retained,1,528,bytes,success
inplace-builder-v6,64,crossover,membership_compact_retained,2,528,bytes,success
inplace-builder-v6,64,crossover,membership_compact_retained,3,528,bytes,success
inplace-builder-v6,64,crossover,membership_compact_retained,4,528,bytes,success
inplace-builder-v6,64,crossover,membership_compact_peak,0,576,bytes,success
inplace-builder-v6,64,crossover,membership_compact_peak,1,576,bytes,success
inplace-builder-v6,64,crossover,membership_compact_peak,2,576,bytes,success
inplace-builder-v6,64,crossover,membership_compact_peak,3,576,bytes,success
inplace-builder-v6,64,crossover,membership_compact_peak,4,576,bytes,success
inplace-builder-v6,64,crossover,membership_legacy_retained,0,12458,bytes,success
inplace-builder-v6,64,crossover,membership_legacy_retained,1,12458,bytes,success
inplace-builder-v6,64,crossover,membership_legacy_retained,2,12458,bytes,success
inplace-builder-v6,64,crossover,membership_legacy_retained,3,12458,bytes,success
inplace-builder-v6,64,crossover,membership_legacy_retained,4,12458,bytes,success
inplace-builder-v6,64,crossover,membership_legacy_peak,0,13186,bytes,success
inplace-builder-v6,64,crossover,membership_legacy_peak,1,13186,bytes,success
inplace-builder-v6,64,crossover,membership_legacy_peak,2,13186,bytes,success
inplace-builder-v6,64,crossover,membership_legacy_peak,3,13186,bytes,success
inplace-builder-v6,64,crossover,membership_legacy_peak,4,13186,bytes,success
inplace-builder-v6,1024,crossover,cold_prepare,0,1247100,ns,success
inplace-builder-v6,1024,crossover,cold_prepare,1,1293900,ns,success
inplace-builder-v6,1024,crossover,cold_prepare,2,1260900,ns,success
inplace-builder-v6,1024,crossover,cold_prepare,3,1286000,ns,success
inplace-builder-v6,1024,crossover,cold_prepare,4,1347600,ns,success
inplace-builder-v6,1024,crossover,cold_prepare,5,1347700,ns,success
inplace-builder-v6,1024,crossover,cold_prepare,6,1280000,ns,success
inplace-builder-v6,1024,crossover,cold_prepare,7,1242200,ns,success
inplace-builder-v6,1024,crossover,cold_prepare,8,1231600,ns,success
inplace-builder-v6,1024,crossover,cold_prepare,9,1263900,ns,success
inplace-builder-v6,1024,crossover,cold_prepare,10,1312600,ns,success
inplace-builder-v6,1024,crossover,cold_prepare,11,1225500,ns,success
inplace-builder-v6,1024,crossover,cold_prepare,12,1271500,ns,success
inplace-builder-v6,1024,crossover,cold_prepare,13,1227400,ns,success
inplace-builder-v6,1024,crossover,cold_prepare,14,1257000,ns,success
inplace-builder-v6,1024,crossover,warm_prepare,0,1245900,ns,success
inplace-builder-v6,1024,crossover,warm_prepare,1,1172200,ns,success
inplace-builder-v6,1024,crossover,warm_prepare,2,1185400,ns,success
inplace-builder-v6,1024,crossover,warm_prepare,3,1220300,ns,success
inplace-builder-v6,1024,crossover,warm_prepare,4,1213800,ns,success
inplace-builder-v6,1024,crossover,warm_prepare,5,1206600,ns,success
inplace-builder-v6,1024,crossover,warm_prepare,6,1175200,ns,success
inplace-builder-v6,1024,crossover,warm_prepare,7,1207400,ns,success
inplace-builder-v6,1024,crossover,warm_prepare,8,1201400,ns,success
inplace-builder-v6,1024,crossover,warm_prepare,9,1201300,ns,success
inplace-builder-v6,1024,crossover,warm_prepare,10,1181300,ns,success
inplace-builder-v6,1024,crossover,warm_prepare,11,1213000,ns,success
inplace-builder-v6,1024,crossover,warm_prepare,12,1214200,ns,success
inplace-builder-v6,1024,crossover,warm_prepare,13,1211600,ns,success
inplace-builder-v6,1024,crossover,warm_prepare,14,1199300,ns,success
inplace-builder-v6,1024,crossover,cuda_ordinary,0,1998000,ns,success
inplace-builder-v6,1024,crossover,cuda_ordinary,1,1875200,ns,success
inplace-builder-v6,1024,crossover,cuda_ordinary,2,1866500,ns,success
inplace-builder-v6,1024,crossover,cuda_ordinary,3,1863400,ns,success
inplace-builder-v6,1024,crossover,cuda_ordinary,4,1859500,ns,success
inplace-builder-v6,1024,crossover,cuda_ordinary,5,1885200,ns,success
inplace-builder-v6,1024,crossover,cuda_ordinary,6,1861500,ns,success
inplace-builder-v6,1024,crossover,cuda_ordinary,7,1874500,ns,success
inplace-builder-v6,1024,crossover,cuda_ordinary,8,1950100,ns,success
inplace-builder-v6,1024,crossover,cuda_ordinary,9,1896000,ns,success
inplace-builder-v6,1024,crossover,cuda_ordinary,10,1868000,ns,success
inplace-builder-v6,1024,crossover,cuda_ordinary,11,1868700,ns,success
inplace-builder-v6,1024,crossover,cuda_ordinary,12,1848400,ns,success
inplace-builder-v6,1024,crossover,cuda_ordinary,13,1874800,ns,success
inplace-builder-v6,1024,crossover,cuda_ordinary,14,1857600,ns,success
inplace-builder-v6,1024,crossover,cuda_first_build,0,751300,ns,success
inplace-builder-v6,1024,crossover,cuda_first_build,1,757500,ns,success
inplace-builder-v6,1024,crossover,cuda_first_build,2,789700,ns,success
inplace-builder-v6,1024,crossover,cuda_first_build,3,888600,ns,success
inplace-builder-v6,1024,crossover,cuda_first_build,4,728800,ns,success
inplace-builder-v6,1024,crossover,cuda_first_build,5,743600,ns,success
inplace-builder-v6,1024,crossover,cuda_first_build,6,740300,ns,success
inplace-builder-v6,1024,crossover,cuda_first_build,7,738000,ns,success
inplace-builder-v6,1024,crossover,cuda_first_build,8,789100,ns,success
inplace-builder-v6,1024,crossover,cuda_first_build,9,763900,ns,success
inplace-builder-v6,1024,crossover,cuda_first_build,10,729000,ns,success
inplace-builder-v6,1024,crossover,cuda_first_build,11,760800,ns,success
inplace-builder-v6,1024,crossover,cuda_first_build,12,787800,ns,success
inplace-builder-v6,1024,crossover,cuda_first_build,13,838900,ns,success
inplace-builder-v6,1024,crossover,cuda_first_build,14,754500,ns,success
inplace-builder-v6,1024,crossover,cuda_reuse,0,153400,ns,success
inplace-builder-v6,1024,crossover,cuda_reuse,1,150900,ns,success
inplace-builder-v6,1024,crossover,cuda_reuse,2,152300,ns,success
inplace-builder-v6,1024,crossover,cuda_reuse,3,152600,ns,success
inplace-builder-v6,1024,crossover,cuda_reuse,4,155800,ns,success
inplace-builder-v6,1024,crossover,cuda_reuse,5,146100,ns,success
inplace-builder-v6,1024,crossover,cuda_reuse,6,218200,ns,success
inplace-builder-v6,1024,crossover,cuda_reuse,7,144000,ns,success
inplace-builder-v6,1024,crossover,cuda_reuse,8,151600,ns,success
inplace-builder-v6,1024,crossover,cuda_reuse,9,154400,ns,success
inplace-builder-v6,1024,crossover,cuda_reuse,10,162200,ns,success
inplace-builder-v6,1024,crossover,cuda_reuse,11,161700,ns,success
inplace-builder-v6,1024,crossover,cuda_reuse,12,151600,ns,success
inplace-builder-v6,1024,crossover,cuda_reuse,13,151000,ns,success
inplace-builder-v6,1024,crossover,cuda_reuse,14,202500,ns,success
inplace-builder-v6,1024,crossover,membership_compact_prepare,0,8000,ns,success
inplace-builder-v6,1024,crossover,membership_compact_prepare,1,8100,ns,success
inplace-builder-v6,1024,crossover,membership_compact_prepare,2,8400,ns,success
inplace-builder-v6,1024,crossover,membership_compact_prepare,3,8400,ns,success
inplace-builder-v6,1024,crossover,membership_compact_prepare,4,8300,ns,success
inplace-builder-v6,1024,crossover,membership_compact_prepare,5,10900,ns,success
inplace-builder-v6,1024,crossover,membership_compact_prepare,6,8400,ns,success
inplace-builder-v6,1024,crossover,membership_compact_prepare,7,8300,ns,success
inplace-builder-v6,1024,crossover,membership_compact_prepare,8,8100,ns,success
inplace-builder-v6,1024,crossover,membership_compact_prepare,9,8300,ns,success
inplace-builder-v6,1024,crossover,membership_compact_prepare,10,8400,ns,success
inplace-builder-v6,1024,crossover,membership_compact_prepare,11,8200,ns,success
inplace-builder-v6,1024,crossover,membership_compact_prepare,12,8200,ns,success
inplace-builder-v6,1024,crossover,membership_compact_prepare,13,8200,ns,success
inplace-builder-v6,1024,crossover,membership_compact_prepare,14,8500,ns,success
inplace-builder-v6,1024,crossover,membership_legacy_prepare,0,2389100,ns,success
inplace-builder-v6,1024,crossover,membership_legacy_prepare,1,2395200,ns,success
inplace-builder-v6,1024,crossover,membership_legacy_prepare,2,2359800,ns,success
inplace-builder-v6,1024,crossover,membership_legacy_prepare,3,2375900,ns,success
inplace-builder-v6,1024,crossover,membership_legacy_prepare,4,2361700,ns,success
inplace-builder-v6,1024,crossover,membership_legacy_prepare,5,2366900,ns,success
inplace-builder-v6,1024,crossover,membership_legacy_prepare,6,2411800,ns,success
inplace-builder-v6,1024,crossover,membership_legacy_prepare,7,2360900,ns,success
inplace-builder-v6,1024,crossover,membership_legacy_prepare,8,2374800,ns,success
inplace-builder-v6,1024,crossover,membership_legacy_prepare,9,2343300,ns,success
inplace-builder-v6,1024,crossover,membership_legacy_prepare,10,2348200,ns,success
inplace-builder-v6,1024,crossover,membership_legacy_prepare,11,2359600,ns,success
inplace-builder-v6,1024,crossover,membership_legacy_prepare,12,2337000,ns,success
inplace-builder-v6,1024,crossover,membership_legacy_prepare,13,2430700,ns,success
inplace-builder-v6,1024,crossover,membership_legacy_prepare,14,2370600,ns,success
inplace-builder-v6,1024,crossover,membership_compact_hit_block,0,54331600,ns,success
inplace-builder-v6,1024,crossover,membership_compact_hit_block,1,54223300,ns,success
inplace-builder-v6,1024,crossover,membership_compact_hit_block,2,54183000,ns,success
inplace-builder-v6,1024,crossover,membership_compact_hit_block,3,54086700,ns,success
inplace-builder-v6,1024,crossover,membership_compact_hit_block,4,54031800,ns,success
inplace-builder-v6,1024,crossover,membership_compact_hit_block,5,54039800,ns,success
inplace-builder-v6,1024,crossover,membership_compact_hit_block,6,54042600,ns,success
inplace-builder-v6,1024,crossover,membership_compact_hit_block,7,54032300,ns,success
inplace-builder-v6,1024,crossover,membership_compact_hit_block,8,54446400,ns,success
inplace-builder-v6,1024,crossover,membership_compact_hit_block,9,54221600,ns,success
inplace-builder-v6,1024,crossover,membership_compact_hit_block,10,54265900,ns,success
inplace-builder-v6,1024,crossover,membership_compact_hit_block,11,54194800,ns,success
inplace-builder-v6,1024,crossover,membership_compact_hit_block,12,54331200,ns,success
inplace-builder-v6,1024,crossover,membership_compact_hit_block,13,54130400,ns,success
inplace-builder-v6,1024,crossover,membership_compact_hit_block,14,54188400,ns,success
inplace-builder-v6,1024,crossover,membership_compact_miss_block,0,2655200,ns,success
inplace-builder-v6,1024,crossover,membership_compact_miss_block,1,2589200,ns,success
inplace-builder-v6,1024,crossover,membership_compact_miss_block,2,2589600,ns,success
inplace-builder-v6,1024,crossover,membership_compact_miss_block,3,2590500,ns,success
inplace-builder-v6,1024,crossover,membership_compact_miss_block,4,2590000,ns,success
inplace-builder-v6,1024,crossover,membership_compact_miss_block,5,2588800,ns,success
inplace-builder-v6,1024,crossover,membership_compact_miss_block,6,2583000,ns,success
inplace-builder-v6,1024,crossover,membership_compact_miss_block,7,2593800,ns,success
inplace-builder-v6,1024,crossover,membership_compact_miss_block,8,2592500,ns,success
inplace-builder-v6,1024,crossover,membership_compact_miss_block,9,2597900,ns,success
inplace-builder-v6,1024,crossover,membership_compact_miss_block,10,2583600,ns,success
inplace-builder-v6,1024,crossover,membership_compact_miss_block,11,2604900,ns,success
inplace-builder-v6,1024,crossover,membership_compact_miss_block,12,2592100,ns,success
inplace-builder-v6,1024,crossover,membership_compact_miss_block,13,2599500,ns,success
inplace-builder-v6,1024,crossover,membership_compact_miss_block,14,2590500,ns,success
inplace-builder-v6,1024,crossover,membership_legacy_hit_block,0,1082700,ns,success
inplace-builder-v6,1024,crossover,membership_legacy_hit_block,1,1087900,ns,success
inplace-builder-v6,1024,crossover,membership_legacy_hit_block,2,1097800,ns,success
inplace-builder-v6,1024,crossover,membership_legacy_hit_block,3,1089200,ns,success
inplace-builder-v6,1024,crossover,membership_legacy_hit_block,4,1085000,ns,success
inplace-builder-v6,1024,crossover,membership_legacy_hit_block,5,1079600,ns,success
inplace-builder-v6,1024,crossover,membership_legacy_hit_block,6,1094000,ns,success
inplace-builder-v6,1024,crossover,membership_legacy_hit_block,7,1091200,ns,success
inplace-builder-v6,1024,crossover,membership_legacy_hit_block,8,1086500,ns,success
inplace-builder-v6,1024,crossover,membership_legacy_hit_block,9,1081700,ns,success
inplace-builder-v6,1024,crossover,membership_legacy_hit_block,10,1093000,ns,success
inplace-builder-v6,1024,crossover,membership_legacy_hit_block,11,1087000,ns,success
inplace-builder-v6,1024,crossover,membership_legacy_hit_block,12,1088200,ns,success
inplace-builder-v6,1024,crossover,membership_legacy_hit_block,13,1122500,ns,success
inplace-builder-v6,1024,crossover,membership_legacy_hit_block,14,1085800,ns,success
inplace-builder-v6,1024,crossover,membership_legacy_miss_block,0,831100,ns,success
inplace-builder-v6,1024,crossover,membership_legacy_miss_block,1,836900,ns,success
inplace-builder-v6,1024,crossover,membership_legacy_miss_block,2,832200,ns,success
inplace-builder-v6,1024,crossover,membership_legacy_miss_block,3,833900,ns,success
inplace-builder-v6,1024,crossover,membership_legacy_miss_block,4,832700,ns,success
inplace-builder-v6,1024,crossover,membership_legacy_miss_block,5,836900,ns,success
inplace-builder-v6,1024,crossover,membership_legacy_miss_block,6,827000,ns,success
inplace-builder-v6,1024,crossover,membership_legacy_miss_block,7,826100,ns,success
inplace-builder-v6,1024,crossover,membership_legacy_miss_block,8,837300,ns,success
inplace-builder-v6,1024,crossover,membership_legacy_miss_block,9,836600,ns,success
inplace-builder-v6,1024,crossover,membership_legacy_miss_block,10,827400,ns,success
inplace-builder-v6,1024,crossover,membership_legacy_miss_block,11,877400,ns,success
inplace-builder-v6,1024,crossover,membership_legacy_miss_block,12,832400,ns,success
inplace-builder-v6,1024,crossover,membership_legacy_miss_block,13,862500,ns,success
inplace-builder-v6,1024,crossover,membership_legacy_miss_block,14,832400,ns,success
inplace-builder-v6,1024,crossover,prepared_retained,0,14315,bytes,success
inplace-builder-v6,1024,crossover,prepared_retained,1,14315,bytes,success
inplace-builder-v6,1024,crossover,prepared_retained,2,14315,bytes,success
inplace-builder-v6,1024,crossover,prepared_retained,3,14315,bytes,success
inplace-builder-v6,1024,crossover,prepared_retained,4,14315,bytes,success
inplace-builder-v6,1024,crossover,prepared_peak,0,19116,bytes,success
inplace-builder-v6,1024,crossover,prepared_peak,1,19116,bytes,success
inplace-builder-v6,1024,crossover,prepared_peak,2,19116,bytes,success
inplace-builder-v6,1024,crossover,prepared_peak,3,19116,bytes,success
inplace-builder-v6,1024,crossover,prepared_peak,4,19116,bytes,success
inplace-builder-v6,1024,crossover,membership_compact_retained,0,528,bytes,success
inplace-builder-v6,1024,crossover,membership_compact_retained,1,528,bytes,success
inplace-builder-v6,1024,crossover,membership_compact_retained,2,528,bytes,success
inplace-builder-v6,1024,crossover,membership_compact_retained,3,528,bytes,success
inplace-builder-v6,1024,crossover,membership_compact_retained,4,528,bytes,success
inplace-builder-v6,1024,crossover,membership_compact_peak,0,576,bytes,success
inplace-builder-v6,1024,crossover,membership_compact_peak,1,576,bytes,success
inplace-builder-v6,1024,crossover,membership_compact_peak,2,576,bytes,success
inplace-builder-v6,1024,crossover,membership_compact_peak,3,576,bytes,success
inplace-builder-v6,1024,crossover,membership_compact_peak,4,576,bytes,success
inplace-builder-v6,1024,crossover,membership_legacy_retained,0,189154,bytes,success
inplace-builder-v6,1024,crossover,membership_legacy_retained,1,189154,bytes,success
inplace-builder-v6,1024,crossover,membership_legacy_retained,2,189154,bytes,success
inplace-builder-v6,1024,crossover,membership_legacy_retained,3,189154,bytes,success
inplace-builder-v6,1024,crossover,membership_legacy_retained,4,189154,bytes,success
inplace-builder-v6,1024,crossover,membership_legacy_peak,0,189882,bytes,success
inplace-builder-v6,1024,crossover,membership_legacy_peak,1,189882,bytes,success
inplace-builder-v6,1024,crossover,membership_legacy_peak,2,189882,bytes,success
inplace-builder-v6,1024,crossover,membership_legacy_peak,3,189882,bytes,success
inplace-builder-v6,1024,crossover,membership_legacy_peak,4,189882,bytes,success
inplace-builder-v6,59049,crossover,cold_prepare,0,64602000,ns,success
inplace-builder-v6,59049,crossover,cold_prepare,1,64403400,ns,success
inplace-builder-v6,59049,crossover,cold_prepare,2,64979500,ns,success
inplace-builder-v6,59049,crossover,cold_prepare,3,64390100,ns,success
inplace-builder-v6,59049,crossover,cold_prepare,4,64460700,ns,success
inplace-builder-v6,59049,crossover,cold_prepare,5,64847000,ns,success
inplace-builder-v6,59049,crossover,cold_prepare,6,64877100,ns,success
inplace-builder-v6,59049,crossover,cold_prepare,7,64453200,ns,success
inplace-builder-v6,59049,crossover,cold_prepare,8,64605800,ns,success
inplace-builder-v6,59049,crossover,cold_prepare,9,64933600,ns,success
inplace-builder-v6,59049,crossover,cold_prepare,10,64696600,ns,success
inplace-builder-v6,59049,crossover,cold_prepare,11,66543600,ns,success
inplace-builder-v6,59049,crossover,cold_prepare,12,64574400,ns,success
inplace-builder-v6,59049,crossover,cold_prepare,13,64334400,ns,success
inplace-builder-v6,59049,crossover,cold_prepare,14,64735700,ns,success
inplace-builder-v6,59049,crossover,warm_prepare,0,65168600,ns,success
inplace-builder-v6,59049,crossover,warm_prepare,1,65060100,ns,success
inplace-builder-v6,59049,crossover,warm_prepare,2,65418500,ns,success
inplace-builder-v6,59049,crossover,warm_prepare,3,65028700,ns,success
inplace-builder-v6,59049,crossover,warm_prepare,4,65288600,ns,success
inplace-builder-v6,59049,crossover,warm_prepare,5,65209800,ns,success
inplace-builder-v6,59049,crossover,warm_prepare,6,65502000,ns,success
inplace-builder-v6,59049,crossover,warm_prepare,7,65101300,ns,success
inplace-builder-v6,59049,crossover,warm_prepare,8,65119100,ns,success
inplace-builder-v6,59049,crossover,warm_prepare,9,65091500,ns,success
inplace-builder-v6,59049,crossover,warm_prepare,10,65420600,ns,success
inplace-builder-v6,59049,crossover,warm_prepare,11,65012500,ns,success
inplace-builder-v6,59049,crossover,warm_prepare,12,65024700,ns,success
inplace-builder-v6,59049,crossover,warm_prepare,13,64895200,ns,success
inplace-builder-v6,59049,crossover,warm_prepare,14,64803300,ns,success
inplace-builder-v6,59049,crossover,cuda_ordinary,0,91364700,ns,success
inplace-builder-v6,59049,crossover,cuda_ordinary,1,91219700,ns,success
inplace-builder-v6,59049,crossover,cuda_ordinary,2,91134600,ns,success
inplace-builder-v6,59049,crossover,cuda_ordinary,3,90711800,ns,success
inplace-builder-v6,59049,crossover,cuda_ordinary,4,90913200,ns,success
inplace-builder-v6,59049,crossover,cuda_ordinary,5,91161800,ns,success
inplace-builder-v6,59049,crossover,cuda_ordinary,6,91227200,ns,success
inplace-builder-v6,59049,crossover,cuda_ordinary,7,90953200,ns,success
inplace-builder-v6,59049,crossover,cuda_ordinary,8,91190700,ns,success
inplace-builder-v6,59049,crossover,cuda_ordinary,9,91028900,ns,success
inplace-builder-v6,59049,crossover,cuda_ordinary,10,91356100,ns,success
inplace-builder-v6,59049,crossover,cuda_ordinary,11,90869000,ns,success
inplace-builder-v6,59049,crossover,cuda_ordinary,12,91279800,ns,success
inplace-builder-v6,59049,crossover,cuda_ordinary,13,91625100,ns,success
inplace-builder-v6,59049,crossover,cuda_ordinary,14,91290400,ns,success
inplace-builder-v6,59049,crossover,cuda_first_build,0,1096100,ns,success
inplace-builder-v6,59049,crossover,cuda_first_build,1,1009300,ns,success
inplace-builder-v6,59049,crossover,cuda_first_build,2,993100,ns,success
inplace-builder-v6,59049,crossover,cuda_first_build,3,1031200,ns,success
inplace-builder-v6,59049,crossover,cuda_first_build,4,998900,ns,success
inplace-builder-v6,59049,crossover,cuda_first_build,5,962500,ns,success
inplace-builder-v6,59049,crossover,cuda_first_build,6,1010100,ns,success
inplace-builder-v6,59049,crossover,cuda_first_build,7,986500,ns,success
inplace-builder-v6,59049,crossover,cuda_first_build,8,1078400,ns,success
inplace-builder-v6,59049,crossover,cuda_first_build,9,1142700,ns,success
inplace-builder-v6,59049,crossover,cuda_first_build,10,1021500,ns,success
inplace-builder-v6,59049,crossover,cuda_first_build,11,1004500,ns,success
inplace-builder-v6,59049,crossover,cuda_first_build,12,1050900,ns,success
inplace-builder-v6,59049,crossover,cuda_first_build,13,1001000,ns,success
inplace-builder-v6,59049,crossover,cuda_first_build,14,1084200,ns,success
inplace-builder-v6,59049,crossover,cuda_reuse,0,373500,ns,success
inplace-builder-v6,59049,crossover,cuda_reuse,1,373400,ns,success
inplace-builder-v6,59049,crossover,cuda_reuse,2,389500,ns,success
inplace-builder-v6,59049,crossover,cuda_reuse,3,367500,ns,success
inplace-builder-v6,59049,crossover,cuda_reuse,4,365400,ns,success
inplace-builder-v6,59049,crossover,cuda_reuse,5,373700,ns,success
inplace-builder-v6,59049,crossover,cuda_reuse,6,375200,ns,success
inplace-builder-v6,59049,crossover,cuda_reuse,7,388900,ns,success
inplace-builder-v6,59049,crossover,cuda_reuse,8,367600,ns,success
inplace-builder-v6,59049,crossover,cuda_reuse,9,382800,ns,success
inplace-builder-v6,59049,crossover,cuda_reuse,10,385200,ns,success
inplace-builder-v6,59049,crossover,cuda_reuse,11,389800,ns,success
inplace-builder-v6,59049,crossover,cuda_reuse,12,424000,ns,success
inplace-builder-v6,59049,crossover,cuda_reuse,13,373300,ns,success
inplace-builder-v6,59049,crossover,cuda_reuse,14,373800,ns,success
inplace-builder-v6,59049,crossover,membership_compact_prepare,0,11500,ns,success
inplace-builder-v6,59049,crossover,membership_compact_prepare,1,15800,ns,success
inplace-builder-v6,59049,crossover,membership_compact_prepare,2,17200,ns,success
inplace-builder-v6,59049,crossover,membership_compact_prepare,3,17300,ns,success
inplace-builder-v6,59049,crossover,membership_compact_prepare,4,17300,ns,success
inplace-builder-v6,59049,crossover,membership_compact_prepare,5,17600,ns,success
inplace-builder-v6,59049,crossover,membership_compact_prepare,6,16500,ns,success
inplace-builder-v6,59049,crossover,membership_compact_prepare,7,18600,ns,success
inplace-builder-v6,59049,crossover,membership_compact_prepare,8,22300,ns,success
inplace-builder-v6,59049,crossover,membership_compact_prepare,9,18700,ns,success
inplace-builder-v6,59049,crossover,membership_compact_prepare,10,19000,ns,success
inplace-builder-v6,59049,crossover,membership_compact_prepare,11,21600,ns,success
inplace-builder-v6,59049,crossover,membership_compact_prepare,12,22200,ns,success
inplace-builder-v6,59049,crossover,membership_compact_prepare,13,19600,ns,success
inplace-builder-v6,59049,crossover,membership_compact_prepare,14,17300,ns,success
inplace-builder-v6,59049,crossover,membership_legacy_prepare,0,138214300,ns,success
inplace-builder-v6,59049,crossover,membership_legacy_prepare,1,151600000,ns,success
inplace-builder-v6,59049,crossover,membership_legacy_prepare,2,151108700,ns,success
inplace-builder-v6,59049,crossover,membership_legacy_prepare,3,151077900,ns,success
inplace-builder-v6,59049,crossover,membership_legacy_prepare,4,149868000,ns,success
inplace-builder-v6,59049,crossover,membership_legacy_prepare,5,150823600,ns,success
inplace-builder-v6,59049,crossover,membership_legacy_prepare,6,152714600,ns,success
inplace-builder-v6,59049,crossover,membership_legacy_prepare,7,159936700,ns,success
inplace-builder-v6,59049,crossover,membership_legacy_prepare,8,159949400,ns,success
inplace-builder-v6,59049,crossover,membership_legacy_prepare,9,164845400,ns,success
inplace-builder-v6,59049,crossover,membership_legacy_prepare,10,156099500,ns,success
inplace-builder-v6,59049,crossover,membership_legacy_prepare,11,152724000,ns,success
inplace-builder-v6,59049,crossover,membership_legacy_prepare,12,151415000,ns,success
inplace-builder-v6,59049,crossover,membership_legacy_prepare,13,152782200,ns,success
inplace-builder-v6,59049,crossover,membership_legacy_prepare,14,152306300,ns,success
inplace-builder-v6,59049,crossover,membership_compact_hit_block,0,71827000,ns,success
inplace-builder-v6,59049,crossover,membership_compact_hit_block,1,70779400,ns,success
inplace-builder-v6,59049,crossover,membership_compact_hit_block,2,71118900,ns,success
inplace-builder-v6,59049,crossover,membership_compact_hit_block,3,70686400,ns,success
inplace-builder-v6,59049,crossover,membership_compact_hit_block,4,70665600,ns,success
inplace-builder-v6,59049,crossover,membership_compact_hit_block,5,70517800,ns,success
inplace-builder-v6,59049,crossover,membership_compact_hit_block,6,70998900,ns,success
inplace-builder-v6,59049,crossover,membership_compact_hit_block,7,71012600,ns,success
inplace-builder-v6,59049,crossover,membership_compact_hit_block,8,70735400,ns,success
inplace-builder-v6,59049,crossover,membership_compact_hit_block,9,70669500,ns,success
inplace-builder-v6,59049,crossover,membership_compact_hit_block,10,70890600,ns,success
inplace-builder-v6,59049,crossover,membership_compact_hit_block,11,70887800,ns,success
inplace-builder-v6,59049,crossover,membership_compact_hit_block,12,70631600,ns,success
inplace-builder-v6,59049,crossover,membership_compact_hit_block,13,70724600,ns,success
inplace-builder-v6,59049,crossover,membership_compact_hit_block,14,70722500,ns,success
inplace-builder-v6,59049,crossover,membership_compact_miss_block,0,2600800,ns,success
inplace-builder-v6,59049,crossover,membership_compact_miss_block,1,2579400,ns,success
inplace-builder-v6,59049,crossover,membership_compact_miss_block,2,2586600,ns,success
inplace-builder-v6,59049,crossover,membership_compact_miss_block,3,2595500,ns,success
inplace-builder-v6,59049,crossover,membership_compact_miss_block,4,2608300,ns,success
inplace-builder-v6,59049,crossover,membership_compact_miss_block,5,2587800,ns,success
inplace-builder-v6,59049,crossover,membership_compact_miss_block,6,2626700,ns,success
inplace-builder-v6,59049,crossover,membership_compact_miss_block,7,2581000,ns,success
inplace-builder-v6,59049,crossover,membership_compact_miss_block,8,2647800,ns,success
inplace-builder-v6,59049,crossover,membership_compact_miss_block,9,2588100,ns,success
inplace-builder-v6,59049,crossover,membership_compact_miss_block,10,2653500,ns,success
inplace-builder-v6,59049,crossover,membership_compact_miss_block,11,2594300,ns,success
inplace-builder-v6,59049,crossover,membership_compact_miss_block,12,3525200,ns,success
inplace-builder-v6,59049,crossover,membership_compact_miss_block,13,2608800,ns,success
inplace-builder-v6,59049,crossover,membership_compact_miss_block,14,2598800,ns,success
inplace-builder-v6,59049,crossover,membership_legacy_hit_block,0,1105200,ns,success
inplace-builder-v6,59049,crossover,membership_legacy_hit_block,1,1103700,ns,success
inplace-builder-v6,59049,crossover,membership_legacy_hit_block,2,1141600,ns,success
inplace-builder-v6,59049,crossover,membership_legacy_hit_block,3,1092600,ns,success
inplace-builder-v6,59049,crossover,membership_legacy_hit_block,4,1145000,ns,success
inplace-builder-v6,59049,crossover,membership_legacy_hit_block,5,1101800,ns,success
inplace-builder-v6,59049,crossover,membership_legacy_hit_block,6,1122300,ns,success
inplace-builder-v6,59049,crossover,membership_legacy_hit_block,7,1111200,ns,success
inplace-builder-v6,59049,crossover,membership_legacy_hit_block,8,1099800,ns,success
inplace-builder-v6,59049,crossover,membership_legacy_hit_block,9,1111300,ns,success
inplace-builder-v6,59049,crossover,membership_legacy_hit_block,10,1101400,ns,success
inplace-builder-v6,59049,crossover,membership_legacy_hit_block,11,1099700,ns,success
inplace-builder-v6,59049,crossover,membership_legacy_hit_block,12,1100300,ns,success
inplace-builder-v6,59049,crossover,membership_legacy_hit_block,13,1105600,ns,success
inplace-builder-v6,59049,crossover,membership_legacy_hit_block,14,1097600,ns,success
inplace-builder-v6,59049,crossover,membership_legacy_miss_block,0,864200,ns,success
inplace-builder-v6,59049,crossover,membership_legacy_miss_block,1,827800,ns,success
inplace-builder-v6,59049,crossover,membership_legacy_miss_block,2,863100,ns,success
inplace-builder-v6,59049,crossover,membership_legacy_miss_block,3,839400,ns,success
inplace-builder-v6,59049,crossover,membership_legacy_miss_block,4,833200,ns,success
inplace-builder-v6,59049,crossover,membership_legacy_miss_block,5,841800,ns,success
inplace-builder-v6,59049,crossover,membership_legacy_miss_block,6,833600,ns,success
inplace-builder-v6,59049,crossover,membership_legacy_miss_block,7,827900,ns,success
inplace-builder-v6,59049,crossover,membership_legacy_miss_block,8,840800,ns,success
inplace-builder-v6,59049,crossover,membership_legacy_miss_block,9,829200,ns,success
inplace-builder-v6,59049,crossover,membership_legacy_miss_block,10,834000,ns,success
inplace-builder-v6,59049,crossover,membership_legacy_miss_block,11,835600,ns,success
inplace-builder-v6,59049,crossover,membership_legacy_miss_block,12,842000,ns,success
inplace-builder-v6,59049,crossover,membership_legacy_miss_block,13,836800,ns,success
inplace-builder-v6,59049,crossover,membership_legacy_miss_block,14,839400,ns,success
inplace-builder-v6,59049,crossover,prepared_retained,0,710647,bytes,success
inplace-builder-v6,59049,crossover,prepared_retained,1,710647,bytes,success
inplace-builder-v6,59049,crossover,prepared_retained,2,710647,bytes,success
inplace-builder-v6,59049,crossover,prepared_retained,3,710647,bytes,success
inplace-builder-v6,59049,crossover,prepared_retained,4,710647,bytes,success
inplace-builder-v6,59049,crossover,prepared_peak,0,962052,bytes,success
inplace-builder-v6,59049,crossover,prepared_peak,1,962052,bytes,success
inplace-builder-v6,59049,crossover,prepared_peak,2,962052,bytes,success
inplace-builder-v6,59049,crossover,prepared_peak,3,962052,bytes,success
inplace-builder-v6,59049,crossover,prepared_peak,4,962052,bytes,success
inplace-builder-v6,59049,crossover,membership_compact_retained,0,528,bytes,success
inplace-builder-v6,59049,crossover,membership_compact_retained,1,528,bytes,success
inplace-builder-v6,59049,crossover,membership_compact_retained,2,528,bytes,success
inplace-builder-v6,59049,crossover,membership_compact_retained,3,528,bytes,success
inplace-builder-v6,59049,crossover,membership_compact_retained,4,528,bytes,success
inplace-builder-v6,59049,crossover,membership_compact_peak,0,576,bytes,success
inplace-builder-v6,59049,crossover,membership_compact_peak,1,576,bytes,success
inplace-builder-v6,59049,crossover,membership_compact_peak,2,576,bytes,success
inplace-builder-v6,59049,crossover,membership_compact_peak,3,576,bytes,success
inplace-builder-v6,59049,crossover,membership_compact_peak,4,576,bytes,success
inplace-builder-v6,59049,crossover,membership_legacy_retained,0,11180412,bytes,success
inplace-builder-v6,59049,crossover,membership_legacy_retained,1,11180412,bytes,success
inplace-builder-v6,59049,crossover,membership_legacy_retained,2,11180412,bytes,success
inplace-builder-v6,59049,crossover,membership_legacy_retained,3,11180412,bytes,success
inplace-builder-v6,59049,crossover,membership_legacy_retained,4,11180412,bytes,success
inplace-builder-v6,59049,crossover,membership_legacy_peak,0,11181140,bytes,success
inplace-builder-v6,59049,crossover,membership_legacy_peak,1,11181140,bytes,success
inplace-builder-v6,59049,crossover,membership_legacy_peak,2,11181140,bytes,success
inplace-builder-v6,59049,crossover,membership_legacy_peak,3,11181140,bytes,success
inplace-builder-v6,59049,crossover,membership_legacy_peak,4,11181140,bytes,success
packed-builder-v5,1,crossover,cold_prepare,0,161500,ns,success
packed-builder-v5,1,crossover,cold_prepare,1,154600,ns,success
packed-builder-v5,1,crossover,cold_prepare,2,159200,ns,success
packed-builder-v5,1,crossover,cold_prepare,3,255400,ns,success
packed-builder-v5,1,crossover,cold_prepare,4,146500,ns,success
packed-builder-v5,1,crossover,cold_prepare,5,202200,ns,success
packed-builder-v5,1,crossover,cold_prepare,6,173200,ns,success
packed-builder-v5,1,crossover,cold_prepare,7,170400,ns,success
packed-builder-v5,1,crossover,cold_prepare,8,162600,ns,success
packed-builder-v5,1,crossover,cold_prepare,9,149200,ns,success
packed-builder-v5,1,crossover,cold_prepare,10,140700,ns,success
packed-builder-v5,1,crossover,cold_prepare,11,157800,ns,success
packed-builder-v5,1,crossover,cold_prepare,12,171900,ns,success
packed-builder-v5,1,crossover,cold_prepare,13,168400,ns,success
packed-builder-v5,1,crossover,cold_prepare,14,151500,ns,success
packed-builder-v5,1,crossover,warm_prepare,0,116300,ns,success
packed-builder-v5,1,crossover,warm_prepare,1,117000,ns,success
packed-builder-v5,1,crossover,warm_prepare,2,86000,ns,success
packed-builder-v5,1,crossover,warm_prepare,3,85000,ns,success
packed-builder-v5,1,crossover,warm_prepare,4,82200,ns,success
packed-builder-v5,1,crossover,warm_prepare,5,93600,ns,success
packed-builder-v5,1,crossover,warm_prepare,6,80600,ns,success
packed-builder-v5,1,crossover,warm_prepare,7,81800,ns,success
packed-builder-v5,1,crossover,warm_prepare,8,84400,ns,success
packed-builder-v5,1,crossover,warm_prepare,9,83200,ns,success
packed-builder-v5,1,crossover,warm_prepare,10,85000,ns,success
packed-builder-v5,1,crossover,warm_prepare,11,81200,ns,success
packed-builder-v5,1,crossover,warm_prepare,12,82200,ns,success
packed-builder-v5,1,crossover,warm_prepare,13,82400,ns,success
packed-builder-v5,1,crossover,warm_prepare,14,81200,ns,success
packed-builder-v5,1,crossover,cuda_ordinary,0,301700,ns,success
packed-builder-v5,1,crossover,cuda_ordinary,1,263200,ns,success
packed-builder-v5,1,crossover,cuda_ordinary,2,252300,ns,success
packed-builder-v5,1,crossover,cuda_ordinary,3,260200,ns,success
packed-builder-v5,1,crossover,cuda_ordinary,4,279500,ns,success
packed-builder-v5,1,crossover,cuda_ordinary,5,248200,ns,success
packed-builder-v5,1,crossover,cuda_ordinary,6,244300,ns,success
packed-builder-v5,1,crossover,cuda_ordinary,7,244900,ns,success
packed-builder-v5,1,crossover,cuda_ordinary,8,245900,ns,success
packed-builder-v5,1,crossover,cuda_ordinary,9,275700,ns,success
packed-builder-v5,1,crossover,cuda_ordinary,10,248300,ns,success
packed-builder-v5,1,crossover,cuda_ordinary,11,243600,ns,success
packed-builder-v5,1,crossover,cuda_ordinary,12,246200,ns,success
packed-builder-v5,1,crossover,cuda_ordinary,13,244700,ns,success
packed-builder-v5,1,crossover,cuda_ordinary,14,274500,ns,success
packed-builder-v5,1,crossover,cuda_first_build,0,914400,ns,success
packed-builder-v5,1,crossover,cuda_first_build,1,814000,ns,success
packed-builder-v5,1,crossover,cuda_first_build,2,635400,ns,success
packed-builder-v5,1,crossover,cuda_first_build,3,657900,ns,success
packed-builder-v5,1,crossover,cuda_first_build,4,590300,ns,success
packed-builder-v5,1,crossover,cuda_first_build,5,814500,ns,success
packed-builder-v5,1,crossover,cuda_first_build,6,815700,ns,success
packed-builder-v5,1,crossover,cuda_first_build,7,758500,ns,success
packed-builder-v5,1,crossover,cuda_first_build,8,876700,ns,success
packed-builder-v5,1,crossover,cuda_first_build,9,770500,ns,success
packed-builder-v5,1,crossover,cuda_first_build,10,732900,ns,success
packed-builder-v5,1,crossover,cuda_first_build,11,788700,ns,success
packed-builder-v5,1,crossover,cuda_first_build,12,839900,ns,success
packed-builder-v5,1,crossover,cuda_first_build,13,766900,ns,success
packed-builder-v5,1,crossover,cuda_first_build,14,801600,ns,success
packed-builder-v5,1,crossover,cuda_reuse,0,182100,ns,success
packed-builder-v5,1,crossover,cuda_reuse,1,127900,ns,success
packed-builder-v5,1,crossover,cuda_reuse,2,122800,ns,success
packed-builder-v5,1,crossover,cuda_reuse,3,121700,ns,success
packed-builder-v5,1,crossover,cuda_reuse,4,123200,ns,success
packed-builder-v5,1,crossover,cuda_reuse,5,121200,ns,success
packed-builder-v5,1,crossover,cuda_reuse,6,123900,ns,success
packed-builder-v5,1,crossover,cuda_reuse,7,124900,ns,success
packed-builder-v5,1,crossover,cuda_reuse,8,123400,ns,success
packed-builder-v5,1,crossover,cuda_reuse,9,123000,ns,success
packed-builder-v5,1,crossover,cuda_reuse,10,120400,ns,success
packed-builder-v5,1,crossover,cuda_reuse,11,116700,ns,success
packed-builder-v5,1,crossover,cuda_reuse,12,120300,ns,success
packed-builder-v5,1,crossover,cuda_reuse,13,122500,ns,success
packed-builder-v5,1,crossover,cuda_reuse,14,123800,ns,success
packed-builder-v5,1,crossover,membership_compact_prepare,0,8400,ns,success
packed-builder-v5,1,crossover,membership_compact_prepare,1,8500,ns,success
packed-builder-v5,1,crossover,membership_compact_prepare,2,8800,ns,success
packed-builder-v5,1,crossover,membership_compact_prepare,3,8000,ns,success
packed-builder-v5,1,crossover,membership_compact_prepare,4,8400,ns,success
packed-builder-v5,1,crossover,membership_compact_prepare,5,8000,ns,success
packed-builder-v5,1,crossover,membership_compact_prepare,6,7600,ns,success
packed-builder-v5,1,crossover,membership_compact_prepare,7,7800,ns,success
packed-builder-v5,1,crossover,membership_compact_prepare,8,10400,ns,success
packed-builder-v5,1,crossover,membership_compact_prepare,9,8700,ns,success
packed-builder-v5,1,crossover,membership_compact_prepare,10,8600,ns,success
packed-builder-v5,1,crossover,membership_compact_prepare,11,9000,ns,success
packed-builder-v5,1,crossover,membership_compact_prepare,12,7900,ns,success
packed-builder-v5,1,crossover,membership_compact_prepare,13,7800,ns,success
packed-builder-v5,1,crossover,membership_compact_prepare,14,7900,ns,success
packed-builder-v5,1,crossover,membership_legacy_prepare,0,16900,ns,success
packed-builder-v5,1,crossover,membership_legacy_prepare,1,12300,ns,success
packed-builder-v5,1,crossover,membership_legacy_prepare,2,11600,ns,success
packed-builder-v5,1,crossover,membership_legacy_prepare,3,10800,ns,success
packed-builder-v5,1,crossover,membership_legacy_prepare,4,10800,ns,success
packed-builder-v5,1,crossover,membership_legacy_prepare,5,10900,ns,success
packed-builder-v5,1,crossover,membership_legacy_prepare,6,10800,ns,success
packed-builder-v5,1,crossover,membership_legacy_prepare,7,10800,ns,success
packed-builder-v5,1,crossover,membership_legacy_prepare,8,11700,ns,success
packed-builder-v5,1,crossover,membership_legacy_prepare,9,10800,ns,success
packed-builder-v5,1,crossover,membership_legacy_prepare,10,11500,ns,success
packed-builder-v5,1,crossover,membership_legacy_prepare,11,11000,ns,success
packed-builder-v5,1,crossover,membership_legacy_prepare,12,10700,ns,success
packed-builder-v5,1,crossover,membership_legacy_prepare,13,10700,ns,success
packed-builder-v5,1,crossover,membership_legacy_prepare,14,11000,ns,success
packed-builder-v5,1,crossover,membership_compact_hit_block,0,10269600,ns,success
packed-builder-v5,1,crossover,membership_compact_hit_block,1,10301100,ns,success
packed-builder-v5,1,crossover,membership_compact_hit_block,2,10160700,ns,success
packed-builder-v5,1,crossover,membership_compact_hit_block,3,10462500,ns,success
packed-builder-v5,1,crossover,membership_compact_hit_block,4,10264700,ns,success
packed-builder-v5,1,crossover,membership_compact_hit_block,5,10278300,ns,success
packed-builder-v5,1,crossover,membership_compact_hit_block,6,10261100,ns,success
packed-builder-v5,1,crossover,membership_compact_hit_block,7,10217100,ns,success
packed-builder-v5,1,crossover,membership_compact_hit_block,8,10281500,ns,success
packed-builder-v5,1,crossover,membership_compact_hit_block,9,10299900,ns,success
packed-builder-v5,1,crossover,membership_compact_hit_block,10,10194300,ns,success
packed-builder-v5,1,crossover,membership_compact_hit_block,11,10218400,ns,success
packed-builder-v5,1,crossover,membership_compact_hit_block,12,10993900,ns,success
packed-builder-v5,1,crossover,membership_compact_hit_block,13,10274900,ns,success
packed-builder-v5,1,crossover,membership_compact_hit_block,14,10238700,ns,success
packed-builder-v5,1,crossover,membership_compact_miss_block,0,2695900,ns,success
packed-builder-v5,1,crossover,membership_compact_miss_block,1,2573800,ns,success
packed-builder-v5,1,crossover,membership_compact_miss_block,2,2586800,ns,success
packed-builder-v5,1,crossover,membership_compact_miss_block,3,2661100,ns,success
packed-builder-v5,1,crossover,membership_compact_miss_block,4,2652400,ns,success
packed-builder-v5,1,crossover,membership_compact_miss_block,5,2669400,ns,success
packed-builder-v5,1,crossover,membership_compact_miss_block,6,2665500,ns,success
packed-builder-v5,1,crossover,membership_compact_miss_block,7,2665000,ns,success
packed-builder-v5,1,crossover,membership_compact_miss_block,8,2660800,ns,success
packed-builder-v5,1,crossover,membership_compact_miss_block,9,2662000,ns,success
packed-builder-v5,1,crossover,membership_compact_miss_block,10,2652100,ns,success
packed-builder-v5,1,crossover,membership_compact_miss_block,11,2658900,ns,success
packed-builder-v5,1,crossover,membership_compact_miss_block,12,2659700,ns,success
packed-builder-v5,1,crossover,membership_compact_miss_block,13,2655500,ns,success
packed-builder-v5,1,crossover,membership_compact_miss_block,14,2658600,ns,success
packed-builder-v5,1,crossover,membership_legacy_hit_block,0,1076000,ns,success
packed-builder-v5,1,crossover,membership_legacy_hit_block,1,1078700,ns,success
packed-builder-v5,1,crossover,membership_legacy_hit_block,2,1090400,ns,success
packed-builder-v5,1,crossover,membership_legacy_hit_block,3,1077700,ns,success
packed-builder-v5,1,crossover,membership_legacy_hit_block,4,1079000,ns,success
packed-builder-v5,1,crossover,membership_legacy_hit_block,5,1081300,ns,success
packed-builder-v5,1,crossover,membership_legacy_hit_block,6,1070700,ns,success
packed-builder-v5,1,crossover,membership_legacy_hit_block,7,1079300,ns,success
packed-builder-v5,1,crossover,membership_legacy_hit_block,8,1074000,ns,success
packed-builder-v5,1,crossover,membership_legacy_hit_block,9,1080000,ns,success
packed-builder-v5,1,crossover,membership_legacy_hit_block,10,1081900,ns,success
packed-builder-v5,1,crossover,membership_legacy_hit_block,11,1070400,ns,success
packed-builder-v5,1,crossover,membership_legacy_hit_block,12,1076200,ns,success
packed-builder-v5,1,crossover,membership_legacy_hit_block,13,1074100,ns,success
packed-builder-v5,1,crossover,membership_legacy_hit_block,14,1082600,ns,success
packed-builder-v5,1,crossover,membership_legacy_miss_block,0,833100,ns,success
packed-builder-v5,1,crossover,membership_legacy_miss_block,1,832200,ns,success
packed-builder-v5,1,crossover,membership_legacy_miss_block,2,826000,ns,success
packed-builder-v5,1,crossover,membership_legacy_miss_block,3,832000,ns,success
packed-builder-v5,1,crossover,membership_legacy_miss_block,4,830300,ns,success
packed-builder-v5,1,crossover,membership_legacy_miss_block,5,826600,ns,success
packed-builder-v5,1,crossover,membership_legacy_miss_block,6,837400,ns,success
packed-builder-v5,1,crossover,membership_legacy_miss_block,7,825500,ns,success
packed-builder-v5,1,crossover,membership_legacy_miss_block,8,836300,ns,success
packed-builder-v5,1,crossover,membership_legacy_miss_block,9,830700,ns,success
packed-builder-v5,1,crossover,membership_legacy_miss_block,10,825000,ns,success
packed-builder-v5,1,crossover,membership_legacy_miss_block,11,833700,ns,success
packed-builder-v5,1,crossover,membership_legacy_miss_block,12,831600,ns,success
packed-builder-v5,1,crossover,membership_legacy_miss_block,13,830900,ns,success
packed-builder-v5,1,crossover,membership_legacy_miss_block,14,825300,ns,success
packed-builder-v5,1,crossover,prepared_retained,0,1943,bytes,success
packed-builder-v5,1,crossover,prepared_retained,1,1943,bytes,success
packed-builder-v5,1,crossover,prepared_retained,2,1943,bytes,success
packed-builder-v5,1,crossover,prepared_retained,3,1943,bytes,success
packed-builder-v5,1,crossover,prepared_retained,4,1943,bytes,success
packed-builder-v5,1,crossover,prepared_peak,0,8439,bytes,success
packed-builder-v5,1,crossover,prepared_peak,1,8391,bytes,success
packed-builder-v5,1,crossover,prepared_peak,2,8391,bytes,success
packed-builder-v5,1,crossover,prepared_peak,3,8391,bytes,success
packed-builder-v5,1,crossover,prepared_peak,4,8391,bytes,success
packed-builder-v5,1,crossover,membership_compact_retained,0,576,bytes,success
packed-builder-v5,1,crossover,membership_compact_retained,1,528,bytes,success
packed-builder-v5,1,crossover,membership_compact_retained,2,528,bytes,success
packed-builder-v5,1,crossover,membership_compact_retained,3,528,bytes,success
packed-builder-v5,1,crossover,membership_compact_retained,4,528,bytes,success
packed-builder-v5,1,crossover,membership_compact_peak,0,624,bytes,success
packed-builder-v5,1,crossover,membership_compact_peak,1,576,bytes,success
packed-builder-v5,1,crossover,membership_compact_peak,2,576,bytes,success
packed-builder-v5,1,crossover,membership_compact_peak,3,576,bytes,success
packed-builder-v5,1,crossover,membership_compact_peak,4,576,bytes,success
packed-builder-v5,1,crossover,membership_legacy_retained,0,869,bytes,success
packed-builder-v5,1,crossover,membership_legacy_retained,1,869,bytes,success
packed-builder-v5,1,crossover,membership_legacy_retained,2,869,bytes,success
packed-builder-v5,1,crossover,membership_legacy_retained,3,869,bytes,success
packed-builder-v5,1,crossover,membership_legacy_retained,4,869,bytes,success
packed-builder-v5,1,crossover,membership_legacy_peak,0,1549,bytes,success
packed-builder-v5,1,crossover,membership_legacy_peak,1,1549,bytes,success
packed-builder-v5,1,crossover,membership_legacy_peak,2,1549,bytes,success
packed-builder-v5,1,crossover,membership_legacy_peak,3,1549,bytes,success
packed-builder-v5,1,crossover,membership_legacy_peak,4,1549,bytes,success
packed-builder-v5,64,crossover,cold_prepare,0,232300,ns,success
packed-builder-v5,64,crossover,cold_prepare,1,224800,ns,success
packed-builder-v5,64,crossover,cold_prepare,2,216600,ns,success
packed-builder-v5,64,crossover,cold_prepare,3,227500,ns,success
packed-builder-v5,64,crossover,cold_prepare,4,212100,ns,success
packed-builder-v5,64,crossover,cold_prepare,5,215700,ns,success
packed-builder-v5,64,crossover,cold_prepare,6,232200,ns,success
packed-builder-v5,64,crossover,cold_prepare,7,225800,ns,success
packed-builder-v5,64,crossover,cold_prepare,8,231500,ns,success
packed-builder-v5,64,crossover,cold_prepare,9,243100,ns,success
packed-builder-v5,64,crossover,cold_prepare,10,222300,ns,success
packed-builder-v5,64,crossover,cold_prepare,11,212100,ns,success
packed-builder-v5,64,crossover,cold_prepare,12,231400,ns,success
packed-builder-v5,64,crossover,cold_prepare,13,227500,ns,success
packed-builder-v5,64,crossover,cold_prepare,14,223600,ns,success
packed-builder-v5,64,crossover,warm_prepare,0,179700,ns,success
packed-builder-v5,64,crossover,warm_prepare,1,156900,ns,success
packed-builder-v5,64,crossover,warm_prepare,2,154700,ns,success
packed-builder-v5,64,crossover,warm_prepare,3,159900,ns,success
packed-builder-v5,64,crossover,warm_prepare,4,158300,ns,success
packed-builder-v5,64,crossover,warm_prepare,5,158800,ns,success
packed-builder-v5,64,crossover,warm_prepare,6,156300,ns,success
packed-builder-v5,64,crossover,warm_prepare,7,153500,ns,success
packed-builder-v5,64,crossover,warm_prepare,8,153100,ns,success
packed-builder-v5,64,crossover,warm_prepare,9,157100,ns,success
packed-builder-v5,64,crossover,warm_prepare,10,157800,ns,success
packed-builder-v5,64,crossover,warm_prepare,11,154600,ns,success
packed-builder-v5,64,crossover,warm_prepare,12,153900,ns,success
packed-builder-v5,64,crossover,warm_prepare,13,159700,ns,success
packed-builder-v5,64,crossover,warm_prepare,14,159600,ns,success
packed-builder-v5,64,crossover,cuda_ordinary,0,391600,ns,success
packed-builder-v5,64,crossover,cuda_ordinary,1,376400,ns,success
packed-builder-v5,64,crossover,cuda_ordinary,2,388900,ns,success
packed-builder-v5,64,crossover,cuda_ordinary,3,386400,ns,success
packed-builder-v5,64,crossover,cuda_ordinary,4,372300,ns,success
packed-builder-v5,64,crossover,cuda_ordinary,5,370100,ns,success
packed-builder-v5,64,crossover,cuda_ordinary,6,391400,ns,success
packed-builder-v5,64,crossover,cuda_ordinary,7,372900,ns,success
packed-builder-v5,64,crossover,cuda_ordinary,8,389200,ns,success
packed-builder-v5,64,crossover,cuda_ordinary,9,392700,ns,success
packed-builder-v5,64,crossover,cuda_ordinary,10,400000,ns,success
packed-builder-v5,64,crossover,cuda_ordinary,11,372000,ns,success
packed-builder-v5,64,crossover,cuda_ordinary,12,370600,ns,success
packed-builder-v5,64,crossover,cuda_ordinary,13,378700,ns,success
packed-builder-v5,64,crossover,cuda_ordinary,14,418500,ns,success
packed-builder-v5,64,crossover,cuda_first_build,0,744200,ns,success
packed-builder-v5,64,crossover,cuda_first_build,1,978900,ns,success
packed-builder-v5,64,crossover,cuda_first_build,2,756200,ns,success
packed-builder-v5,64,crossover,cuda_first_build,3,917400,ns,success
packed-builder-v5,64,crossover,cuda_first_build,4,751000,ns,success
packed-builder-v5,64,crossover,cuda_first_build,5,711800,ns,success
packed-builder-v5,64,crossover,cuda_first_build,6,715100,ns,success
packed-builder-v5,64,crossover,cuda_first_build,7,728000,ns,success
packed-builder-v5,64,crossover,cuda_first_build,8,765200,ns,success
packed-builder-v5,64,crossover,cuda_first_build,9,881800,ns,success
packed-builder-v5,64,crossover,cuda_first_build,10,709400,ns,success
packed-builder-v5,64,crossover,cuda_first_build,11,742800,ns,success
packed-builder-v5,64,crossover,cuda_first_build,12,785600,ns,success
packed-builder-v5,64,crossover,cuda_first_build,13,763000,ns,success
packed-builder-v5,64,crossover,cuda_first_build,14,823300,ns,success
packed-builder-v5,64,crossover,cuda_reuse,0,136300,ns,success
packed-builder-v5,64,crossover,cuda_reuse,1,134900,ns,success
packed-builder-v5,64,crossover,cuda_reuse,2,138200,ns,success
packed-builder-v5,64,crossover,cuda_reuse,3,136100,ns,success
packed-builder-v5,64,crossover,cuda_reuse,4,132900,ns,success
packed-builder-v5,64,crossover,cuda_reuse,5,132100,ns,success
packed-builder-v5,64,crossover,cuda_reuse,6,139300,ns,success
packed-builder-v5,64,crossover,cuda_reuse,7,135300,ns,success
packed-builder-v5,64,crossover,cuda_reuse,8,140900,ns,success
packed-builder-v5,64,crossover,cuda_reuse,9,149500,ns,success
packed-builder-v5,64,crossover,cuda_reuse,10,133400,ns,success
packed-builder-v5,64,crossover,cuda_reuse,11,133100,ns,success
packed-builder-v5,64,crossover,cuda_reuse,12,132700,ns,success
packed-builder-v5,64,crossover,cuda_reuse,13,143700,ns,success
packed-builder-v5,64,crossover,cuda_reuse,14,202700,ns,success
packed-builder-v5,64,crossover,membership_compact_prepare,0,7700,ns,success
packed-builder-v5,64,crossover,membership_compact_prepare,1,7800,ns,success
packed-builder-v5,64,crossover,membership_compact_prepare,2,8000,ns,success
packed-builder-v5,64,crossover,membership_compact_prepare,3,8100,ns,success
packed-builder-v5,64,crossover,membership_compact_prepare,4,7700,ns,success
packed-builder-v5,64,crossover,membership_compact_prepare,5,7800,ns,success
packed-builder-v5,64,crossover,membership_compact_prepare,6,8600,ns,success
packed-builder-v5,64,crossover,membership_compact_prepare,7,8000,ns,success
packed-builder-v5,64,crossover,membership_compact_prepare,8,7800,ns,success
packed-builder-v5,64,crossover,membership_compact_prepare,9,8000,ns,success
packed-builder-v5,64,crossover,membership_compact_prepare,10,8000,ns,success
packed-builder-v5,64,crossover,membership_compact_prepare,11,8400,ns,success
packed-builder-v5,64,crossover,membership_compact_prepare,12,8000,ns,success
packed-builder-v5,64,crossover,membership_compact_prepare,13,8400,ns,success
packed-builder-v5,64,crossover,membership_compact_prepare,14,8100,ns,success
packed-builder-v5,64,crossover,membership_legacy_prepare,0,157200,ns,success
packed-builder-v5,64,crossover,membership_legacy_prepare,1,169100,ns,success
packed-builder-v5,64,crossover,membership_legacy_prepare,2,147200,ns,success
packed-builder-v5,64,crossover,membership_legacy_prepare,3,147100,ns,success
packed-builder-v5,64,crossover,membership_legacy_prepare,4,148200,ns,success
packed-builder-v5,64,crossover,membership_legacy_prepare,5,159200,ns,success
packed-builder-v5,64,crossover,membership_legacy_prepare,6,149300,ns,success
packed-builder-v5,64,crossover,membership_legacy_prepare,7,158300,ns,success
packed-builder-v5,64,crossover,membership_legacy_prepare,8,147400,ns,success
packed-builder-v5,64,crossover,membership_legacy_prepare,9,158000,ns,success
packed-builder-v5,64,crossover,membership_legacy_prepare,10,158500,ns,success
packed-builder-v5,64,crossover,membership_legacy_prepare,11,158900,ns,success
packed-builder-v5,64,crossover,membership_legacy_prepare,12,149900,ns,success
packed-builder-v5,64,crossover,membership_legacy_prepare,13,148300,ns,success
packed-builder-v5,64,crossover,membership_legacy_prepare,14,159500,ns,success
packed-builder-v5,64,crossover,membership_compact_hit_block,0,39662400,ns,success
packed-builder-v5,64,crossover,membership_compact_hit_block,1,39537700,ns,success
packed-builder-v5,64,crossover,membership_compact_hit_block,2,39271700,ns,success
packed-builder-v5,64,crossover,membership_compact_hit_block,3,39514400,ns,success
packed-builder-v5,64,crossover,membership_compact_hit_block,4,39347700,ns,success
packed-builder-v5,64,crossover,membership_compact_hit_block,5,39409900,ns,success
packed-builder-v5,64,crossover,membership_compact_hit_block,6,39312900,ns,success
packed-builder-v5,64,crossover,membership_compact_hit_block,7,39330100,ns,success
packed-builder-v5,64,crossover,membership_compact_hit_block,8,39433000,ns,success
packed-builder-v5,64,crossover,membership_compact_hit_block,9,39263400,ns,success
packed-builder-v5,64,crossover,membership_compact_hit_block,10,39410200,ns,success
packed-builder-v5,64,crossover,membership_compact_hit_block,11,39306900,ns,success
packed-builder-v5,64,crossover,membership_compact_hit_block,12,39300100,ns,success
packed-builder-v5,64,crossover,membership_compact_hit_block,13,39339800,ns,success
packed-builder-v5,64,crossover,membership_compact_hit_block,14,39352900,ns,success
packed-builder-v5,64,crossover,membership_compact_miss_block,0,2561400,ns,success
packed-builder-v5,64,crossover,membership_compact_miss_block,1,2556400,ns,success
packed-builder-v5,64,crossover,membership_compact_miss_block,2,2561000,ns,success
packed-builder-v5,64,crossover,membership_compact_miss_block,3,2572400,ns,success
packed-builder-v5,64,crossover,membership_compact_miss_block,4,2572700,ns,success
packed-builder-v5,64,crossover,membership_compact_miss_block,5,2649500,ns,success
packed-builder-v5,64,crossover,membership_compact_miss_block,6,2604900,ns,success
packed-builder-v5,64,crossover,membership_compact_miss_block,7,2554700,ns,success
packed-builder-v5,64,crossover,membership_compact_miss_block,8,2559500,ns,success
packed-builder-v5,64,crossover,membership_compact_miss_block,9,2559400,ns,success
packed-builder-v5,64,crossover,membership_compact_miss_block,10,2658400,ns,success
packed-builder-v5,64,crossover,membership_compact_miss_block,11,2652700,ns,success
packed-builder-v5,64,crossover,membership_compact_miss_block,12,2570000,ns,success
packed-builder-v5,64,crossover,membership_compact_miss_block,13,2660500,ns,success
packed-builder-v5,64,crossover,membership_compact_miss_block,14,2565900,ns,success
packed-builder-v5,64,crossover,membership_legacy_hit_block,0,1081700,ns,success
packed-builder-v5,64,crossover,membership_legacy_hit_block,1,1081700,ns,success
packed-builder-v5,64,crossover,membership_legacy_hit_block,2,1078900,ns,success
packed-builder-v5,64,crossover,membership_legacy_hit_block,3,1078400,ns,success
packed-builder-v5,64,crossover,membership_legacy_hit_block,4,1077800,ns,success
packed-builder-v5,64,crossover,membership_legacy_hit_block,5,1083200,ns,success
packed-builder-v5,64,crossover,membership_legacy_hit_block,6,1083900,ns,success
packed-builder-v5,64,crossover,membership_legacy_hit_block,7,1082400,ns,success
packed-builder-v5,64,crossover,membership_legacy_hit_block,8,1083500,ns,success
packed-builder-v5,64,crossover,membership_legacy_hit_block,9,1085300,ns,success
packed-builder-v5,64,crossover,membership_legacy_hit_block,10,1078500,ns,success
packed-builder-v5,64,crossover,membership_legacy_hit_block,11,1074000,ns,success
packed-builder-v5,64,crossover,membership_legacy_hit_block,12,1077400,ns,success
packed-builder-v5,64,crossover,membership_legacy_hit_block,13,1079600,ns,success
packed-builder-v5,64,crossover,membership_legacy_hit_block,14,1086400,ns,success
packed-builder-v5,64,crossover,membership_legacy_miss_block,0,826100,ns,success
packed-builder-v5,64,crossover,membership_legacy_miss_block,1,848900,ns,success
packed-builder-v5,64,crossover,membership_legacy_miss_block,2,830700,ns,success
packed-builder-v5,64,crossover,membership_legacy_miss_block,3,834300,ns,success
packed-builder-v5,64,crossover,membership_legacy_miss_block,4,832100,ns,success
packed-builder-v5,64,crossover,membership_legacy_miss_block,5,827600,ns,success
packed-builder-v5,64,crossover,membership_legacy_miss_block,6,859000,ns,success
packed-builder-v5,64,crossover,membership_legacy_miss_block,7,833300,ns,success
packed-builder-v5,64,crossover,membership_legacy_miss_block,8,825500,ns,success
packed-builder-v5,64,crossover,membership_legacy_miss_block,9,829100,ns,success
packed-builder-v5,64,crossover,membership_legacy_miss_block,10,831500,ns,success
packed-builder-v5,64,crossover,membership_legacy_miss_block,11,836800,ns,success
packed-builder-v5,64,crossover,membership_legacy_miss_block,12,833500,ns,success
packed-builder-v5,64,crossover,membership_legacy_miss_block,13,831100,ns,success
packed-builder-v5,64,crossover,membership_legacy_miss_block,14,828000,ns,success
packed-builder-v5,64,crossover,prepared_retained,0,2699,bytes,success
packed-builder-v5,64,crossover,prepared_retained,1,2699,bytes,success
packed-builder-v5,64,crossover,prepared_retained,2,2699,bytes,success
packed-builder-v5,64,crossover,prepared_retained,3,2699,bytes,success
packed-builder-v5,64,crossover,prepared_retained,4,2699,bytes,success
packed-builder-v5,64,crossover,prepared_peak,0,8788,bytes,success
packed-builder-v5,64,crossover,prepared_peak,1,8788,bytes,success
packed-builder-v5,64,crossover,prepared_peak,2,8788,bytes,success
packed-builder-v5,64,crossover,prepared_peak,3,8788,bytes,success
packed-builder-v5,64,crossover,prepared_peak,4,8788,bytes,success
packed-builder-v5,64,crossover,membership_compact_retained,0,528,bytes,success
packed-builder-v5,64,crossover,membership_compact_retained,1,528,bytes,success
packed-builder-v5,64,crossover,membership_compact_retained,2,528,bytes,success
packed-builder-v5,64,crossover,membership_compact_retained,3,528,bytes,success
packed-builder-v5,64,crossover,membership_compact_retained,4,528,bytes,success
packed-builder-v5,64,crossover,membership_compact_peak,0,576,bytes,success
packed-builder-v5,64,crossover,membership_compact_peak,1,576,bytes,success
packed-builder-v5,64,crossover,membership_compact_peak,2,576,bytes,success
packed-builder-v5,64,crossover,membership_compact_peak,3,576,bytes,success
packed-builder-v5,64,crossover,membership_compact_peak,4,576,bytes,success
packed-builder-v5,64,crossover,membership_legacy_retained,0,12458,bytes,success
packed-builder-v5,64,crossover,membership_legacy_retained,1,12458,bytes,success
packed-builder-v5,64,crossover,membership_legacy_retained,2,12458,bytes,success
packed-builder-v5,64,crossover,membership_legacy_retained,3,12458,bytes,success
packed-builder-v5,64,crossover,membership_legacy_retained,4,12458,bytes,success
packed-builder-v5,64,crossover,membership_legacy_peak,0,13186,bytes,success
packed-builder-v5,64,crossover,membership_legacy_peak,1,13186,bytes,success
packed-builder-v5,64,crossover,membership_legacy_peak,2,13186,bytes,success
packed-builder-v5,64,crossover,membership_legacy_peak,3,13186,bytes,success
packed-builder-v5,64,crossover,membership_legacy_peak,4,13186,bytes,success
packed-builder-v5,1024,crossover,cold_prepare,0,1458200,ns,success
packed-builder-v5,1024,crossover,cold_prepare,1,1429300,ns,success
packed-builder-v5,1024,crossover,cold_prepare,2,1438700,ns,success
packed-builder-v5,1024,crossover,cold_prepare,3,1442900,ns,success
packed-builder-v5,1024,crossover,cold_prepare,4,1540500,ns,success
packed-builder-v5,1024,crossover,cold_prepare,5,1474200,ns,success
packed-builder-v5,1024,crossover,cold_prepare,6,1443400,ns,success
packed-builder-v5,1024,crossover,cold_prepare,7,1440300,ns,success
packed-builder-v5,1024,crossover,cold_prepare,8,1416500,ns,success
packed-builder-v5,1024,crossover,cold_prepare,9,1433700,ns,success
packed-builder-v5,1024,crossover,cold_prepare,10,1454500,ns,success
packed-builder-v5,1024,crossover,cold_prepare,11,1475600,ns,success
packed-builder-v5,1024,crossover,cold_prepare,12,1469200,ns,success
packed-builder-v5,1024,crossover,cold_prepare,13,1459500,ns,success
packed-builder-v5,1024,crossover,cold_prepare,14,1478800,ns,success
packed-builder-v5,1024,crossover,warm_prepare,0,1427500,ns,success
packed-builder-v5,1024,crossover,warm_prepare,1,1410300,ns,success
packed-builder-v5,1024,crossover,warm_prepare,2,1421300,ns,success
packed-builder-v5,1024,crossover,warm_prepare,3,1396100,ns,success
packed-builder-v5,1024,crossover,warm_prepare,4,1375100,ns,success
packed-builder-v5,1024,crossover,warm_prepare,5,1385600,ns,success
packed-builder-v5,1024,crossover,warm_prepare,6,1392800,ns,success
packed-builder-v5,1024,crossover,warm_prepare,7,1421000,ns,success
packed-builder-v5,1024,crossover,warm_prepare,8,1417100,ns,success
packed-builder-v5,1024,crossover,warm_prepare,9,1372600,ns,success
packed-builder-v5,1024,crossover,warm_prepare,10,1447000,ns,success
packed-builder-v5,1024,crossover,warm_prepare,11,1379000,ns,success
packed-builder-v5,1024,crossover,warm_prepare,12,1374100,ns,success
packed-builder-v5,1024,crossover,warm_prepare,13,1394400,ns,success
packed-builder-v5,1024,crossover,warm_prepare,14,1394500,ns,success
packed-builder-v5,1024,crossover,cuda_ordinary,0,2130700,ns,success
packed-builder-v5,1024,crossover,cuda_ordinary,1,2054300,ns,success
packed-builder-v5,1024,crossover,cuda_ordinary,2,2042200,ns,success
packed-builder-v5,1024,crossover,cuda_ordinary,3,2047000,ns,success
packed-builder-v5,1024,crossover,cuda_ordinary,4,2042800,ns,success
packed-builder-v5,1024,crossover,cuda_ordinary,5,2046100,ns,success
packed-builder-v5,1024,crossover,cuda_ordinary,6,2043300,ns,success
packed-builder-v5,1024,crossover,cuda_ordinary,7,2100200,ns,success
packed-builder-v5,1024,crossover,cuda_ordinary,8,2039500,ns,success
packed-builder-v5,1024,crossover,cuda_ordinary,9,2037300,ns,success
packed-builder-v5,1024,crossover,cuda_ordinary,10,2044700,ns,success
packed-builder-v5,1024,crossover,cuda_ordinary,11,2041800,ns,success
packed-builder-v5,1024,crossover,cuda_ordinary,12,2083400,ns,success
packed-builder-v5,1024,crossover,cuda_ordinary,13,2046900,ns,success
packed-builder-v5,1024,crossover,cuda_ordinary,14,2036400,ns,success
packed-builder-v5,1024,crossover,cuda_first_build,0,718800,ns,success
packed-builder-v5,1024,crossover,cuda_first_build,1,796200,ns,success
packed-builder-v5,1024,crossover,cuda_first_build,2,781400,ns,success
packed-builder-v5,1024,crossover,cuda_first_build,3,860500,ns,success
packed-builder-v5,1024,crossover,cuda_first_build,4,767500,ns,success
packed-builder-v5,1024,crossover,cuda_first_build,5,706000,ns,success
packed-builder-v5,1024,crossover,cuda_first_build,6,745300,ns,success
packed-builder-v5,1024,crossover,cuda_first_build,7,794100,ns,success
packed-builder-v5,1024,crossover,cuda_first_build,8,760300,ns,success
packed-builder-v5,1024,crossover,cuda_first_build,9,828700,ns,success
packed-builder-v5,1024,crossover,cuda_first_build,10,752700,ns,success
packed-builder-v5,1024,crossover,cuda_first_build,11,790600,ns,success
packed-builder-v5,1024,crossover,cuda_first_build,12,780500,ns,success
packed-builder-v5,1024,crossover,cuda_first_build,13,801200,ns,success
packed-builder-v5,1024,crossover,cuda_first_build,14,829100,ns,success
packed-builder-v5,1024,crossover,cuda_reuse,0,162000,ns,success
packed-builder-v5,1024,crossover,cuda_reuse,1,146500,ns,success
packed-builder-v5,1024,crossover,cuda_reuse,2,146300,ns,success
packed-builder-v5,1024,crossover,cuda_reuse,3,152800,ns,success
packed-builder-v5,1024,crossover,cuda_reuse,4,155700,ns,success
packed-builder-v5,1024,crossover,cuda_reuse,5,253700,ns,success
packed-builder-v5,1024,crossover,cuda_reuse,6,146700,ns,success
packed-builder-v5,1024,crossover,cuda_reuse,7,150600,ns,success
packed-builder-v5,1024,crossover,cuda_reuse,8,161700,ns,success
packed-builder-v5,1024,crossover,cuda_reuse,9,151800,ns,success
packed-builder-v5,1024,crossover,cuda_reuse,10,151100,ns,success
packed-builder-v5,1024,crossover,cuda_reuse,11,145100,ns,success
packed-builder-v5,1024,crossover,cuda_reuse,12,241900,ns,success
packed-builder-v5,1024,crossover,cuda_reuse,13,189800,ns,success
packed-builder-v5,1024,crossover,cuda_reuse,14,147500,ns,success
packed-builder-v5,1024,crossover,membership_compact_prepare,0,8100,ns,success
packed-builder-v5,1024,crossover,membership_compact_prepare,1,8700,ns,success
packed-builder-v5,1024,crossover,membership_compact_prepare,2,8500,ns,success
packed-builder-v5,1024,crossover,membership_compact_prepare,3,8000,ns,success
packed-builder-v5,1024,crossover,membership_compact_prepare,4,8100,ns,success
packed-builder-v5,1024,crossover,membership_compact_prepare,5,8700,ns,success
packed-builder-v5,1024,crossover,membership_compact_prepare,6,8100,ns,success
packed-builder-v5,1024,crossover,membership_compact_prepare,7,8300,ns,success
packed-builder-v5,1024,crossover,membership_compact_prepare,8,8200,ns,success
packed-builder-v5,1024,crossover,membership_compact_prepare,9,8700,ns,success
packed-builder-v5,1024,crossover,membership_compact_prepare,10,8100,ns,success
packed-builder-v5,1024,crossover,membership_compact_prepare,11,8200,ns,success
packed-builder-v5,1024,crossover,membership_compact_prepare,12,9100,ns,success
packed-builder-v5,1024,crossover,membership_compact_prepare,13,8100,ns,success
packed-builder-v5,1024,crossover,membership_compact_prepare,14,8200,ns,success
packed-builder-v5,1024,crossover,membership_legacy_prepare,0,2346100,ns,success
packed-builder-v5,1024,crossover,membership_legacy_prepare,1,2453200,ns,success
packed-builder-v5,1024,crossover,membership_legacy_prepare,2,2384300,ns,success
packed-builder-v5,1024,crossover,membership_legacy_prepare,3,2335900,ns,success
packed-builder-v5,1024,crossover,membership_legacy_prepare,4,2338400,ns,success
packed-builder-v5,1024,crossover,membership_legacy_prepare,5,2382900,ns,success
packed-builder-v5,1024,crossover,membership_legacy_prepare,6,2341200,ns,success
packed-builder-v5,1024,crossover,membership_legacy_prepare,7,2325500,ns,success
packed-builder-v5,1024,crossover,membership_legacy_prepare,8,2424800,ns,success
packed-builder-v5,1024,crossover,membership_legacy_prepare,9,2345200,ns,success
packed-builder-v5,1024,crossover,membership_legacy_prepare,10,2341600,ns,success
packed-builder-v5,1024,crossover,membership_legacy_prepare,11,2381700,ns,success
packed-builder-v5,1024,crossover,membership_legacy_prepare,12,2347800,ns,success
packed-builder-v5,1024,crossover,membership_legacy_prepare,13,2349000,ns,success
packed-builder-v5,1024,crossover,membership_legacy_prepare,14,2397300,ns,success
packed-builder-v5,1024,crossover,membership_compact_hit_block,0,54258200,ns,success
packed-builder-v5,1024,crossover,membership_compact_hit_block,1,54751000,ns,success
packed-builder-v5,1024,crossover,membership_compact_hit_block,2,54480000,ns,success
packed-builder-v5,1024,crossover,membership_compact_hit_block,3,54493200,ns,success
packed-builder-v5,1024,crossover,membership_compact_hit_block,4,54269100,ns,success
packed-builder-v5,1024,crossover,membership_compact_hit_block,5,54493300,ns,success
packed-builder-v5,1024,crossover,membership_compact_hit_block,6,55718700,ns,success
packed-builder-v5,1024,crossover,membership_compact_hit_block,7,54622800,ns,success
packed-builder-v5,1024,crossover,membership_compact_hit_block,8,54363300,ns,success
packed-builder-v5,1024,crossover,membership_compact_hit_block,9,54663100,ns,success
packed-builder-v5,1024,crossover,membership_compact_hit_block,10,54468700,ns,success
packed-builder-v5,1024,crossover,membership_compact_hit_block,11,55002000,ns,success
packed-builder-v5,1024,crossover,membership_compact_hit_block,12,54472800,ns,success
packed-builder-v5,1024,crossover,membership_compact_hit_block,13,54339500,ns,success
packed-builder-v5,1024,crossover,membership_compact_hit_block,14,54465700,ns,success
packed-builder-v5,1024,crossover,membership_compact_miss_block,0,2592000,ns,success
packed-builder-v5,1024,crossover,membership_compact_miss_block,1,2611000,ns,success
packed-builder-v5,1024,crossover,membership_compact_miss_block,2,2585300,ns,success
packed-builder-v5,1024,crossover,membership_compact_miss_block,3,2585500,ns,success
packed-builder-v5,1024,crossover,membership_compact_miss_block,4,2582200,ns,success
packed-builder-v5,1024,crossover,membership_compact_miss_block,5,2593900,ns,success
packed-builder-v5,1024,crossover,membership_compact_miss_block,6,2578400,ns,success
packed-builder-v5,1024,crossover,membership_compact_miss_block,7,2596600,ns,success
packed-builder-v5,1024,crossover,membership_compact_miss_block,8,2624400,ns,success
packed-builder-v5,1024,crossover,membership_compact_miss_block,9,2576300,ns,success
packed-builder-v5,1024,crossover,membership_compact_miss_block,10,2588100,ns,success
packed-builder-v5,1024,crossover,membership_compact_miss_block,11,2585400,ns,success
packed-builder-v5,1024,crossover,membership_compact_miss_block,12,2579500,ns,success
packed-builder-v5,1024,crossover,membership_compact_miss_block,13,2667400,ns,success
packed-builder-v5,1024,crossover,membership_compact_miss_block,14,2585300,ns,success
packed-builder-v5,1024,crossover,membership_legacy_hit_block,0,1106800,ns,success
packed-builder-v5,1024,crossover,membership_legacy_hit_block,1,1104800,ns,success
packed-builder-v5,1024,crossover,membership_legacy_hit_block,2,1104300,ns,success
packed-builder-v5,1024,crossover,membership_legacy_hit_block,3,1114000,ns,success
packed-builder-v5,1024,crossover,membership_legacy_hit_block,4,1105400,ns,success
packed-builder-v5,1024,crossover,membership_legacy_hit_block,5,1108900,ns,success
packed-builder-v5,1024,crossover,membership_legacy_hit_block,6,1110500,ns,success
packed-builder-v5,1024,crossover,membership_legacy_hit_block,7,1099700,ns,success
packed-builder-v5,1024,crossover,membership_legacy_hit_block,8,1111000,ns,success
packed-builder-v5,1024,crossover,membership_legacy_hit_block,9,1110200,ns,success
packed-builder-v5,1024,crossover,membership_legacy_hit_block,10,1106400,ns,success
packed-builder-v5,1024,crossover,membership_legacy_hit_block,11,1106500,ns,success
packed-builder-v5,1024,crossover,membership_legacy_hit_block,12,1104500,ns,success
packed-builder-v5,1024,crossover,membership_legacy_hit_block,13,1103100,ns,success
packed-builder-v5,1024,crossover,membership_legacy_hit_block,14,1107200,ns,success
packed-builder-v5,1024,crossover,membership_legacy_miss_block,0,837600,ns,success
packed-builder-v5,1024,crossover,membership_legacy_miss_block,1,843100,ns,success
packed-builder-v5,1024,crossover,membership_legacy_miss_block,2,848800,ns,success
packed-builder-v5,1024,crossover,membership_legacy_miss_block,3,836900,ns,success
packed-builder-v5,1024,crossover,membership_legacy_miss_block,4,838400,ns,success
packed-builder-v5,1024,crossover,membership_legacy_miss_block,5,835300,ns,success
packed-builder-v5,1024,crossover,membership_legacy_miss_block,6,835200,ns,success
packed-builder-v5,1024,crossover,membership_legacy_miss_block,7,841700,ns,success
packed-builder-v5,1024,crossover,membership_legacy_miss_block,8,830500,ns,success
packed-builder-v5,1024,crossover,membership_legacy_miss_block,9,830800,ns,success
packed-builder-v5,1024,crossover,membership_legacy_miss_block,10,835300,ns,success
packed-builder-v5,1024,crossover,membership_legacy_miss_block,11,835400,ns,success
packed-builder-v5,1024,crossover,membership_legacy_miss_block,12,833700,ns,success
packed-builder-v5,1024,crossover,membership_legacy_miss_block,13,869900,ns,success
packed-builder-v5,1024,crossover,membership_legacy_miss_block,14,830900,ns,success
packed-builder-v5,1024,crossover,prepared_retained,0,14315,bytes,success
packed-builder-v5,1024,crossover,prepared_retained,1,14315,bytes,success
packed-builder-v5,1024,crossover,prepared_retained,2,14315,bytes,success
packed-builder-v5,1024,crossover,prepared_retained,3,14315,bytes,success
packed-builder-v5,1024,crossover,prepared_retained,4,14315,bytes,success
packed-builder-v5,1024,crossover,prepared_peak,0,22155,bytes,success
packed-builder-v5,1024,crossover,prepared_peak,1,22155,bytes,success
packed-builder-v5,1024,crossover,prepared_peak,2,22155,bytes,success
packed-builder-v5,1024,crossover,prepared_peak,3,22155,bytes,success
packed-builder-v5,1024,crossover,prepared_peak,4,22155,bytes,success
packed-builder-v5,1024,crossover,membership_compact_retained,0,528,bytes,success
packed-builder-v5,1024,crossover,membership_compact_retained,1,528,bytes,success
packed-builder-v5,1024,crossover,membership_compact_retained,2,528,bytes,success
packed-builder-v5,1024,crossover,membership_compact_retained,3,528,bytes,success
packed-builder-v5,1024,crossover,membership_compact_retained,4,528,bytes,success
packed-builder-v5,1024,crossover,membership_compact_peak,0,576,bytes,success
packed-builder-v5,1024,crossover,membership_compact_peak,1,576,bytes,success
packed-builder-v5,1024,crossover,membership_compact_peak,2,576,bytes,success
packed-builder-v5,1024,crossover,membership_compact_peak,3,576,bytes,success
packed-builder-v5,1024,crossover,membership_compact_peak,4,576,bytes,success
packed-builder-v5,1024,crossover,membership_legacy_retained,0,189154,bytes,success
packed-builder-v5,1024,crossover,membership_legacy_retained,1,189154,bytes,success
packed-builder-v5,1024,crossover,membership_legacy_retained,2,189154,bytes,success
packed-builder-v5,1024,crossover,membership_legacy_retained,3,189154,bytes,success
packed-builder-v5,1024,crossover,membership_legacy_retained,4,189154,bytes,success
packed-builder-v5,1024,crossover,membership_legacy_peak,0,189882,bytes,success
packed-builder-v5,1024,crossover,membership_legacy_peak,1,189882,bytes,success
packed-builder-v5,1024,crossover,membership_legacy_peak,2,189882,bytes,success
packed-builder-v5,1024,crossover,membership_legacy_peak,3,189882,bytes,success
packed-builder-v5,1024,crossover,membership_legacy_peak,4,189882,bytes,success
packed-builder-v5,59049,crossover,cold_prepare,0,76589100,ns,success
packed-builder-v5,59049,crossover,cold_prepare,1,76414300,ns,success
packed-builder-v5,59049,crossover,cold_prepare,2,76084800,ns,success
packed-builder-v5,59049,crossover,cold_prepare,3,76130400,ns,success
packed-builder-v5,59049,crossover,cold_prepare,4,76145700,ns,success
packed-builder-v5,59049,crossover,cold_prepare,5,75832900,ns,success
packed-builder-v5,59049,crossover,cold_prepare,6,75172100,ns,success
packed-builder-v5,59049,crossover,cold_prepare,7,76083500,ns,success
packed-builder-v5,59049,crossover,cold_prepare,8,76032600,ns,success
packed-builder-v5,59049,crossover,cold_prepare,9,76290700,ns,success
packed-builder-v5,59049,crossover,cold_prepare,10,75393500,ns,success
packed-builder-v5,59049,crossover,cold_prepare,11,76543200,ns,success
packed-builder-v5,59049,crossover,cold_prepare,12,76345000,ns,success
packed-builder-v5,59049,crossover,cold_prepare,13,75986600,ns,success
packed-builder-v5,59049,crossover,cold_prepare,14,76410300,ns,success
packed-builder-v5,59049,crossover,warm_prepare,0,76195000,ns,success
packed-builder-v5,59049,crossover,warm_prepare,1,76882300,ns,success
packed-builder-v5,59049,crossover,warm_prepare,2,76655100,ns,success
packed-builder-v5,59049,crossover,warm_prepare,3,76266200,ns,success
packed-builder-v5,59049,crossover,warm_prepare,4,76895600,ns,success
packed-builder-v5,59049,crossover,warm_prepare,5,75700900,ns,success
packed-builder-v5,59049,crossover,warm_prepare,6,76188900,ns,success
packed-builder-v5,59049,crossover,warm_prepare,7,76575200,ns,success
packed-builder-v5,59049,crossover,warm_prepare,8,77553200,ns,success
packed-builder-v5,59049,crossover,warm_prepare,9,76717400,ns,success
packed-builder-v5,59049,crossover,warm_prepare,10,76484700,ns,success
packed-builder-v5,59049,crossover,warm_prepare,11,76518400,ns,success
packed-builder-v5,59049,crossover,warm_prepare,12,76743100,ns,success
packed-builder-v5,59049,crossover,warm_prepare,13,76903400,ns,success
packed-builder-v5,59049,crossover,warm_prepare,14,76583900,ns,success
packed-builder-v5,59049,crossover,cuda_ordinary,0,103864200,ns,success
packed-builder-v5,59049,crossover,cuda_ordinary,1,103164600,ns,success
packed-builder-v5,59049,crossover,cuda_ordinary,2,102610500,ns,success
packed-builder-v5,59049,crossover,cuda_ordinary,3,103032800,ns,success
packed-builder-v5,59049,crossover,cuda_ordinary,4,102849800,ns,success
packed-builder-v5,59049,crossover,cuda_ordinary,5,102922900,ns,success
packed-builder-v5,59049,crossover,cuda_ordinary,6,103243700,ns,success
packed-builder-v5,59049,crossover,cuda_ordinary,7,102906500,ns,success
packed-builder-v5,59049,crossover,cuda_ordinary,8,102721500,ns,success
packed-builder-v5,59049,crossover,cuda_ordinary,9,102766100,ns,success
packed-builder-v5,59049,crossover,cuda_ordinary,10,102589500,ns,success
packed-builder-v5,59049,crossover,cuda_ordinary,11,102744800,ns,success
packed-builder-v5,59049,crossover,cuda_ordinary,12,102548600,ns,success
packed-builder-v5,59049,crossover,cuda_ordinary,13,102489700,ns,success
packed-builder-v5,59049,crossover,cuda_ordinary,14,103061100,ns,success
packed-builder-v5,59049,crossover,cuda_first_build,0,1042300,ns,success
packed-builder-v5,59049,crossover,cuda_first_build,1,1022500,ns,success
packed-builder-v5,59049,crossover,cuda_first_build,2,1094100,ns,success
packed-builder-v5,59049,crossover,cuda_first_build,3,1036600,ns,success
packed-builder-v5,59049,crossover,cuda_first_build,4,1140100,ns,success
packed-builder-v5,59049,crossover,cuda_first_build,5,1068800,ns,success
packed-builder-v5,59049,crossover,cuda_first_build,6,989700,ns,success
packed-builder-v5,59049,crossover,cuda_first_build,7,975500,ns,success
packed-builder-v5,59049,crossover,cuda_first_build,8,1141900,ns,success
packed-builder-v5,59049,crossover,cuda_first_build,9,850700,ns,success
packed-builder-v5,59049,crossover,cuda_first_build,10,1063100,ns,success
packed-builder-v5,59049,crossover,cuda_first_build,11,1035700,ns,success
packed-builder-v5,59049,crossover,cuda_first_build,12,1108600,ns,success
packed-builder-v5,59049,crossover,cuda_first_build,13,857200,ns,success
packed-builder-v5,59049,crossover,cuda_first_build,14,1049400,ns,success
packed-builder-v5,59049,crossover,cuda_reuse,0,431700,ns,success
packed-builder-v5,59049,crossover,cuda_reuse,1,445400,ns,success
packed-builder-v5,59049,crossover,cuda_reuse,2,389400,ns,success
packed-builder-v5,59049,crossover,cuda_reuse,3,413100,ns,success
packed-builder-v5,59049,crossover,cuda_reuse,4,368600,ns,success
packed-builder-v5,59049,crossover,cuda_reuse,5,440200,ns,success
packed-builder-v5,59049,crossover,cuda_reuse,6,367200,ns,success
packed-builder-v5,59049,crossover,cuda_reuse,7,366300,ns,success
packed-builder-v5,59049,crossover,cuda_reuse,8,370800,ns,success
packed-builder-v5,59049,crossover,cuda_reuse,9,384100,ns,success
packed-builder-v5,59049,crossover,cuda_reuse,10,427800,ns,success
packed-builder-v5,59049,crossover,cuda_reuse,11,366700,ns,success
packed-builder-v5,59049,crossover,cuda_reuse,12,373300,ns,success
packed-builder-v5,59049,crossover,cuda_reuse,13,426700,ns,success
packed-builder-v5,59049,crossover,cuda_reuse,14,448000,ns,success
packed-builder-v5,59049,crossover,membership_compact_prepare,0,11200,ns,success
packed-builder-v5,59049,crossover,membership_compact_prepare,1,14600,ns,success
packed-builder-v5,59049,crossover,membership_compact_prepare,2,16200,ns,success
packed-builder-v5,59049,crossover,membership_compact_prepare,3,64100,ns,success
packed-builder-v5,59049,crossover,membership_compact_prepare,4,19100,ns,success
packed-builder-v5,59049,crossover,membership_compact_prepare,5,16700,ns,success
packed-builder-v5,59049,crossover,membership_compact_prepare,6,26500,ns,success
packed-builder-v5,59049,crossover,membership_compact_prepare,7,16200,ns,success
packed-builder-v5,59049,crossover,membership_compact_prepare,8,15800,ns,success
packed-builder-v5,59049,crossover,membership_compact_prepare,9,16400,ns,success
packed-builder-v5,59049,crossover,membership_compact_prepare,10,16100,ns,success
packed-builder-v5,59049,crossover,membership_compact_prepare,11,16100,ns,success
packed-builder-v5,59049,crossover,membership_compact_prepare,12,16400,ns,success
packed-builder-v5,59049,crossover,membership_compact_prepare,13,16200,ns,success
packed-builder-v5,59049,crossover,membership_compact_prepare,14,16100,ns,success
packed-builder-v5,59049,crossover,membership_legacy_prepare,0,137941300,ns,success
packed-builder-v5,59049,crossover,membership_legacy_prepare,1,150649200,ns,success
packed-builder-v5,59049,crossover,membership_legacy_prepare,2,148435900,ns,success
packed-builder-v5,59049,crossover,membership_legacy_prepare,3,153193600,ns,success
packed-builder-v5,59049,crossover,membership_legacy_prepare,4,152923600,ns,success
packed-builder-v5,59049,crossover,membership_legacy_prepare,5,150548900,ns,success
packed-builder-v5,59049,crossover,membership_legacy_prepare,6,150299700,ns,success
packed-builder-v5,59049,crossover,membership_legacy_prepare,7,148682600,ns,success
packed-builder-v5,59049,crossover,membership_legacy_prepare,8,146867000,ns,success
packed-builder-v5,59049,crossover,membership_legacy_prepare,9,147604300,ns,success
packed-builder-v5,59049,crossover,membership_legacy_prepare,10,148197900,ns,success
packed-builder-v5,59049,crossover,membership_legacy_prepare,11,148679500,ns,success
packed-builder-v5,59049,crossover,membership_legacy_prepare,12,147713400,ns,success
packed-builder-v5,59049,crossover,membership_legacy_prepare,13,150524400,ns,success
packed-builder-v5,59049,crossover,membership_legacy_prepare,14,151560900,ns,success
packed-builder-v5,59049,crossover,membership_compact_hit_block,0,70447900,ns,success
packed-builder-v5,59049,crossover,membership_compact_hit_block,1,70625000,ns,success
packed-builder-v5,59049,crossover,membership_compact_hit_block,2,70738800,ns,success
packed-builder-v5,59049,crossover,membership_compact_hit_block,3,70443800,ns,success
packed-builder-v5,59049,crossover,membership_compact_hit_block,4,70214200,ns,success
packed-builder-v5,59049,crossover,membership_compact_hit_block,5,70533500,ns,success
packed-builder-v5,59049,crossover,membership_compact_hit_block,6,70333700,ns,success
packed-builder-v5,59049,crossover,membership_compact_hit_block,7,70706200,ns,success
packed-builder-v5,59049,crossover,membership_compact_hit_block,8,70573200,ns,success
packed-builder-v5,59049,crossover,membership_compact_hit_block,9,70497800,ns,success
packed-builder-v5,59049,crossover,membership_compact_hit_block,10,70662000,ns,success
packed-builder-v5,59049,crossover,membership_compact_hit_block,11,70603700,ns,success
packed-builder-v5,59049,crossover,membership_compact_hit_block,12,70466700,ns,success
packed-builder-v5,59049,crossover,membership_compact_hit_block,13,70740700,ns,success
packed-builder-v5,59049,crossover,membership_compact_hit_block,14,70667700,ns,success
packed-builder-v5,59049,crossover,membership_compact_miss_block,0,2660700,ns,success
packed-builder-v5,59049,crossover,membership_compact_miss_block,1,2650900,ns,success
packed-builder-v5,59049,crossover,membership_compact_miss_block,2,2585600,ns,success
packed-builder-v5,59049,crossover,membership_compact_miss_block,3,2582200,ns,success
packed-builder-v5,59049,crossover,membership_compact_miss_block,4,2584900,ns,success
packed-builder-v5,59049,crossover,membership_compact_miss_block,5,2668600,ns,success
packed-builder-v5,59049,crossover,membership_compact_miss_block,6,2655500,ns,success
packed-builder-v5,59049,crossover,membership_compact_miss_block,7,2576000,ns,success
packed-builder-v5,59049,crossover,membership_compact_miss_block,8,2610300,ns,success
packed-builder-v5,59049,crossover,membership_compact_miss_block,9,2660400,ns,success
packed-builder-v5,59049,crossover,membership_compact_miss_block,10,2665000,ns,success
packed-builder-v5,59049,crossover,membership_compact_miss_block,11,2587100,ns,success
packed-builder-v5,59049,crossover,membership_compact_miss_block,12,2656100,ns,success
packed-builder-v5,59049,crossover,membership_compact_miss_block,13,2601300,ns,success
packed-builder-v5,59049,crossover,membership_compact_miss_block,14,2657300,ns,success
packed-builder-v5,59049,crossover,membership_legacy_hit_block,0,1084700,ns,success
packed-builder-v5,59049,crossover,membership_legacy_hit_block,1,1078400,ns,success
packed-builder-v5,59049,crossover,membership_legacy_hit_block,2,1079700,ns,success
packed-builder-v5,59049,crossover,membership_legacy_hit_block,3,1079100,ns,success
packed-builder-v5,59049,crossover,membership_legacy_hit_block,4,1078100,ns,success
packed-builder-v5,59049,crossover,membership_legacy_hit_block,5,1083800,ns,success
packed-builder-v5,59049,crossover,membership_legacy_hit_block,6,1084500,ns,success
packed-builder-v5,59049,crossover,membership_legacy_hit_block,7,1074400,ns,success
packed-builder-v5,59049,crossover,membership_legacy_hit_block,8,1080200,ns,success
packed-builder-v5,59049,crossover,membership_legacy_hit_block,9,1074200,ns,success
packed-builder-v5,59049,crossover,membership_legacy_hit_block,10,1080300,ns,success
packed-builder-v5,59049,crossover,membership_legacy_hit_block,11,1082600,ns,success
packed-builder-v5,59049,crossover,membership_legacy_hit_block,12,1083400,ns,success
packed-builder-v5,59049,crossover,membership_legacy_hit_block,13,1079200,ns,success
packed-builder-v5,59049,crossover,membership_legacy_hit_block,14,1085100,ns,success
packed-builder-v5,59049,crossover,membership_legacy_miss_block,0,825500,ns,success
packed-builder-v5,59049,crossover,membership_legacy_miss_block,1,829300,ns,success
packed-builder-v5,59049,crossover,membership_legacy_miss_block,2,828700,ns,success
packed-builder-v5,59049,crossover,membership_legacy_miss_block,3,830000,ns,success
packed-builder-v5,59049,crossover,membership_legacy_miss_block,4,829000,ns,success
packed-builder-v5,59049,crossover,membership_legacy_miss_block,5,828000,ns,success
packed-builder-v5,59049,crossover,membership_legacy_miss_block,6,822700,ns,success
packed-builder-v5,59049,crossover,membership_legacy_miss_block,7,834200,ns,success
packed-builder-v5,59049,crossover,membership_legacy_miss_block,8,829500,ns,success
packed-builder-v5,59049,crossover,membership_legacy_miss_block,9,834500,ns,success
packed-builder-v5,59049,crossover,membership_legacy_miss_block,10,828500,ns,success
packed-builder-v5,59049,crossover,membership_legacy_miss_block,11,830300,ns,success
packed-builder-v5,59049,crossover,membership_legacy_miss_block,12,832100,ns,success
packed-builder-v5,59049,crossover,membership_legacy_miss_block,13,838000,ns,success
packed-builder-v5,59049,crossover,membership_legacy_miss_block,14,824300,ns,success
packed-builder-v5,59049,crossover,prepared_retained,0,710647,bytes,success
packed-builder-v5,59049,crossover,prepared_retained,1,710647,bytes,success
packed-builder-v5,59049,crossover,prepared_retained,2,710647,bytes,success
packed-builder-v5,59049,crossover,prepared_retained,3,710647,bytes,success
packed-builder-v5,59049,crossover,prepared_retained,4,710647,bytes,success
packed-builder-v5,59049,crossover,prepared_peak,0,1183023,bytes,success
packed-builder-v5,59049,crossover,prepared_peak,1,1183023,bytes,success
packed-builder-v5,59049,crossover,prepared_peak,2,1183023,bytes,success
packed-builder-v5,59049,crossover,prepared_peak,3,1183023,bytes,success
packed-builder-v5,59049,crossover,prepared_peak,4,1183023,bytes,success
packed-builder-v5,59049,crossover,membership_compact_retained,0,528,bytes,success
packed-builder-v5,59049,crossover,membership_compact_retained,1,528,bytes,success
packed-builder-v5,59049,crossover,membership_compact_retained,2,528,bytes,success
packed-builder-v5,59049,crossover,membership_compact_retained,3,528,bytes,success
packed-builder-v5,59049,crossover,membership_compact_retained,4,528,bytes,success
packed-builder-v5,59049,crossover,membership_compact_peak,0,576,bytes,success
packed-builder-v5,59049,crossover,membership_compact_peak,1,576,bytes,success
packed-builder-v5,59049,crossover,membership_compact_peak,2,576,bytes,success
packed-builder-v5,59049,crossover,membership_compact_peak,3,576,bytes,success
packed-builder-v5,59049,crossover,membership_compact_peak,4,576,bytes,success
packed-builder-v5,59049,crossover,membership_legacy_retained,0,11180412,bytes,success
packed-builder-v5,59049,crossover,membership_legacy_retained,1,11180412,bytes,success
packed-builder-v5,59049,crossover,membership_legacy_retained,2,11180412,bytes,success
packed-builder-v5,59049,crossover,membership_legacy_retained,3,11180412,bytes,success
packed-builder-v5,59049,crossover,membership_legacy_retained,4,11180412,bytes,success
packed-builder-v5,59049,crossover,membership_legacy_peak,0,11181140,bytes,success
packed-builder-v5,59049,crossover,membership_legacy_peak,1,11181140,bytes,success
packed-builder-v5,59049,crossover,membership_legacy_peak,2,11181140,bytes,success
packed-builder-v5,59049,crossover,membership_legacy_peak,3,11181140,bytes,success
packed-builder-v5,59049,crossover,membership_legacy_peak,4,11181140,bytes,success
inplace-builder-v6,59049,cpu-ordinary,total,0,81331600,ns,success
inplace-builder-v6,59049,cpu-ordinary,total,1,79874700,ns,success
inplace-builder-v6,59049,cpu-ordinary,total,2,80049600,ns,success
inplace-builder-v6,59049,cpu-ordinary,total,3,79570400,ns,success
inplace-builder-v6,59049,cpu-ordinary,total,4,80225700,ns,success
inplace-builder-v6,59049,cpu-ordinary,total,5,82185800,ns,success
inplace-builder-v6,59049,cpu-ordinary,total,6,80386000,ns,success
inplace-builder-v6,59049,cpu-ordinary,total,7,79593600,ns,success
inplace-builder-v6,59049,cpu-ordinary,total,8,79338000,ns,success
inplace-builder-v6,59049,cpu-ordinary,total,9,79414300,ns,success
inplace-builder-v6,59049,cpu-ordinary,total,10,79748100,ns,success
inplace-builder-v6,59049,cpu-ordinary,total,11,79943300,ns,success
inplace-builder-v6,59049,cpu-ordinary,total,12,80760800,ns,success
inplace-builder-v6,59049,cpu-ordinary,total,13,79780700,ns,success
inplace-builder-v6,59049,cpu-ordinary,total,14,79956300,ns,success
inplace-builder-v6,59049,cpu-prepared,total,0,3284800,ns,success
inplace-builder-v6,59049,cpu-prepared,total,1,3271800,ns,success
inplace-builder-v6,59049,cpu-prepared,total,2,3146900,ns,success
inplace-builder-v6,59049,cpu-prepared,total,3,3160500,ns,success
inplace-builder-v6,59049,cpu-prepared,total,4,3233700,ns,success
inplace-builder-v6,59049,cpu-prepared,total,5,3271700,ns,success
inplace-builder-v6,59049,cpu-prepared,total,6,3311700,ns,success
inplace-builder-v6,59049,cpu-prepared,total,7,3266800,ns,success
inplace-builder-v6,59049,cpu-prepared,total,8,3157200,ns,success
inplace-builder-v6,59049,cpu-prepared,total,9,3081500,ns,success
inplace-builder-v6,59049,cpu-prepared,total,10,3630300,ns,success
inplace-builder-v6,59049,cpu-prepared,total,11,3518000,ns,success
inplace-builder-v6,59049,cpu-prepared,total,12,3077300,ns,success
inplace-builder-v6,59049,cpu-prepared,total,13,3238300,ns,success
inplace-builder-v6,59049,cpu-prepared,total,14,3551700,ns,success
inplace-builder-v6,59049,cuda-ordinary,total,0,92723300,ns,success
inplace-builder-v6,59049,cuda-ordinary,total,1,92547600,ns,success
inplace-builder-v6,59049,cuda-ordinary,total,2,91873600,ns,success
inplace-builder-v6,59049,cuda-ordinary,total,3,92831600,ns,success
inplace-builder-v6,59049,cuda-ordinary,total,4,92327200,ns,success
inplace-builder-v6,59049,cuda-ordinary,total,5,93841600,ns,success
inplace-builder-v6,59049,cuda-ordinary,total,6,91998400,ns,success
inplace-builder-v6,59049,cuda-ordinary,total,7,91848000,ns,success
inplace-builder-v6,59049,cuda-ordinary,total,8,92092600,ns,success
inplace-builder-v6,59049,cuda-ordinary,total,9,91799500,ns,success
inplace-builder-v6,59049,cuda-ordinary,total,10,91914900,ns,success
inplace-builder-v6,59049,cuda-ordinary,total,11,92506900,ns,success
inplace-builder-v6,59049,cuda-ordinary,total,12,91697700,ns,success
inplace-builder-v6,59049,cuda-ordinary,total,13,92210900,ns,success
inplace-builder-v6,59049,cuda-ordinary,total,14,92133400,ns,success
inplace-builder-v6,59049,cuda-prepared,total,0,454500,ns,success
inplace-builder-v6,59049,cuda-prepared,total,1,431700,ns,success
inplace-builder-v6,59049,cuda-prepared,total,2,479400,ns,success
inplace-builder-v6,59049,cuda-prepared,total,3,396000,ns,success
inplace-builder-v6,59049,cuda-prepared,total,4,634500,ns,success
inplace-builder-v6,59049,cuda-prepared,total,5,514900,ns,success
inplace-builder-v6,59049,cuda-prepared,total,6,371600,ns,success
inplace-builder-v6,59049,cuda-prepared,total,7,384500,ns,success
inplace-builder-v6,59049,cuda-prepared,total,8,358700,ns,success
inplace-builder-v6,59049,cuda-prepared,total,9,377500,ns,success
inplace-builder-v6,59049,cuda-prepared,total,10,399500,ns,success
inplace-builder-v6,59049,cuda-prepared,total,11,365900,ns,success
inplace-builder-v6,59049,cuda-prepared,total,12,381300,ns,success
inplace-builder-v6,59049,cuda-prepared,total,13,383800,ns,success
inplace-builder-v6,59049,cuda-prepared,total,14,375600,ns,success
packed-builder-v5,59049,cpu-ordinary,total,0,92443800,ns,success
packed-builder-v5,59049,cpu-ordinary,total,1,90318400,ns,success
packed-builder-v5,59049,cpu-ordinary,total,2,90664300,ns,success
packed-builder-v5,59049,cpu-ordinary,total,3,91659900,ns,success
packed-builder-v5,59049,cpu-ordinary,total,4,90684000,ns,success
packed-builder-v5,59049,cpu-ordinary,total,5,90989300,ns,success
packed-builder-v5,59049,cpu-ordinary,total,6,90901700,ns,success
packed-builder-v5,59049,cpu-ordinary,total,7,94526900,ns,success
packed-builder-v5,59049,cpu-ordinary,total,8,90667800,ns,success
packed-builder-v5,59049,cpu-ordinary,total,9,90869200,ns,success
packed-builder-v5,59049,cpu-ordinary,total,10,91058200,ns,success
packed-builder-v5,59049,cpu-ordinary,total,11,90788500,ns,success
packed-builder-v5,59049,cpu-ordinary,total,12,90791900,ns,success
packed-builder-v5,59049,cpu-ordinary,total,13,90941600,ns,success
packed-builder-v5,59049,cpu-ordinary,total,14,90745100,ns,success
packed-builder-v5,59049,cpu-prepared,total,0,3577700,ns,success
packed-builder-v5,59049,cpu-prepared,total,1,3301600,ns,success
packed-builder-v5,59049,cpu-prepared,total,2,3098200,ns,success
packed-builder-v5,59049,cpu-prepared,total,3,3125800,ns,success
packed-builder-v5,59049,cpu-prepared,total,4,3099100,ns,success
packed-builder-v5,59049,cpu-prepared,total,5,3127000,ns,success
packed-builder-v5,59049,cpu-prepared,total,6,3214300,ns,success
packed-builder-v5,59049,cpu-prepared,total,7,3097700,ns,success
packed-builder-v5,59049,cpu-prepared,total,8,3224400,ns,success
packed-builder-v5,59049,cpu-prepared,total,9,3109200,ns,success
packed-builder-v5,59049,cpu-prepared,total,10,3098600,ns,success
packed-builder-v5,59049,cpu-prepared,total,11,3108400,ns,success
packed-builder-v5,59049,cpu-prepared,total,12,3071400,ns,success
packed-builder-v5,59049,cpu-prepared,total,13,3106100,ns,success
packed-builder-v5,59049,cpu-prepared,total,14,3097900,ns,success
packed-builder-v5,59049,cuda-ordinary,total,0,103184900,ns,success
packed-builder-v5,59049,cuda-ordinary,total,1,103194100,ns,success
packed-builder-v5,59049,cuda-ordinary,total,2,103359400,ns,success
packed-builder-v5,59049,cuda-ordinary,total,3,103471100,ns,success
packed-builder-v5,59049,cuda-ordinary,total,4,103348500,ns,success
packed-builder-v5,59049,cuda-ordinary,total,5,103481500,ns,success
packed-builder-v5,59049,cuda-ordinary,total,6,103595900,ns,success
packed-builder-v5,59049,cuda-ordinary,total,7,103553300,ns,success
packed-builder-v5,59049,cuda-ordinary,total,8,103752700,ns,success
packed-builder-v5,59049,cuda-ordinary,total,9,103561700,ns,success
packed-builder-v5,59049,cuda-ordinary,total,10,103612600,ns,success
packed-builder-v5,59049,cuda-ordinary,total,11,103752900,ns,success
packed-builder-v5,59049,cuda-ordinary,total,12,103818000,ns,success
packed-builder-v5,59049,cuda-ordinary,total,13,103768400,ns,success
packed-builder-v5,59049,cuda-ordinary,total,14,103642500,ns,success
packed-builder-v5,59049,cuda-prepared,total,0,494100,ns,success
packed-builder-v5,59049,cuda-prepared,total,1,598000,ns,success
packed-builder-v5,59049,cuda-prepared,total,2,459500,ns,success
packed-builder-v5,59049,cuda-prepared,total,3,468700,ns,success
packed-builder-v5,59049,cuda-prepared,total,4,488700,ns,success
packed-builder-v5,59049,cuda-prepared,total,5,478600,ns,success
packed-builder-v5,59049,cuda-prepared,total,6,455600,ns,success
packed-builder-v5,59049,cuda-prepared,total,7,429500,ns,success
packed-builder-v5,59049,cuda-prepared,total,8,441900,ns,success
packed-builder-v5,59049,cuda-prepared,total,9,443400,ns,success
packed-builder-v5,59049,cuda-prepared,total,10,475800,ns,success
packed-builder-v5,59049,cuda-prepared,total,11,508800,ns,success
packed-builder-v5,59049,cuda-prepared,total,12,480700,ns,success
packed-builder-v5,59049,cuda-prepared,total,13,561200,ns,success
packed-builder-v5,59049,cuda-prepared,total,14,548600,ns,success
inplace-builder-v6,59049,cpu,backend_evaluation_ns,0,2997600,ns,success
inplace-builder-v6,59049,cpu,backend_evaluation_ns,1,2905500,ns,success
inplace-builder-v6,59049,cpu,backend_evaluation_ns,2,2977800,ns,success
inplace-builder-v6,59049,cpu,backend_evaluation_ns,3,2932600,ns,success
inplace-builder-v6,59049,cpu,backend_evaluation_ns,4,2911500,ns,success
inplace-builder-v6,59049,cpu,backend_evaluation_ns,5,2903800,ns,success
inplace-builder-v6,59049,cpu,backend_evaluation_ns,6,2917300,ns,success
inplace-builder-v6,59049,cpu,backend_evaluation_ns,7,2979300,ns,success
inplace-builder-v6,59049,cpu,backend_evaluation_ns,8,2935800,ns,success
inplace-builder-v6,59049,cpu,backend_evaluation_ns,9,2915600,ns,success
inplace-builder-v6,59049,cpu,backend_evaluation_ns,10,2894900,ns,success
inplace-builder-v6,59049,cpu,backend_evaluation_ns,11,2907500,ns,success
inplace-builder-v6,59049,cpu,backend_evaluation_ns,12,2967500,ns,success
inplace-builder-v6,59049,cpu,backend_evaluation_ns,13,2914300,ns,success
inplace-builder-v6,59049,cpu,backend_evaluation_ns,14,2901600,ns,success
inplace-builder-v6,59049,cpu,prepared_validation_ns,0,3600,ns,success
inplace-builder-v6,59049,cpu,prepared_validation_ns,1,3200,ns,success
inplace-builder-v6,59049,cpu,prepared_validation_ns,2,3100,ns,success
inplace-builder-v6,59049,cpu,prepared_validation_ns,3,3200,ns,success
inplace-builder-v6,59049,cpu,prepared_validation_ns,4,3000,ns,success
inplace-builder-v6,59049,cpu,prepared_validation_ns,5,3100,ns,success
inplace-builder-v6,59049,cpu,prepared_validation_ns,6,3000,ns,success
inplace-builder-v6,59049,cpu,prepared_validation_ns,7,3000,ns,success
inplace-builder-v6,59049,cpu,prepared_validation_ns,8,3000,ns,success
inplace-builder-v6,59049,cpu,prepared_validation_ns,9,2900,ns,success
inplace-builder-v6,59049,cpu,prepared_validation_ns,10,3000,ns,success
inplace-builder-v6,59049,cpu,prepared_validation_ns,11,2900,ns,success
inplace-builder-v6,59049,cpu,prepared_validation_ns,12,3100,ns,success
inplace-builder-v6,59049,cpu,prepared_validation_ns,13,3000,ns,success
inplace-builder-v6,59049,cpu,prepared_validation_ns,14,2900,ns,success
inplace-builder-v6,59049,cpu,proposal_selection_ns,0,41600,ns,success
inplace-builder-v6,59049,cpu,proposal_selection_ns,1,39400,ns,success
inplace-builder-v6,59049,cpu,proposal_selection_ns,2,40500,ns,success
inplace-builder-v6,59049,cpu,proposal_selection_ns,3,37800,ns,success
inplace-builder-v6,59049,cpu,proposal_selection_ns,4,37000,ns,success
inplace-builder-v6,59049,cpu,proposal_selection_ns,5,38000,ns,success
inplace-builder-v6,59049,cpu,proposal_selection_ns,6,37500,ns,success
inplace-builder-v6,59049,cpu,proposal_selection_ns,7,39200,ns,success
inplace-builder-v6,59049,cpu,proposal_selection_ns,8,38100,ns,success
inplace-builder-v6,59049,cpu,proposal_selection_ns,9,37100,ns,success
inplace-builder-v6,59049,cpu,proposal_selection_ns,10,43900,ns,success
inplace-builder-v6,59049,cpu,proposal_selection_ns,11,37400,ns,success
inplace-builder-v6,59049,cpu,proposal_selection_ns,12,40200,ns,success
inplace-builder-v6,59049,cpu,proposal_selection_ns,13,37500,ns,success
inplace-builder-v6,59049,cpu,proposal_selection_ns,14,36900,ns,success
inplace-builder-v6,59049,cpu,result_validation_ns,0,5900,ns,success
inplace-builder-v6,59049,cpu,result_validation_ns,1,5100,ns,success
inplace-builder-v6,59049,cpu,result_validation_ns,2,5600,ns,success
inplace-builder-v6,59049,cpu,result_validation_ns,3,5300,ns,success
inplace-builder-v6,59049,cpu,result_validation_ns,4,4900,ns,success
inplace-builder-v6,59049,cpu,result_validation_ns,5,5300,ns,success
inplace-builder-v6,59049,cpu,result_validation_ns,6,5100,ns,success
inplace-builder-v6,59049,cpu,result_validation_ns,7,5400,ns,success
inplace-builder-v6,59049,cpu,result_validation_ns,8,4900,ns,success
inplace-builder-v6,59049,cpu,result_validation_ns,9,4900,ns,success
inplace-builder-v6,59049,cpu,result_validation_ns,10,6700,ns,success
inplace-builder-v6,59049,cpu,result_validation_ns,11,5000,ns,success
inplace-builder-v6,59049,cpu,result_validation_ns,12,5100,ns,success
inplace-builder-v6,59049,cpu,result_validation_ns,13,4900,ns,success
inplace-builder-v6,59049,cpu,result_validation_ns,14,5000,ns,success
inplace-builder-v6,59049,cpu,total_ns,0,3055600,ns,success
inplace-builder-v6,59049,cpu,total_ns,1,2959000,ns,success
inplace-builder-v6,59049,cpu,total_ns,2,3032800,ns,success
inplace-builder-v6,59049,cpu,total_ns,3,2984200,ns,success
inplace-builder-v6,59049,cpu,total_ns,4,2961800,ns,success
inplace-builder-v6,59049,cpu,total_ns,5,2955800,ns,success
inplace-builder-v6,59049,cpu,total_ns,6,2968000,ns,success
inplace-builder-v6,59049,cpu,total_ns,7,3032500,ns,success
inplace-builder-v6,59049,cpu,total_ns,8,2987100,ns,success
inplace-builder-v6,59049,cpu,total_ns,9,2965900,ns,success
inplace-builder-v6,59049,cpu,total_ns,10,2955200,ns,success
inplace-builder-v6,59049,cpu,total_ns,11,2958400,ns,success
inplace-builder-v6,59049,cpu,total_ns,12,3021600,ns,success
inplace-builder-v6,59049,cpu,total_ns,13,2965000,ns,success
inplace-builder-v6,59049,cpu,total_ns,14,2951700,ns,success
inplace-builder-v6,59049,cuda,backend_evaluation_ns,0,236700,ns,success
inplace-builder-v6,59049,cuda,backend_evaluation_ns,1,222000,ns,success
inplace-builder-v6,59049,cuda,backend_evaluation_ns,2,333400,ns,success
inplace-builder-v6,59049,cuda,backend_evaluation_ns,3,213800,ns,success
inplace-builder-v6,59049,cuda,backend_evaluation_ns,4,222700,ns,success
inplace-builder-v6,59049,cuda,backend_evaluation_ns,5,213100,ns,success
inplace-builder-v6,59049,cuda,backend_evaluation_ns,6,220300,ns,success
inplace-builder-v6,59049,cuda,backend_evaluation_ns,7,293100,ns,success
inplace-builder-v6,59049,cuda,backend_evaluation_ns,8,212800,ns,success
inplace-builder-v6,59049,cuda,backend_evaluation_ns,9,211800,ns,success
inplace-builder-v6,59049,cuda,backend_evaluation_ns,10,220100,ns,success
inplace-builder-v6,59049,cuda,backend_evaluation_ns,11,235500,ns,success
inplace-builder-v6,59049,cuda,backend_evaluation_ns,12,294600,ns,success
inplace-builder-v6,59049,cuda,backend_evaluation_ns,13,213800,ns,success
inplace-builder-v6,59049,cuda,backend_evaluation_ns,14,211000,ns,success
inplace-builder-v6,59049,cuda,prepared_validation_ns,0,3500,ns,success
inplace-builder-v6,59049,cuda,prepared_validation_ns,1,3200,ns,success
inplace-builder-v6,59049,cuda,prepared_validation_ns,2,3200,ns,success
inplace-builder-v6,59049,cuda,prepared_validation_ns,3,3200,ns,success
inplace-builder-v6,59049,cuda,prepared_validation_ns,4,3100,ns,success
inplace-builder-v6,59049,cuda,prepared_validation_ns,5,3200,ns,success
inplace-builder-v6,59049,cuda,prepared_validation_ns,6,3000,ns,success
inplace-builder-v6,59049,cuda,prepared_validation_ns,7,3100,ns,success
inplace-builder-v6,59049,cuda,prepared_validation_ns,8,3000,ns,success
inplace-builder-v6,59049,cuda,prepared_validation_ns,9,2900,ns,success
inplace-builder-v6,59049,cuda,prepared_validation_ns,10,3000,ns,success
inplace-builder-v6,59049,cuda,prepared_validation_ns,11,3200,ns,success
inplace-builder-v6,59049,cuda,prepared_validation_ns,12,3100,ns,success
inplace-builder-v6,59049,cuda,prepared_validation_ns,13,4700,ns,success
inplace-builder-v6,59049,cuda,prepared_validation_ns,14,3000,ns,success
inplace-builder-v6,59049,cuda,proposal_selection_ns,0,39800,ns,success
inplace-builder-v6,59049,cuda,proposal_selection_ns,1,52000,ns,success
inplace-builder-v6,59049,cuda,proposal_selection_ns,2,59800,ns,success
inplace-builder-v6,59049,cuda,proposal_selection_ns,3,41000,ns,success
inplace-builder-v6,59049,cuda,proposal_selection_ns,4,39300,ns,success
inplace-builder-v6,59049,cuda,proposal_selection_ns,5,37900,ns,success
inplace-builder-v6,59049,cuda,proposal_selection_ns,6,38200,ns,success
inplace-builder-v6,59049,cuda,proposal_selection_ns,7,38300,ns,success
inplace-builder-v6,59049,cuda,proposal_selection_ns,8,37900,ns,success
inplace-builder-v6,59049,cuda,proposal_selection_ns,9,37800,ns,success
inplace-builder-v6,59049,cuda,proposal_selection_ns,10,38200,ns,success
inplace-builder-v6,59049,cuda,proposal_selection_ns,11,38100,ns,success
inplace-builder-v6,59049,cuda,proposal_selection_ns,12,37800,ns,success
inplace-builder-v6,59049,cuda,proposal_selection_ns,13,37600,ns,success
inplace-builder-v6,59049,cuda,proposal_selection_ns,14,38100,ns,success
inplace-builder-v6,59049,cuda,result_validation_ns,0,5400,ns,success
inplace-builder-v6,59049,cuda,result_validation_ns,1,5800,ns,success
inplace-builder-v6,59049,cuda,result_validation_ns,2,6000,ns,success
inplace-builder-v6,59049,cuda,result_validation_ns,3,5300,ns,success
inplace-builder-v6,59049,cuda,result_validation_ns,4,5300,ns,success
inplace-builder-v6,59049,cuda,result_validation_ns,5,5100,ns,success
inplace-builder-v6,59049,cuda,result_validation_ns,6,5100,ns,success
inplace-builder-v6,59049,cuda,result_validation_ns,7,5500,ns,success
inplace-builder-v6,59049,cuda,result_validation_ns,8,4900,ns,success
inplace-builder-v6,59049,cuda,result_validation_ns,9,5300,ns,success
inplace-builder-v6,59049,cuda,result_validation_ns,10,5300,ns,success
inplace-builder-v6,59049,cuda,result_validation_ns,11,5100,ns,success
inplace-builder-v6,59049,cuda,result_validation_ns,12,5200,ns,success
inplace-builder-v6,59049,cuda,result_validation_ns,13,5100,ns,success
inplace-builder-v6,59049,cuda,result_validation_ns,14,5400,ns,success
inplace-builder-v6,59049,cuda,total_ns,0,292000,ns,success
inplace-builder-v6,59049,cuda,total_ns,1,289400,ns,success
inplace-builder-v6,59049,cuda,total_ns,2,408900,ns,success
inplace-builder-v6,59049,cuda,total_ns,3,269000,ns,success
inplace-builder-v6,59049,cuda,total_ns,4,276500,ns,success
inplace-builder-v6,59049,cuda,total_ns,5,265400,ns,success
inplace-builder-v6,59049,cuda,total_ns,6,272300,ns,success
inplace-builder-v6,59049,cuda,total_ns,7,345700,ns,success
inplace-builder-v6,59049,cuda,total_ns,8,264300,ns,success
inplace-builder-v6,59049,cuda,total_ns,9,263500,ns,success
inplace-builder-v6,59049,cuda,total_ns,10,272300,ns,success
inplace-builder-v6,59049,cuda,total_ns,11,288100,ns,success
inplace-builder-v6,59049,cuda,total_ns,12,346500,ns,success
inplace-builder-v6,59049,cuda,total_ns,13,268100,ns,success
inplace-builder-v6,59049,cuda,total_ns,14,263500,ns,success
packed-builder-v5,59049,cpu,backend_evaluation_ns,0,2984500,ns,success
packed-builder-v5,59049,cpu,backend_evaluation_ns,1,2895100,ns,success
packed-builder-v5,59049,cpu,backend_evaluation_ns,2,2906600,ns,success
packed-builder-v5,59049,cpu,backend_evaluation_ns,3,2903700,ns,success
packed-builder-v5,59049,cpu,backend_evaluation_ns,4,2893200,ns,success
packed-builder-v5,59049,cpu,backend_evaluation_ns,5,2905000,ns,success
packed-builder-v5,59049,cpu,backend_evaluation_ns,6,2919400,ns,success
packed-builder-v5,59049,cpu,backend_evaluation_ns,7,2898300,ns,success
packed-builder-v5,59049,cpu,backend_evaluation_ns,8,2892100,ns,success
packed-builder-v5,59049,cpu,backend_evaluation_ns,9,2897500,ns,success
packed-builder-v5,59049,cpu,backend_evaluation_ns,10,2899600,ns,success
packed-builder-v5,59049,cpu,backend_evaluation_ns,11,2944000,ns,success
packed-builder-v5,59049,cpu,backend_evaluation_ns,12,2950100,ns,success
packed-builder-v5,59049,cpu,backend_evaluation_ns,13,2912100,ns,success
packed-builder-v5,59049,cpu,backend_evaluation_ns,14,2900400,ns,success
packed-builder-v5,59049,cpu,prepared_validation_ns,0,3400,ns,success
packed-builder-v5,59049,cpu,prepared_validation_ns,1,3300,ns,success
packed-builder-v5,59049,cpu,prepared_validation_ns,2,3000,ns,success
packed-builder-v5,59049,cpu,prepared_validation_ns,3,3000,ns,success
packed-builder-v5,59049,cpu,prepared_validation_ns,4,3000,ns,success
packed-builder-v5,59049,cpu,prepared_validation_ns,5,2900,ns,success
packed-builder-v5,59049,cpu,prepared_validation_ns,6,3100,ns,success
packed-builder-v5,59049,cpu,prepared_validation_ns,7,3000,ns,success
packed-builder-v5,59049,cpu,prepared_validation_ns,8,2800,ns,success
packed-builder-v5,59049,cpu,prepared_validation_ns,9,2800,ns,success
packed-builder-v5,59049,cpu,prepared_validation_ns,10,3300,ns,success
packed-builder-v5,59049,cpu,prepared_validation_ns,11,2800,ns,success
packed-builder-v5,59049,cpu,prepared_validation_ns,12,3100,ns,success
packed-builder-v5,59049,cpu,prepared_validation_ns,13,2800,ns,success
packed-builder-v5,59049,cpu,prepared_validation_ns,14,2800,ns,success
packed-builder-v5,59049,cpu,proposal_selection_ns,0,42700,ns,success
packed-builder-v5,59049,cpu,proposal_selection_ns,1,39000,ns,success
packed-builder-v5,59049,cpu,proposal_selection_ns,2,37800,ns,success
packed-builder-v5,59049,cpu,proposal_selection_ns,3,36600,ns,success
packed-builder-v5,59049,cpu,proposal_selection_ns,4,37300,ns,success
packed-builder-v5,59049,cpu,proposal_selection_ns,5,37200,ns,success
packed-builder-v5,59049,cpu,proposal_selection_ns,6,37700,ns,success
packed-builder-v5,59049,cpu,proposal_selection_ns,7,37000,ns,success
packed-builder-v5,59049,cpu,proposal_selection_ns,8,36400,ns,success
packed-builder-v5,59049,cpu,proposal_selection_ns,9,35700,ns,success
packed-builder-v5,59049,cpu,proposal_selection_ns,10,36500,ns,success
packed-builder-v5,59049,cpu,proposal_selection_ns,11,37300,ns,success
packed-builder-v5,59049,cpu,proposal_selection_ns,12,37600,ns,success
packed-builder-v5,59049,cpu,proposal_selection_ns,13,36400,ns,success
packed-builder-v5,59049,cpu,proposal_selection_ns,14,36200,ns,success
packed-builder-v5,59049,cpu,result_validation_ns,0,6100,ns,success
packed-builder-v5,59049,cpu,result_validation_ns,1,5200,ns,success
packed-builder-v5,59049,cpu,result_validation_ns,2,5200,ns,success
packed-builder-v5,59049,cpu,result_validation_ns,3,4800,ns,success
packed-builder-v5,59049,cpu,result_validation_ns,4,5200,ns,success
packed-builder-v5,59049,cpu,result_validation_ns,5,5200,ns,success
packed-builder-v5,59049,cpu,result_validation_ns,6,5000,ns,success
packed-builder-v5,59049,cpu,result_validation_ns,7,5200,ns,success
packed-builder-v5,59049,cpu,result_validation_ns,8,4800,ns,success
packed-builder-v5,59049,cpu,result_validation_ns,9,5100,ns,success
packed-builder-v5,59049,cpu,result_validation_ns,10,5200,ns,success
packed-builder-v5,59049,cpu,result_validation_ns,11,5200,ns,success
packed-builder-v5,59049,cpu,result_validation_ns,12,5100,ns,success
packed-builder-v5,59049,cpu,result_validation_ns,13,5000,ns,success
packed-builder-v5,59049,cpu,result_validation_ns,14,4900,ns,success
packed-builder-v5,59049,cpu,total_ns,0,3043700,ns,success
packed-builder-v5,59049,cpu,total_ns,1,2948200,ns,success
packed-builder-v5,59049,cpu,total_ns,2,2958200,ns,success
packed-builder-v5,59049,cpu,total_ns,3,2953500,ns,success
packed-builder-v5,59049,cpu,total_ns,4,2943900,ns,success
packed-builder-v5,59049,cpu,total_ns,5,2955900,ns,success
packed-builder-v5,59049,cpu,total_ns,6,2970800,ns,success
packed-builder-v5,59049,cpu,total_ns,7,2949100,ns,success
packed-builder-v5,59049,cpu,total_ns,8,2941600,ns,success
packed-builder-v5,59049,cpu,total_ns,9,2946500,ns,success
packed-builder-v5,59049,cpu,total_ns,10,2950000,ns,success
packed-builder-v5,59049,cpu,total_ns,11,2994800,ns,success
packed-builder-v5,59049,cpu,total_ns,12,3001400,ns,success
packed-builder-v5,59049,cpu,total_ns,13,2961400,ns,success
packed-builder-v5,59049,cpu,total_ns,14,2949600,ns,success
packed-builder-v5,59049,cuda,backend_evaluation_ns,0,301800,ns,success
packed-builder-v5,59049,cuda,backend_evaluation_ns,1,275900,ns,success
packed-builder-v5,59049,cuda,backend_evaluation_ns,2,209300,ns,success
packed-builder-v5,59049,cuda,backend_evaluation_ns,3,214300,ns,success
packed-builder-v5,59049,cuda,backend_evaluation_ns,4,215100,ns,success
packed-builder-v5,59049,cuda,backend_evaluation_ns,5,268600,ns,success
packed-builder-v5,59049,cuda,backend_evaluation_ns,6,216500,ns,success
packed-builder-v5,59049,cuda,backend_evaluation_ns,7,207400,ns,success
packed-builder-v5,59049,cuda,backend_evaluation_ns,8,205900,ns,success
packed-builder-v5,59049,cuda,backend_evaluation_ns,9,205300,ns,success
packed-builder-v5,59049,cuda,backend_evaluation_ns,10,264900,ns,success
packed-builder-v5,59049,cuda,backend_evaluation_ns,11,271400,ns,success
packed-builder-v5,59049,cuda,backend_evaluation_ns,12,216600,ns,success
packed-builder-v5,59049,cuda,backend_evaluation_ns,13,213700,ns,success
packed-builder-v5,59049,cuda,backend_evaluation_ns,14,213100,ns,success
packed-builder-v5,59049,cuda,prepared_validation_ns,0,3400,ns,success
packed-builder-v5,59049,cuda,prepared_validation_ns,1,3200,ns,success
packed-builder-v5,59049,cuda,prepared_validation_ns,2,2900,ns,success
packed-builder-v5,59049,cuda,prepared_validation_ns,3,3000,ns,success
packed-builder-v5,59049,cuda,prepared_validation_ns,4,3100,ns,success
packed-builder-v5,59049,cuda,prepared_validation_ns,5,2900,ns,success
packed-builder-v5,59049,cuda,prepared_validation_ns,6,3000,ns,success
packed-builder-v5,59049,cuda,prepared_validation_ns,7,2900,ns,success
packed-builder-v5,59049,cuda,prepared_validation_ns,8,3000,ns,success
packed-builder-v5,59049,cuda,prepared_validation_ns,9,2900,ns,success
packed-builder-v5,59049,cuda,prepared_validation_ns,10,3000,ns,success
packed-builder-v5,59049,cuda,prepared_validation_ns,11,2900,ns,success
packed-builder-v5,59049,cuda,prepared_validation_ns,12,2900,ns,success
packed-builder-v5,59049,cuda,prepared_validation_ns,13,3000,ns,success
packed-builder-v5,59049,cuda,prepared_validation_ns,14,2900,ns,success
packed-builder-v5,59049,cuda,proposal_selection_ns,0,39900,ns,success
packed-builder-v5,59049,cuda,proposal_selection_ns,1,38000,ns,success
packed-builder-v5,59049,cuda,proposal_selection_ns,2,37800,ns,success
packed-builder-v5,59049,cuda,proposal_selection_ns,3,37500,ns,success
packed-builder-v5,59049,cuda,proposal_selection_ns,4,38600,ns,success
packed-builder-v5,59049,cuda,proposal_selection_ns,5,37200,ns,success
packed-builder-v5,59049,cuda,proposal_selection_ns,6,37500,ns,success
packed-builder-v5,59049,cuda,proposal_selection_ns,7,37100,ns,success
packed-builder-v5,59049,cuda,proposal_selection_ns,8,42200,ns,success
packed-builder-v5,59049,cuda,proposal_selection_ns,9,36200,ns,success
packed-builder-v5,59049,cuda,proposal_selection_ns,10,37400,ns,success
packed-builder-v5,59049,cuda,proposal_selection_ns,11,36800,ns,success
packed-builder-v5,59049,cuda,proposal_selection_ns,12,37100,ns,success
packed-builder-v5,59049,cuda,proposal_selection_ns,13,37300,ns,success
packed-builder-v5,59049,cuda,proposal_selection_ns,14,36500,ns,success
packed-builder-v5,59049,cuda,result_validation_ns,0,5600,ns,success
packed-builder-v5,59049,cuda,result_validation_ns,1,5200,ns,success
packed-builder-v5,59049,cuda,result_validation_ns,2,5000,ns,success
packed-builder-v5,59049,cuda,result_validation_ns,3,4900,ns,success
packed-builder-v5,59049,cuda,result_validation_ns,4,4800,ns,success
packed-builder-v5,59049,cuda,result_validation_ns,5,5100,ns,success
packed-builder-v5,59049,cuda,result_validation_ns,6,5000,ns,success
packed-builder-v5,59049,cuda,result_validation_ns,7,5200,ns,success
packed-builder-v5,59049,cuda,result_validation_ns,8,8200,ns,success
packed-builder-v5,59049,cuda,result_validation_ns,9,4900,ns,success
packed-builder-v5,59049,cuda,result_validation_ns,10,5200,ns,success
packed-builder-v5,59049,cuda,result_validation_ns,11,5200,ns,success
packed-builder-v5,59049,cuda,result_validation_ns,12,5200,ns,success
packed-builder-v5,59049,cuda,result_validation_ns,13,5000,ns,success
packed-builder-v5,59049,cuda,result_validation_ns,14,4900,ns,success
packed-builder-v5,59049,cuda,total_ns,0,357500,ns,success
packed-builder-v5,59049,cuda,total_ns,1,328300,ns,success
packed-builder-v5,59049,cuda,total_ns,2,261200,ns,success
packed-builder-v5,59049,cuda,total_ns,3,265200,ns,success
packed-builder-v5,59049,cuda,total_ns,4,267600,ns,success
packed-builder-v5,59049,cuda,total_ns,5,319900,ns,success
packed-builder-v5,59049,cuda,total_ns,6,267800,ns,success
packed-builder-v5,59049,cuda,total_ns,7,258300,ns,success
packed-builder-v5,59049,cuda,total_ns,8,265800,ns,success
packed-builder-v5,59049,cuda,total_ns,9,254900,ns,success
packed-builder-v5,59049,cuda,total_ns,10,316200,ns,success
packed-builder-v5,59049,cuda,total_ns,11,322000,ns,success
packed-builder-v5,59049,cuda,total_ns,12,267600,ns,success
packed-builder-v5,59049,cuda,total_ns,13,264600,ns,success
packed-builder-v5,59049,cuda,total_ns,14,263300,ns,success
