source,corpus_size,route,metric,sample,value,unit,status
packed-builder-v5,1,crossover,cold_prepare,0,161500,ns,success
packed-builder-v5,1,crossover,cold_prepare,1,154600,ns,success
packed-builder-v5,1,crossover,cold_prepare,2,159200,ns,success
packed-builder-v5,1,crossover,cold_prepare,3,255400,ns,success
packed-builder-v5,1,crossover,cold_prepare,4,146500,ns,success
packed-builder-v5,1,crossover,cold_prepare,5,202200,ns,success
packed-builder-v5,1,crossover,cold_prepare,6,173200,ns,success
packed-builder-v5,1,crossover,cold_prepare,7,170400,ns,success
packed-builder-v5,1,crossover,cold_prepare,8,162600,ns,success
packed-builder-v5,1,crossover,cold_prepare,9,149200,ns,success
packed-builder-v5,1,crossover,cold_prepare,10,140700,ns,success
packed-builder-v5,1,crossover,cold_prepare,11,157800,ns,success
packed-builder-v5,1,crossover,cold_prepare,12,171900,ns,success
packed-builder-v5,1,crossover,cold_prepare,13,168400,ns,success
packed-builder-v5,1,crossover,cold_prepare,14,151500,ns,success
packed-builder-v5,1,crossover,warm_prepare,0,116300,ns,success
packed-builder-v5,1,crossover,warm_prepare,1,117000,ns,success
packed-builder-v5,1,crossover,warm_prepare,2,86000,ns,success
packed-builder-v5,1,crossover,warm_prepare,3,85000,ns,success
packed-builder-v5,1,crossover,warm_prepare,4,82200,ns,success
packed-builder-v5,1,crossover,warm_prepare,5,93600,ns,success
packed-builder-v5,1,crossover,warm_prepare,6,80600,ns,success
packed-builder-v5,1,crossover,warm_prepare,7,81800,ns,success
packed-builder-v5,1,crossover,warm_prepare,8,84400,ns,success
packed-builder-v5,1,crossover,warm_prepare,9,83200,ns,success
packed-builder-v5,1,crossover,warm_prepare,10,85000,ns,success
packed-builder-v5,1,crossover,warm_prepare,11,81200,ns,success
packed-builder-v5,1,crossover,warm_prepare,12,82200,ns,success
packed-builder-v5,1,crossover,warm_prepare,13,82400,ns,success
packed-builder-v5,1,crossover,warm_prepare,14,81200,ns,success
packed-builder-v5,1,crossover,cuda_ordinary,0,301700,ns,success
packed-builder-v5,1,crossover,cuda_ordinary,1,263200,ns,success
packed-builder-v5,1,crossover,cuda_ordinary,2,252300,ns,success
packed-builder-v5,1,crossover,cuda_ordinary,3,260200,ns,success
packed-builder-v5,1,crossover,cuda_ordinary,4,279500,ns,success
packed-builder-v5,1,crossover,cuda_ordinary,5,248200,ns,success
packed-builder-v5,1,crossover,cuda_ordinary,6,244300,ns,success
packed-builder-v5,1,crossover,cuda_ordinary,7,244900,ns,success
packed-builder-v5,1,crossover,cuda_ordinary,8,245900,ns,success
packed-builder-v5,1,crossover,cuda_ordinary,9,275700,ns,success
packed-builder-v5,1,crossover,cuda_ordinary,10,248300,ns,success
packed-builder-v5,1,crossover,cuda_ordinary,11,243600,ns,success
packed-builder-v5,1,crossover,cuda_ordinary,12,246200,ns,success
packed-builder-v5,1,crossover,cuda_ordinary,13,244700,ns,success
packed-builder-v5,1,crossover,cuda_ordinary,14,274500,ns,success
packed-builder-v5,1,crossover,cuda_first_build,0,914400,ns,success
packed-builder-v5,1,crossover,cuda_first_build,1,814000,ns,success
packed-builder-v5,1,crossover,cuda_first_build,2,635400,ns,success
packed-builder-v5,1,crossover,cuda_first_build,3,657900,ns,success
packed-builder-v5,1,crossover,cuda_first_build,4,590300,ns,success
packed-builder-v5,1,crossover,cuda_first_build,5,814500,ns,success
packed-builder-v5,1,crossover,cuda_first_build,6,815700,ns,success
packed-builder-v5,1,crossover,cuda_first_build,7,758500,ns,success
packed-builder-v5,1,crossover,cuda_first_build,8,876700,ns,success
packed-builder-v5,1,crossover,cuda_first_build,9,770500,ns,success
packed-builder-v5,1,crossover,cuda_first_build,10,732900,ns,success
packed-builder-v5,1,crossover,cuda_first_build,11,788700,ns,success
packed-builder-v5,1,crossover,cuda_first_build,12,839900,ns,success
packed-builder-v5,1,crossover,cuda_first_build,13,766900,ns,success
packed-builder-v5,1,crossover,cuda_first_build,14,801600,ns,success
packed-builder-v5,1,crossover,cuda_reuse,0,182100,ns,success
packed-builder-v5,1,crossover,cuda_reuse,1,127900,ns,success
packed-builder-v5,1,crossover,cuda_reuse,2,122800,ns,success
packed-builder-v5,1,crossover,cuda_reuse,3,121700,ns,success
packed-builder-v5,1,crossover,cuda_reuse,4,123200,ns,success
packed-builder-v5,1,crossover,cuda_reuse,5,121200,ns,success
packed-builder-v5,1,crossover,cuda_reuse,6,123900,ns,success
packed-builder-v5,1,crossover,cuda_reuse,7,124900,ns,success
packed-builder-v5,1,crossover,cuda_reuse,8,123400,ns,success
packed-builder-v5,1,crossover,cuda_reuse,9,123000,ns,success
packed-builder-v5,1,crossover,cuda_reuse,10,120400,ns,success
packed-builder-v5,1,crossover,cuda_reuse,11,116700,ns,success
packed-builder-v5,1,crossover,cuda_reuse,12,120300,ns,success
packed-builder-v5,1,crossover,cuda_reuse,13,122500,ns,success
packed-builder-v5,1,crossover,cuda_reuse,14,123800,ns,success
packed-builder-v5,1,crossover,membership_compact_prepare,0,8400,ns,success
packed-builder-v5,1,crossover,membership_compact_prepare,1,8500,ns,success
packed-builder-v5,1,crossover,membership_compact_prepare,2,8800,ns,success
packed-builder-v5,1,crossover,membership_compact_prepare,3,8000,ns,success
packed-builder-v5,1,crossover,membership_compact_prepare,4,8400,ns,success
packed-builder-v5,1,crossover,membership_compact_prepare,5,8000,ns,success
packed-builder-v5,1,crossover,membership_compact_prepare,6,7600,ns,success
packed-builder-v5,1,crossover,membership_compact_prepare,7,7800,ns,success
packed-builder-v5,1,crossover,membership_compact_prepare,8,10400,ns,success
packed-builder-v5,1,crossover,membership_compact_prepare,9,8700,ns,success
packed-builder-v5,1,crossover,membership_compact_prepare,10,8600,ns,success
packed-builder-v5,1,crossover,membership_compact_prepare,11,9000,ns,success
packed-builder-v5,1,crossover,membership_compact_prepare,12,7900,ns,success
packed-builder-v5,1,crossover,membership_compact_prepare,13,7800,ns,success
packed-builder-v5,1,crossover,membership_compact_prepare,14,7900,ns,success
packed-builder-v5,1,crossover,membership_legacy_prepare,0,16900,ns,success
packed-builder-v5,1,crossover,membership_legacy_prepare,1,12300,ns,success
packed-builder-v5,1,crossover,membership_legacy_prepare,2,11600,ns,success
packed-builder-v5,1,crossover,membership_legacy_prepare,3,10800,ns,success
packed-builder-v5,1,crossover,membership_legacy_prepare,4,10800,ns,success
packed-builder-v5,1,crossover,membership_legacy_prepare,5,10900,ns,success
packed-builder-v5,1,crossover,membership_legacy_prepare,6,10800,ns,success
packed-builder-v5,1,crossover,membership_legacy_prepare,7,10800,ns,success
packed-builder-v5,1,crossover,membership_legacy_prepare,8,11700,ns,success
packed-builder-v5,1,crossover,membership_legacy_prepare,9,10800,ns,success
packed-builder-v5,1,crossover,membership_legacy_prepare,10,11500,ns,success
packed-builder-v5,1,crossover,membership_legacy_prepare,11,11000,ns,success
packed-builder-v5,1,crossover,membership_legacy_prepare,12,10700,ns,success
packed-builder-v5,1,crossover,membership_legacy_prepare,13,10700,ns,success
packed-builder-v5,1,crossover,membership_legacy_prepare,14,11000,ns,success
packed-builder-v5,1,crossover,membership_compact_hit_block,0,10269600,ns,success
packed-builder-v5,1,crossover,membership_compact_hit_block,1,10301100,ns,success
packed-builder-v5,1,crossover,membership_compact_hit_block,2,10160700,ns,success
packed-builder-v5,1,crossover,membership_compact_hit_block,3,10462500,ns,success
packed-builder-v5,1,crossover,membership_compact_hit_block,4,10264700,ns,success
packed-builder-v5,1,crossover,membership_compact_hit_block,5,10278300,ns,success
packed-builder-v5,1,crossover,membership_compact_hit_block,6,10261100,ns,success
packed-builder-v5,1,crossover,membership_compact_hit_block,7,10217100,ns,success
packed-builder-v5,1,crossover,membership_compact_hit_block,8,10281500,ns,success
packed-builder-v5,1,crossover,membership_compact_hit_block,9,10299900,ns,success
packed-builder-v5,1,crossover,membership_compact_hit_block,10,10194300,ns,success
packed-builder-v5,1,crossover,membership_compact_hit_block,11,10218400,ns,success
packed-builder-v5,1,crossover,membership_compact_hit_block,12,10993900,ns,success
packed-builder-v5,1,crossover,membership_compact_hit_block,13,10274900,ns,success
packed-builder-v5,1,crossover,membership_compact_hit_block,14,10238700,ns,success
packed-builder-v5,1,crossover,membership_compact_miss_block,0,2695900,ns,success
packed-builder-v5,1,crossover,membership_compact_miss_block,1,2573800,ns,success
packed-builder-v5,1,crossover,membership_compact_miss_block,2,2586800,ns,success
packed-builder-v5,1,crossover,membership_compact_miss_block,3,2661100,ns,success
packed-builder-v5,1,crossover,membership_compact_miss_block,4,2652400,ns,success
packed-builder-v5,1,crossover,membership_compact_miss_block,5,2669400,ns,success
packed-builder-v5,1,crossover,membership_compact_miss_block,6,2665500,ns,success
packed-builder-v5,1,crossover,membership_compact_miss_block,7,2665000,ns,success
packed-builder-v5,1,crossover,membership_compact_miss_block,8,2660800,ns,success
packed-builder-v5,1,crossover,membership_compact_miss_block,9,2662000,ns,success
packed-builder-v5,1,crossover,membership_compact_miss_block,10,2652100,ns,success
packed-builder-v5,1,crossover,membership_compact_miss_block,11,2658900,ns,success
packed-builder-v5,1,crossover,membership_compact_miss_block,12,2659700,ns,success
packed-builder-v5,1,crossover,membership_compact_miss_block,13,2655500,ns,success
packed-builder-v5,1,crossover,membership_compact_miss_block,14,2658600,ns,success
packed-builder-v5,1,crossover,membership_legacy_hit_block,0,1076000,ns,success
packed-builder-v5,1,crossover,membership_legacy_hit_block,1,1078700,ns,success
packed-builder-v5,1,crossover,membership_legacy_hit_block,2,1090400,ns,success
packed-builder-v5,1,crossover,membership_legacy_hit_block,3,1077700,ns,success
packed-builder-v5,1,crossover,membership_legacy_hit_block,4,1079000,ns,success
packed-builder-v5,1,crossover,membership_legacy_hit_block,5,1081300,ns,success
packed-builder-v5,1,crossover,membership_legacy_hit_block,6,1070700,ns,success
packed-builder-v5,1,crossover,membership_legacy_hit_block,7,1079300,ns,success
packed-builder-v5,1,crossover,membership_legacy_hit_block,8,1074000,ns,success
packed-builder-v5,1,crossover,membership_legacy_hit_block,9,1080000,ns,success
packed-builder-v5,1,crossover,membership_legacy_hit_block,10,1081900,ns,success
packed-builder-v5,1,crossover,membership_legacy_hit_block,11,1070400,ns,success
packed-builder-v5,1,crossover,membership_legacy_hit_block,12,1076200,ns,success
packed-builder-v5,1,crossover,membership_legacy_hit_block,13,1074100,ns,success
packed-builder-v5,1,crossover,membership_legacy_hit_block,14,1082600,ns,success
packed-builder-v5,1,crossover,membership_legacy_miss_block,0,833100,ns,success
packed-builder-v5,1,crossover,membership_legacy_miss_block,1,832200,ns,success
packed-builder-v5,1,crossover,membership_legacy_miss_block,2,826000,ns,success
packed-builder-v5,1,crossover,membership_legacy_miss_block,3,832000,ns,success
packed-builder-v5,1,crossover,membership_legacy_miss_block,4,830300,ns,success
packed-builder-v5,1,crossover,membership_legacy_miss_block,5,826600,ns,success
packed-builder-v5,1,crossover,membership_legacy_miss_block,6,837400,ns,success
packed-builder-v5,1,crossover,membership_legacy_miss_block,7,825500,ns,success
packed-builder-v5,1,crossover,membership_legacy_miss_block,8,836300,ns,success
packed-builder-v5,1,crossover,membership_legacy_miss_block,9,830700,ns,success
packed-builder-v5,1,crossover,membership_legacy_miss_block,10,825000,ns,success
packed-builder-v5,1,crossover,membership_legacy_miss_block,11,833700,ns,success
packed-builder-v5,1,crossover,membership_legacy_miss_block,12,831600,ns,success
packed-builder-v5,1,crossover,membership_legacy_miss_block,13,830900,ns,success
packed-builder-v5,1,crossover,membership_legacy_miss_block,14,825300,ns,success
packed-builder-v5,1,crossover,prepared_retained,0,1943,bytes,success
packed-builder-v5,1,crossover,prepared_retained,1,1943,bytes,success
packed-builder-v5,1,crossover,prepared_retained,2,1943,bytes,success
packed-builder-v5,1,crossover,prepared_retained,3,1943,bytes,success
packed-builder-v5,1,crossover,prepared_retained,4,1943,bytes,success
packed-builder-v5,1,crossover,prepared_peak,0,8439,bytes,success
packed-builder-v5,1,crossover,prepared_peak,1,8391,bytes,success
packed-builder-v5,1,crossover,prepared_peak,2,8391,bytes,success
packed-builder-v5,1,crossover,prepared_peak,3,8391,bytes,success
packed-builder-v5,1,crossover,prepared_peak,4,8391,bytes,success
packed-builder-v5,1,crossover,membership_compact_retained,0,576,bytes,success
packed-builder-v5,1,crossover,membership_compact_retained,1,528,bytes,success
packed-builder-v5,1,crossover,membership_compact_retained,2,528,bytes,success
packed-builder-v5,1,crossover,membership_compact_retained,3,528,bytes,success
packed-builder-v5,1,crossover,membership_compact_retained,4,528,bytes,success
packed-builder-v5,1,crossover,membership_compact_peak,0,624,bytes,success
packed-builder-v5,1,crossover,membership_compact_peak,1,576,bytes,success
packed-builder-v5,1,crossover,membership_compact_peak,2,576,bytes,success
packed-builder-v5,1,crossover,membership_compact_peak,3,576,bytes,success
packed-builder-v5,1,crossover,membership_compact_peak,4,576,bytes,success
packed-builder-v5,1,crossover,membership_legacy_retained,0,869,bytes,success
packed-builder-v5,1,crossover,membership_legacy_retained,1,869,bytes,success
packed-builder-v5,1,crossover,membership_legacy_retained,2,869,bytes,success
packed-builder-v5,1,crossover,membership_legacy_retained,3,869,bytes,success
packed-builder-v5,1,crossover,membership_legacy_retained,4,869,bytes,success
packed-builder-v5,1,crossover,membership_legacy_peak,0,1549,bytes,success
packed-builder-v5,1,crossover,membership_legacy_peak,1,1549,bytes,success
packed-builder-v5,1,crossover,membership_legacy_peak,2,1549,bytes,success
packed-builder-v5,1,crossover,membership_legacy_peak,3,1549,bytes,success
packed-builder-v5,1,crossover,membership_legacy_peak,4,1549,bytes,success
packed-builder-v5,64,crossover,cold_prepare,0,232300,ns,success
packed-builder-v5,64,crossover,cold_prepare,1,224800,ns,success
packed-builder-v5,64,crossover,cold_prepare,2,216600,ns,success
packed-builder-v5,64,crossover,cold_prepare,3,227500,ns,success
packed-builder-v5,64,crossover,cold_prepare,4,212100,ns,success
packed-builder-v5,64,crossover,cold_prepare,5,215700,ns,success
packed-builder-v5,64,crossover,cold_prepare,6,232200,ns,success
packed-builder-v5,64,crossover,cold_prepare,7,225800,ns,success
packed-builder-v5,64,crossover,cold_prepare,8,231500,ns,success
packed-builder-v5,64,crossover,cold_prepare,9,243100,ns,success
packed-builder-v5,64,crossover,cold_prepare,10,222300,ns,success
packed-builder-v5,64,crossover,cold_prepare,11,212100,ns,success
packed-builder-v5,64,crossover,cold_prepare,12,231400,ns,success
packed-builder-v5,64,crossover,cold_prepare,13,227500,ns,success
packed-builder-v5,64,crossover,cold_prepare,14,223600,ns,success
packed-builder-v5,64,crossover,warm_prepare,0,179700,ns,success
packed-builder-v5,64,crossover,warm_prepare,1,156900,ns,success
packed-builder-v5,64,crossover,warm_prepare,2,154700,ns,success
packed-builder-v5,64,crossover,warm_prepare,3,159900,ns,success
packed-builder-v5,64,crossover,warm_prepare,4,158300,ns,success
packed-builder-v5,64,crossover,warm_prepare,5,158800,ns,success
packed-builder-v5,64,crossover,warm_prepare,6,156300,ns,success
packed-builder-v5,64,crossover,warm_prepare,7,153500,ns,success
packed-builder-v5,64,crossover,warm_prepare,8,153100,ns,success
packed-builder-v5,64,crossover,warm_prepare,9,157100,ns,success
packed-builder-v5,64,crossover,warm_prepare,10,157800,ns,success
packed-builder-v5,64,crossover,warm_prepare,11,154600,ns,success
packed-builder-v5,64,crossover,warm_prepare,12,153900,ns,success
packed-builder-v5,64,crossover,warm_prepare,13,159700,ns,success
packed-builder-v5,64,crossover,warm_prepare,14,159600,ns,success
packed-builder-v5,64,crossover,cuda_ordinary,0,391600,ns,success
packed-builder-v5,64,crossover,cuda_ordinary,1,376400,ns,success
packed-builder-v5,64,crossover,cuda_ordinary,2,388900,ns,success
packed-builder-v5,64,crossover,cuda_ordinary,3,386400,ns,success
packed-builder-v5,64,crossover,cuda_ordinary,4,372300,ns,success
packed-builder-v5,64,crossover,cuda_ordinary,5,370100,ns,success
packed-builder-v5,64,crossover,cuda_ordinary,6,391400,ns,success
packed-builder-v5,64,crossover,cuda_ordinary,7,372900,ns,success
packed-builder-v5,64,crossover,cuda_ordinary,8,389200,ns,success
packed-builder-v5,64,crossover,cuda_ordinary,9,392700,ns,success
packed-builder-v5,64,crossover,cuda_ordinary,10,400000,ns,success
packed-builder-v5,64,crossover,cuda_ordinary,11,372000,ns,success
packed-builder-v5,64,crossover,cuda_ordinary,12,370600,ns,success
packed-builder-v5,64,crossover,cuda_ordinary,13,378700,ns,success
packed-builder-v5,64,crossover,cuda_ordinary,14,418500,ns,success
packed-builder-v5,64,crossover,cuda_first_build,0,744200,ns,success
packed-builder-v5,64,crossover,cuda_first_build,1,978900,ns,success
packed-builder-v5,64,crossover,cuda_first_build,2,756200,ns,success
packed-builder-v5,64,crossover,cuda_first_build,3,917400,ns,success
packed-builder-v5,64,crossover,cuda_first_build,4,751000,ns,success
packed-builder-v5,64,crossover,cuda_first_build,5,711800,ns,success
packed-builder-v5,64,crossover,cuda_first_build,6,715100,ns,success
packed-builder-v5,64,crossover,cuda_first_build,7,728000,ns,success
packed-builder-v5,64,crossover,cuda_first_build,8,765200,ns,success
packed-builder-v5,64,crossover,cuda_first_build,9,881800,ns,success
packed-builder-v5,64,crossover,cuda_first_build,10,709400,ns,success
packed-builder-v5,64,crossover,cuda_first_build,11,742800,ns,success
packed-builder-v5,64,crossover,cuda_first_build,12,785600,ns,success
packed-builder-v5,64,crossover,cuda_first_build,13,763000,ns,success
packed-builder-v5,64,crossover,cuda_first_build,14,823300,ns,success
packed-builder-v5,64,crossover,cuda_reuse,0,136300,ns,success
packed-builder-v5,64,crossover,cuda_reuse,1,134900,ns,success
packed-builder-v5,64,crossover,cuda_reuse,2,138200,ns,success
packed-builder-v5,64,crossover,cuda_reuse,3,136100,ns,success
packed-builder-v5,64,crossover,cuda_reuse,4,132900,ns,success
packed-builder-v5,64,crossover,cuda_reuse,5,132100,ns,success
packed-builder-v5,64,crossover,cuda_reuse,6,139300,ns,success
packed-builder-v5,64,crossover,cuda_reuse,7,135300,ns,success
packed-builder-v5,64,crossover,cuda_reuse,8,140900,ns,success
packed-builder-v5,64,crossover,cuda_reuse,9,149500,ns,success
packed-builder-v5,64,crossover,cuda_reuse,10,133400,ns,success
packed-builder-v5,64,crossover,cuda_reuse,11,133100,ns,success
packed-builder-v5,64,crossover,cuda_reuse,12,132700,ns,success
packed-builder-v5,64,crossover,cuda_reuse,13,143700,ns,success
packed-builder-v5,64,crossover,cuda_reuse,14,202700,ns,success
packed-builder-v5,64,crossover,membership_compact_prepare,0,7700,ns,success
packed-builder-v5,64,crossover,membership_compact_prepare,1,7800,ns,success
packed-builder-v5,64,crossover,membership_compact_prepare,2,8000,ns,success
packed-builder-v5,64,crossover,membership_compact_prepare,3,8100,ns,success
packed-builder-v5,64,crossover,membership_compact_prepare,4,7700,ns,success
packed-builder-v5,64,crossover,membership_compact_prepare,5,7800,ns,success
packed-builder-v5,64,crossover,membership_compact_prepare,6,8600,ns,success
packed-builder-v5,64,crossover,membership_compact_prepare,7,8000,ns,success
packed-builder-v5,64,crossover,membership_compact_prepare,8,7800,ns,success
packed-builder-v5,64,crossover,membership_compact_prepare,9,8000,ns,success
packed-builder-v5,64,crossover,membership_compact_prepare,10,8000,ns,success
packed-builder-v5,64,crossover,membership_compact_prepare,11,8400,ns,success
packed-builder-v5,64,crossover,membership_compact_prepare,12,8000,ns,success
packed-builder-v5,64,crossover,membership_compact_prepare,13,8400,ns,success
packed-builder-v5,64,crossover,membership_compact_prepare,14,8100,ns,success
packed-builder-v5,64,crossover,membership_legacy_prepare,0,157200,ns,success
packed-builder-v5,64,crossover,membership_legacy_prepare,1,169100,ns,success
packed-builder-v5,64,crossover,membership_legacy_prepare,2,147200,ns,success
packed-builder-v5,64,crossover,membership_legacy_prepare,3,147100,ns,success
packed-builder-v5,64,crossover,membership_legacy_prepare,4,148200,ns,success
packed-builder-v5,64,crossover,membership_legacy_prepare,5,159200,ns,success
packed-builder-v5,64,crossover,membership_legacy_prepare,6,149300,ns,success
packed-builder-v5,64,crossover,membership_legacy_prepare,7,158300,ns,success
packed-builder-v5,64,crossover,membership_legacy_prepare,8,147400,ns,success
packed-builder-v5,64,crossover,membership_legacy_prepare,9,158000,ns,success
packed-builder-v5,64,crossover,membership_legacy_prepare,10,158500,ns,success
packed-builder-v5,64,crossover,membership_legacy_prepare,11,158900,ns,success
packed-builder-v5,64,crossover,membership_legacy_prepare,12,149900,ns,success
packed-builder-v5,64,crossover,membership_legacy_prepare,13,148300,ns,success
packed-builder-v5,64,crossover,membership_legacy_prepare,14,159500,ns,success
packed-builder-v5,64,crossover,membership_compact_hit_block,0,39662400,ns,success
packed-builder-v5,64,crossover,membership_compact_hit_block,1,39537700,ns,success
packed-builder-v5,64,crossover,membership_compact_hit_block,2,39271700,ns,success
packed-builder-v5,64,crossover,membership_compact_hit_block,3,39514400,ns,success
packed-builder-v5,64,crossover,membership_compact_hit_block,4,39347700,ns,success
packed-builder-v5,64,crossover,membership_compact_hit_block,5,39409900,ns,success
packed-builder-v5,64,crossover,membership_compact_hit_block,6,39312900,ns,success
packed-builder-v5,64,crossover,membership_compact_hit_block,7,39330100,ns,success
packed-builder-v5,64,crossover,membership_compact_hit_block,8,39433000,ns,success
packed-builder-v5,64,crossover,membership_compact_hit_block,9,39263400,ns,success
packed-builder-v5,64,crossover,membership_compact_hit_block,10,39410200,ns,success
packed-builder-v5,64,crossover,membership_compact_hit_block,11,39306900,ns,success
packed-builder-v5,64,crossover,membership_compact_hit_block,12,39300100,ns,success
packed-builder-v5,64,crossover,membership_compact_hit_block,13,39339800,ns,success
packed-builder-v5,64,crossover,membership_compact_hit_block,14,39352900,ns,success
packed-builder-v5,64,crossover,membership_compact_miss_block,0,2561400,ns,success
packed-builder-v5,64,crossover,membership_compact_miss_block,1,2556400,ns,success
packed-builder-v5,64,crossover,membership_compact_miss_block,2,2561000,ns,success
packed-builder-v5,64,crossover,membership_compact_miss_block,3,2572400,ns,success
packed-builder-v5,64,crossover,membership_compact_miss_block,4,2572700,ns,success
packed-builder-v5,64,crossover,membership_compact_miss_block,5,2649500,ns,success
packed-builder-v5,64,crossover,membership_compact_miss_block,6,2604900,ns,success
packed-builder-v5,64,crossover,membership_compact_miss_block,7,2554700,ns,success
packed-builder-v5,64,crossover,membership_compact_miss_block,8,2559500,ns,success
packed-builder-v5,64,crossover,membership_compact_miss_block,9,2559400,ns,success
packed-builder-v5,64,crossover,membership_compact_miss_block,10,2658400,ns,success
packed-builder-v5,64,crossover,membership_compact_miss_block,11,2652700,ns,success
packed-builder-v5,64,crossover,membership_compact_miss_block,12,2570000,ns,success
packed-builder-v5,64,crossover,membership_compact_miss_block,13,2660500,ns,success
packed-builder-v5,64,crossover,membership_compact_miss_block,14,2565900,ns,success
packed-builder-v5,64,crossover,membership_legacy_hit_block,0,1081700,ns,success
packed-builder-v5,64,crossover,membership_legacy_hit_block,1,1081700,ns,success
packed-builder-v5,64,crossover,membership_legacy_hit_block,2,1078900,ns,success
packed-builder-v5,64,crossover,membership_legacy_hit_block,3,1078400,ns,success
packed-builder-v5,64,crossover,membership_legacy_hit_block,4,1077800,ns,success
packed-builder-v5,64,crossover,membership_legacy_hit_block,5,1083200,ns,success
packed-builder-v5,64,crossover,membership_legacy_hit_block,6,1083900,ns,success
packed-builder-v5,64,crossover,membership_legacy_hit_block,7,1082400,ns,success
packed-builder-v5,64,crossover,membership_legacy_hit_block,8,1083500,ns,success
packed-builder-v5,64,crossover,membership_legacy_hit_block,9,1085300,ns,success
packed-builder-v5,64,crossover,membership_legacy_hit_block,10,1078500,ns,success
packed-builder-v5,64,crossover,membership_legacy_hit_block,11,1074000,ns,success
packed-builder-v5,64,crossover,membership_legacy_hit_block,12,1077400,ns,success
packed-builder-v5,64,crossover,membership_legacy_hit_block,13,1079600,ns,success
packed-builder-v5,64,crossover,membership_legacy_hit_block,14,1086400,ns,success
packed-builder-v5,64,crossover,membership_legacy_miss_block,0,826100,ns,success
packed-builder-v5,64,crossover,membership_legacy_miss_block,1,848900,ns,success
packed-builder-v5,64,crossover,membership_legacy_miss_block,2,830700,ns,success
packed-builder-v5,64,crossover,membership_legacy_miss_block,3,834300,ns,success
packed-builder-v5,64,crossover,membership_legacy_miss_block,4,832100,ns,success
packed-builder-v5,64,crossover,membership_legacy_miss_block,5,827600,ns,success
packed-builder-v5,64,crossover,membership_legacy_miss_block,6,859000,ns,success
packed-builder-v5,64,crossover,membership_legacy_miss_block,7,833300,ns,success
packed-builder-v5,64,crossover,membership_legacy_miss_block,8,825500,ns,success
packed-builder-v5,64,crossover,membership_legacy_miss_block,9,829100,ns,success
packed-builder-v5,64,crossover,membership_legacy_miss_block,10,831500,ns,success
packed-builder-v5,64,crossover,membership_legacy_miss_block,11,836800,ns,success
packed-builder-v5,64,crossover,membership_legacy_miss_block,12,833500,ns,success
packed-builder-v5,64,crossover,membership_legacy_miss_block,13,831100,ns,success
packed-builder-v5,64,crossover,membership_legacy_miss_block,14,828000,ns,success
packed-builder-v5,64,crossover,prepared_retained,0,2699,bytes,success
packed-builder-v5,64,crossover,prepared_retained,1,2699,bytes,success
packed-builder-v5,64,crossover,prepared_retained,2,2699,bytes,success
packed-builder-v5,64,crossover,prepared_retained,3,2699,bytes,success
packed-builder-v5,64,crossover,prepared_retained,4,2699,bytes,success
packed-builder-v5,64,crossover,prepared_peak,0,8788,bytes,success
packed-builder-v5,64,crossover,prepared_peak,1,8788,bytes,success
packed-builder-v5,64,crossover,prepared_peak,2,8788,bytes,success
packed-builder-v5,64,crossover,prepared_peak,3,8788,bytes,success
packed-builder-v5,64,crossover,prepared_peak,4,8788,bytes,success
packed-builder-v5,64,crossover,membership_compact_retained,0,528,bytes,success
packed-builder-v5,64,crossover,membership_compact_retained,1,528,bytes,success
packed-builder-v5,64,crossover,membership_compact_retained,2,528,bytes,success
packed-builder-v5,64,crossover,membership_compact_retained,3,528,bytes,success
packed-builder-v5,64,crossover,membership_compact_retained,4,528,bytes,success
packed-builder-v5,64,crossover,membership_compact_peak,0,576,bytes,success
packed-builder-v5,64,crossover,membership_compact_peak,1,576,bytes,success
packed-builder-v5,64,crossover,membership_compact_peak,2,576,bytes,success
packed-builder-v5,64,crossover,membership_compact_peak,3,576,bytes,success
packed-builder-v5,64,crossover,membership_compact_peak,4,576,bytes,success
packed-builder-v5,64,crossover,membership_legacy_retained,0,12458,bytes,success
packed-builder-v5,64,crossover,membership_legacy_retained,1,12458,bytes,success
packed-builder-v5,64,crossover,membership_legacy_retained,2,12458,bytes,success
packed-builder-v5,64,crossover,membership_legacy_retained,3,12458,bytes,success
packed-builder-v5,64,crossover,membership_legacy_retained,4,12458,bytes,success
packed-builder-v5,64,crossover,membership_legacy_peak,0,13186,bytes,success
packed-builder-v5,64,crossover,membership_legacy_peak,1,13186,bytes,success
packed-builder-v5,64,crossover,membership_legacy_peak,2,13186,bytes,success
packed-builder-v5,64,crossover,membership_legacy_peak,3,13186,bytes,success
packed-builder-v5,64,crossover,membership_legacy_peak,4,13186,bytes,success
packed-builder-v5,1024,crossover,cold_prepare,0,1458200,ns,success
packed-builder-v5,1024,crossover,cold_prepare,1,1429300,ns,success
packed-builder-v5,1024,crossover,cold_prepare,2,1438700,ns,success
packed-builder-v5,1024,crossover,cold_prepare,3,1442900,ns,success
packed-builder-v5,1024,crossover,cold_prepare,4,1540500,ns,success
packed-builder-v5,1024,crossover,cold_prepare,5,1474200,ns,success
packed-builder-v5,1024,crossover,cold_prepare,6,1443400,ns,success
packed-builder-v5,1024,crossover,cold_prepare,7,1440300,ns,success
packed-builder-v5,1024,crossover,cold_prepare,8,1416500,ns,success
packed-builder-v5,1024,crossover,cold_prepare,9,1433700,ns,success
packed-builder-v5,1024,crossover,cold_prepare,10,1454500,ns,success
packed-builder-v5,1024,crossover,cold_prepare,11,1475600,ns,success
packed-builder-v5,1024,crossover,cold_prepare,12,1469200,ns,success
packed-builder-v5,1024,crossover,cold_prepare,13,1459500,ns,success
packed-builder-v5,1024,crossover,cold_prepare,14,1478800,ns,success
packed-builder-v5,1024,crossover,warm_prepare,0,1427500,ns,success
packed-builder-v5,1024,crossover,warm_prepare,1,1410300,ns,success
packed-builder-v5,1024,crossover,warm_prepare,2,1421300,ns,success
packed-builder-v5,1024,crossover,warm_prepare,3,1396100,ns,success
packed-builder-v5,1024,crossover,warm_prepare,4,1375100,ns,success
packed-builder-v5,1024,crossover,warm_prepare,5,1385600,ns,success
packed-builder-v5,1024,crossover,warm_prepare,6,1392800,ns,success
packed-builder-v5,1024,crossover,warm_prepare,7,1421000,ns,success
packed-builder-v5,1024,crossover,warm_prepare,8,1417100,ns,success
packed-builder-v5,1024,crossover,warm_prepare,9,1372600,ns,success
packed-builder-v5,1024,crossover,warm_prepare,10,1447000,ns,success
packed-builder-v5,1024,crossover,warm_prepare,11,1379000,ns,success
packed-builder-v5,1024,crossover,warm_prepare,12,1374100,ns,success
packed-builder-v5,1024,crossover,warm_prepare,13,1394400,ns,success
packed-builder-v5,1024,crossover,warm_prepare,14,1394500,ns,success
packed-builder-v5,1024,crossover,cuda_ordinary,0,2130700,ns,success
packed-builder-v5,1024,crossover,cuda_ordinary,1,2054300,ns,success
packed-builder-v5,1024,crossover,cuda_ordinary,2,2042200,ns,success
packed-builder-v5,1024,crossover,cuda_ordinary,3,2047000,ns,success
packed-builder-v5,1024,crossover,cuda_ordinary,4,2042800,ns,success
packed-builder-v5,1024,crossover,cuda_ordinary,5,2046100,ns,success
packed-builder-v5,1024,crossover,cuda_ordinary,6,2043300,ns,success
packed-builder-v5,1024,crossover,cuda_ordinary,7,2100200,ns,success
packed-builder-v5,1024,crossover,cuda_ordinary,8,2039500,ns,success
packed-builder-v5,1024,crossover,cuda_ordinary,9,2037300,ns,success
packed-builder-v5,1024,crossover,cuda_ordinary,10,2044700,ns,success
packed-builder-v5,1024,crossover,cuda_ordinary,11,2041800,ns,success
packed-builder-v5,1024,crossover,cuda_ordinary,12,2083400,ns,success
packed-builder-v5,1024,crossover,cuda_ordinary,13,2046900,ns,success
packed-builder-v5,1024,crossover,cuda_ordinary,14,2036400,ns,success
packed-builder-v5,1024,crossover,cuda_first_build,0,718800,ns,success
packed-builder-v5,1024,crossover,cuda_first_build,1,796200,ns,success
packed-builder-v5,1024,crossover,cuda_first_build,2,781400,ns,success
packed-builder-v5,1024,crossover,cuda_first_build,3,860500,ns,success
packed-builder-v5,1024,crossover,cuda_first_build,4,767500,ns,success
packed-builder-v5,1024,crossover,cuda_first_build,5,706000,ns,success
packed-builder-v5,1024,crossover,cuda_first_build,6,745300,ns,success
packed-builder-v5,1024,crossover,cuda_first_build,7,794100,ns,success
packed-builder-v5,1024,crossover,cuda_first_build,8,760300,ns,success
packed-builder-v5,1024,crossover,cuda_first_build,9,828700,ns,success
packed-builder-v5,1024,crossover,cuda_first_build,10,752700,ns,success
packed-builder-v5,1024,crossover,cuda_first_build,11,790600,ns,success
packed-builder-v5,1024,crossover,cuda_first_build,12,780500,ns,success
packed-builder-v5,1024,crossover,cuda_first_build,13,801200,ns,success
packed-builder-v5,1024,crossover,cuda_first_build,14,829100,ns,success
packed-builder-v5,1024,crossover,cuda_reuse,0,162000,ns,success
packed-builder-v5,1024,crossover,cuda_reuse,1,146500,ns,success
packed-builder-v5,1024,crossover,cuda_reuse,2,146300,ns,success
packed-builder-v5,1024,crossover,cuda_reuse,3,152800,ns,success
packed-builder-v5,1024,crossover,cuda_reuse,4,155700,ns,success
packed-builder-v5,1024,crossover,cuda_reuse,5,253700,ns,success
packed-builder-v5,1024,crossover,cuda_reuse,6,146700,ns,success
packed-builder-v5,1024,crossover,cuda_reuse,7,150600,ns,success
packed-builder-v5,1024,crossover,cuda_reuse,8,161700,ns,success
packed-builder-v5,1024,crossover,cuda_reuse,9,151800,ns,success
packed-builder-v5,1024,crossover,cuda_reuse,10,151100,ns,success
packed-builder-v5,1024,crossover,cuda_reuse,11,145100,ns,success
packed-builder-v5,1024,crossover,cuda_reuse,12,241900,ns,success
packed-builder-v5,1024,crossover,cuda_reuse,13,189800,ns,success
packed-builder-v5,1024,crossover,cuda_reuse,14,147500,ns,success
packed-builder-v5,1024,crossover,membership_compact_prepare,0,8100,ns,success
packed-builder-v5,1024,crossover,membership_compact_prepare,1,8700,ns,success
packed-builder-v5,1024,crossover,membership_compact_prepare,2,8500,ns,success
packed-builder-v5,1024,crossover,membership_compact_prepare,3,8000,ns,success
packed-builder-v5,1024,crossover,membership_compact_prepare,4,8100,ns,success
packed-builder-v5,1024,crossover,membership_compact_prepare,5,8700,ns,success
packed-builder-v5,1024,crossover,membership_compact_prepare,6,8100,ns,success
packed-builder-v5,1024,crossover,membership_compact_prepare,7,8300,ns,success
packed-builder-v5,1024,crossover,membership_compact_prepare,8,8200,ns,success
packed-builder-v5,1024,crossover,membership_compact_prepare,9,8700,ns,success
packed-builder-v5,1024,crossover,membership_compact_prepare,10,8100,ns,success
packed-builder-v5,1024,crossover,membership_compact_prepare,11,8200,ns,success
packed-builder-v5,1024,crossover,membership_compact_prepare,12,9100,ns,success
packed-builder-v5,1024,crossover,membership_compact_prepare,13,8100,ns,success
packed-builder-v5,1024,crossover,membership_compact_prepare,14,8200,ns,success
packed-builder-v5,1024,crossover,membership_legacy_prepare,0,2346100,ns,success
packed-builder-v5,1024,crossover,membership_legacy_prepare,1,2453200,ns,success
packed-builder-v5,1024,crossover,membership_legacy_prepare,2,2384300,ns,success
packed-builder-v5,1024,crossover,membership_legacy_prepare,3,2335900,ns,success
packed-builder-v5,1024,crossover,membership_legacy_prepare,4,2338400,ns,success
packed-builder-v5,1024,crossover,membership_legacy_prepare,5,2382900,ns,success
packed-builder-v5,1024,crossover,membership_legacy_prepare,6,2341200,ns,success
packed-builder-v5,1024,crossover,membership_legacy_prepare,7,2325500,ns,success
packed-builder-v5,1024,crossover,membership_legacy_prepare,8,2424800,ns,success
packed-builder-v5,1024,crossover,membership_legacy_prepare,9,2345200,ns,success
packed-builder-v5,1024,crossover,membership_legacy_prepare,10,2341600,ns,success
packed-builder-v5,1024,crossover,membership_legacy_prepare,11,2381700,ns,success
packed-builder-v5,1024,crossover,membership_legacy_prepare,12,2347800,ns,success
packed-builder-v5,1024,crossover,membership_legacy_prepare,13,2349000,ns,success
packed-builder-v5,1024,crossover,membership_legacy_prepare,14,2397300,ns,success
packed-builder-v5,1024,crossover,membership_compact_hit_block,0,54258200,ns,success
packed-builder-v5,1024,crossover,membership_compact_hit_block,1,54751000,ns,success
packed-builder-v5,1024,crossover,membership_compact_hit_block,2,54480000,ns,success
packed-builder-v5,1024,crossover,membership_compact_hit_block,3,54493200,ns,success
packed-builder-v5,1024,crossover,membership_compact_hit_block,4,54269100,ns,success
packed-builder-v5,1024,crossover,membership_compact_hit_block,5,54493300,ns,success
packed-builder-v5,1024,crossover,membership_compact_hit_block,6,55718700,ns,success
packed-builder-v5,1024,crossover,membership_compact_hit_block,7,54622800,ns,success
packed-builder-v5,1024,crossover,membership_compact_hit_block,8,54363300,ns,success
packed-builder-v5,1024,crossover,membership_compact_hit_block,9,54663100,ns,success
packed-builder-v5,1024,crossover,membership_compact_hit_block,10,54468700,ns,success
packed-builder-v5,1024,crossover,membership_compact_hit_block,11,55002000,ns,success
packed-builder-v5,1024,crossover,membership_compact_hit_block,12,54472800,ns,success
packed-builder-v5,1024,crossover,membership_compact_hit_block,13,54339500,ns,success
packed-builder-v5,1024,crossover,membership_compact_hit_block,14,54465700,ns,success
packed-builder-v5,1024,crossover,membership_compact_miss_block,0,2592000,ns,success
packed-builder-v5,1024,crossover,membership_compact_miss_block,1,2611000,ns,success
packed-builder-v5,1024,crossover,membership_compact_miss_block,2,2585300,ns,success
packed-builder-v5,1024,crossover,membership_compact_miss_block,3,2585500,ns,success
packed-builder-v5,1024,crossover,membership_compact_miss_block,4,2582200,ns,success
packed-builder-v5,1024,crossover,membership_compact_miss_block,5,2593900,ns,success
packed-builder-v5,1024,crossover,membership_compact_miss_block,6,2578400,ns,success
packed-builder-v5,1024,crossover,membership_compact_miss_block,7,2596600,ns,success
packed-builder-v5,1024,crossover,membership_compact_miss_block,8,2624400,ns,success
packed-builder-v5,1024,crossover,membership_compact_miss_block,9,2576300,ns,success
packed-builder-v5,1024,crossover,membership_compact_miss_block,10,2588100,ns,success
packed-builder-v5,1024,crossover,membership_compact_miss_block,11,2585400,ns,success
packed-builder-v5,1024,crossover,membership_compact_miss_block,12,2579500,ns,success
packed-builder-v5,1024,crossover,membership_compact_miss_block,13,2667400,ns,success
packed-builder-v5,1024,crossover,membership_compact_miss_block,14,2585300,ns,success
packed-builder-v5,1024,crossover,membership_legacy_hit_block,0,1106800,ns,success
packed-builder-v5,1024,crossover,membership_legacy_hit_block,1,1104800,ns,success
packed-builder-v5,1024,crossover,membership_legacy_hit_block,2,1104300,ns,success
packed-builder-v5,1024,crossover,membership_legacy_hit_block,3,1114000,ns,success
packed-builder-v5,1024,crossover,membership_legacy_hit_block,4,1105400,ns,success
packed-builder-v5,1024,crossover,membership_legacy_hit_block,5,1108900,ns,success
packed-builder-v5,1024,crossover,membership_legacy_hit_block,6,1110500,ns,success
packed-builder-v5,1024,crossover,membership_legacy_hit_block,7,1099700,ns,success
packed-builder-v5,1024,crossover,membership_legacy_hit_block,8,1111000,ns,success
packed-builder-v5,1024,crossover,membership_legacy_hit_block,9,1110200,ns,success
packed-builder-v5,1024,crossover,membership_legacy_hit_block,10,1106400,ns,success
packed-builder-v5,1024,crossover,membership_legacy_hit_block,11,1106500,ns,success
packed-builder-v5,1024,crossover,membership_legacy_hit_block,12,1104500,ns,success
packed-builder-v5,1024,crossover,membership_legacy_hit_block,13,1103100,ns,success
packed-builder-v5,1024,crossover,membership_legacy_hit_block,14,1107200,ns,success
packed-builder-v5,1024,crossover,membership_legacy_miss_block,0,837600,ns,success
packed-builder-v5,1024,crossover,membership_legacy_miss_block,1,843100,ns,success
packed-builder-v5,1024,crossover,membership_legacy_miss_block,2,848800,ns,success
packed-builder-v5,1024,crossover,membership_legacy_miss_block,3,836900,ns,success
packed-builder-v5,1024,crossover,membership_legacy_miss_block,4,838400,ns,success
packed-builder-v5,1024,crossover,membership_legacy_miss_block,5,835300,ns,success
packed-builder-v5,1024,crossover,membership_legacy_miss_block,6,835200,ns,success
packed-builder-v5,1024,crossover,membership_legacy_miss_block,7,841700,ns,success
packed-builder-v5,1024,crossover,membership_legacy_miss_block,8,830500,ns,success
packed-builder-v5,1024,crossover,membership_legacy_miss_block,9,830800,ns,success
packed-builder-v5,1024,crossover,membership_legacy_miss_block,10,835300,ns,success
packed-builder-v5,1024,crossover,membership_legacy_miss_block,11,835400,ns,success
packed-builder-v5,1024,crossover,membership_legacy_miss_block,12,833700,ns,success
packed-builder-v5,1024,crossover,membership_legacy_miss_block,13,869900,ns,success
packed-builder-v5,1024,crossover,membership_legacy_miss_block,14,830900,ns,success
packed-builder-v5,1024,crossover,prepared_retained,0,14315,bytes,success
packed-builder-v5,1024,crossover,prepared_retained,1,14315,bytes,success
packed-builder-v5,1024,crossover,prepared_retained,2,14315,bytes,success
packed-builder-v5,1024,crossover,prepared_retained,3,14315,bytes,success
packed-builder-v5,1024,crossover,prepared_retained,4,14315,bytes,success
packed-builder-v5,1024,crossover,prepared_peak,0,22155,bytes,success
packed-builder-v5,1024,crossover,prepared_peak,1,22155,bytes,success
packed-builder-v5,1024,crossover,prepared_peak,2,22155,bytes,success
packed-builder-v5,1024,crossover,prepared_peak,3,22155,bytes,success
packed-builder-v5,1024,crossover,prepared_peak,4,22155,bytes,success
packed-builder-v5,1024,crossover,membership_compact_retained,0,528,bytes,success
packed-builder-v5,1024,crossover,membership_compact_retained,1,528,bytes,success
packed-builder-v5,1024,crossover,membership_compact_retained,2,528,bytes,success
packed-builder-v5,1024,crossover,membership_compact_retained,3,528,bytes,success
packed-builder-v5,1024,crossover,membership_compact_retained,4,528,bytes,success
packed-builder-v5,1024,crossover,membership_compact_peak,0,576,bytes,success
packed-builder-v5,1024,crossover,membership_compact_peak,1,576,bytes,success
packed-builder-v5,1024,crossover,membership_compact_peak,2,576,bytes,success
packed-builder-v5,1024,crossover,membership_compact_peak,3,576,bytes,success
packed-builder-v5,1024,crossover,membership_compact_peak,4,576,bytes,success
packed-builder-v5,1024,crossover,membership_legacy_retained,0,189154,bytes,success
packed-builder-v5,1024,crossover,membership_legacy_retained,1,189154,bytes,success
packed-builder-v5,1024,crossover,membership_legacy_retained,2,189154,bytes,success
packed-builder-v5,1024,crossover,membership_legacy_retained,3,189154,bytes,success
packed-builder-v5,1024,crossover,membership_legacy_retained,4,189154,bytes,success
packed-builder-v5,1024,crossover,membership_legacy_peak,0,189882,bytes,success
packed-builder-v5,1024,crossover,membership_legacy_peak,1,189882,bytes,success
packed-builder-v5,1024,crossover,membership_legacy_peak,2,189882,bytes,success
packed-builder-v5,1024,crossover,membership_legacy_peak,3,189882,bytes,success
packed-builder-v5,1024,crossover,membership_legacy_peak,4,189882,bytes,success
packed-builder-v5,59049,crossover,cold_prepare,0,76589100,ns,success
packed-builder-v5,59049,crossover,cold_prepare,1,76414300,ns,success
packed-builder-v5,59049,crossover,cold_prepare,2,76084800,ns,success
packed-builder-v5,59049,crossover,cold_prepare,3,76130400,ns,success
packed-builder-v5,59049,crossover,cold_prepare,4,76145700,ns,success
packed-builder-v5,59049,crossover,cold_prepare,5,75832900,ns,success
packed-builder-v5,59049,crossover,cold_prepare,6,75172100,ns,success
packed-builder-v5,59049,crossover,cold_prepare,7,76083500,ns,success
packed-builder-v5,59049,crossover,cold_prepare,8,76032600,ns,success
packed-builder-v5,59049,crossover,cold_prepare,9,76290700,ns,success
packed-builder-v5,59049,crossover,cold_prepare,10,75393500,ns,success
packed-builder-v5,59049,crossover,cold_prepare,11,76543200,ns,success
packed-builder-v5,59049,crossover,cold_prepare,12,76345000,ns,success
packed-builder-v5,59049,crossover,cold_prepare,13,75986600,ns,success
packed-builder-v5,59049,crossover,cold_prepare,14,76410300,ns,success
packed-builder-v5,59049,crossover,warm_prepare,0,76195000,ns,success
packed-builder-v5,59049,crossover,warm_prepare,1,76882300,ns,success
packed-builder-v5,59049,crossover,warm_prepare,2,76655100,ns,success
packed-builder-v5,59049,crossover,warm_prepare,3,76266200,ns,success
packed-builder-v5,59049,crossover,warm_prepare,4,76895600,ns,success
packed-builder-v5,59049,crossover,warm_prepare,5,75700900,ns,success
packed-builder-v5,59049,crossover,warm_prepare,6,76188900,ns,success
packed-builder-v5,59049,crossover,warm_prepare,7,76575200,ns,success
packed-builder-v5,59049,crossover,warm_prepare,8,77553200,ns,success
packed-builder-v5,59049,crossover,warm_prepare,9,76717400,ns,success
packed-builder-v5,59049,crossover,warm_prepare,10,76484700,ns,success
packed-builder-v5,59049,crossover,warm_prepare,11,76518400,ns,success
packed-builder-v5,59049,crossover,warm_prepare,12,76743100,ns,success
packed-builder-v5,59049,crossover,warm_prepare,13,76903400,ns,success
packed-builder-v5,59049,crossover,warm_prepare,14,76583900,ns,success
packed-builder-v5,59049,crossover,cuda_ordinary,0,103864200,ns,success
packed-builder-v5,59049,crossover,cuda_ordinary,1,103164600,ns,success
packed-builder-v5,59049,crossover,cuda_ordinary,2,102610500,ns,success
packed-builder-v5,59049,crossover,cuda_ordinary,3,103032800,ns,success
packed-builder-v5,59049,crossover,cuda_ordinary,4,102849800,ns,success
packed-builder-v5,59049,crossover,cuda_ordinary,5,102922900,ns,success
packed-builder-v5,59049,crossover,cuda_ordinary,6,103243700,ns,success
packed-builder-v5,59049,crossover,cuda_ordinary,7,102906500,ns,success
packed-builder-v5,59049,crossover,cuda_ordinary,8,102721500,ns,success
packed-builder-v5,59049,crossover,cuda_ordinary,9,102766100,ns,success
packed-builder-v5,59049,crossover,cuda_ordinary,10,102589500,ns,success
packed-builder-v5,59049,crossover,cuda_ordinary,11,102744800,ns,success
packed-builder-v5,59049,crossover,cuda_ordinary,12,102548600,ns,success
packed-builder-v5,59049,crossover,cuda_ordinary,13,102489700,ns,success
packed-builder-v5,59049,crossover,cuda_ordinary,14,103061100,ns,success
packed-builder-v5,59049,crossover,cuda_first_build,0,1042300,ns,success
packed-builder-v5,59049,crossover,cuda_first_build,1,1022500,ns,success
packed-builder-v5,59049,crossover,cuda_first_build,2,1094100,ns,success
packed-builder-v5,59049,crossover,cuda_first_build,3,1036600,ns,success
packed-builder-v5,59049,crossover,cuda_first_build,4,1140100,ns,success
packed-builder-v5,59049,crossover,cuda_first_build,5,1068800,ns,success
packed-builder-v5,59049,crossover,cuda_first_build,6,989700,ns,success
packed-builder-v5,59049,crossover,cuda_first_build,7,975500,ns,success
packed-builder-v5,59049,crossover,cuda_first_build,8,1141900,ns,success
packed-builder-v5,59049,crossover,cuda_first_build,9,850700,ns,success
packed-builder-v5,59049,crossover,cuda_first_build,10,1063100,ns,success
packed-builder-v5,59049,crossover,cuda_first_build,11,1035700,ns,success
packed-builder-v5,59049,crossover,cuda_first_build,12,1108600,ns,success
packed-builder-v5,59049,crossover,cuda_first_build,13,857200,ns,success
packed-builder-v5,59049,crossover,cuda_first_build,14,1049400,ns,success
packed-builder-v5,59049,crossover,cuda_reuse,0,431700,ns,success
packed-builder-v5,59049,crossover,cuda_reuse,1,445400,ns,success
packed-builder-v5,59049,crossover,cuda_reuse,2,389400,ns,success
packed-builder-v5,59049,crossover,cuda_reuse,3,413100,ns,success
packed-builder-v5,59049,crossover,cuda_reuse,4,368600,ns,success
packed-builder-v5,59049,crossover,cuda_reuse,5,440200,ns,success
packed-builder-v5,59049,crossover,cuda_reuse,6,367200,ns,success
packed-builder-v5,59049,crossover,cuda_reuse,7,366300,ns,success
packed-builder-v5,59049,crossover,cuda_reuse,8,370800,ns,success
packed-builder-v5,59049,crossover,cuda_reuse,9,384100,ns,success
packed-builder-v5,59049,crossover,cuda_reuse,10,427800,ns,success
packed-builder-v5,59049,crossover,cuda_reuse,11,366700,ns,success
packed-builder-v5,59049,crossover,cuda_reuse,12,373300,ns,success
packed-builder-v5,59049,crossover,cuda_reuse,13,426700,ns,success
packed-builder-v5,59049,crossover,cuda_reuse,14,448000,ns,success
packed-builder-v5,59049,crossover,membership_compact_prepare,0,11200,ns,success
packed-builder-v5,59049,crossover,membership_compact_prepare,1,14600,ns,success
packed-builder-v5,59049,crossover,membership_compact_prepare,2,16200,ns,success
packed-builder-v5,59049,crossover,membership_compact_prepare,3,64100,ns,success
packed-builder-v5,59049,crossover,membership_compact_prepare,4,19100,ns,success
packed-builder-v5,59049,crossover,membership_compact_prepare,5,16700,ns,success
packed-builder-v5,59049,crossover,membership_compact_prepare,6,26500,ns,success
packed-builder-v5,59049,crossover,membership_compact_prepare,7,16200,ns,success
packed-builder-v5,59049,crossover,membership_compact_prepare,8,15800,ns,success
packed-builder-v5,59049,crossover,membership_compact_prepare,9,16400,ns,success
packed-builder-v5,59049,crossover,membership_compact_prepare,10,16100,ns,success
packed-builder-v5,59049,crossover,membership_compact_prepare,11,16100,ns,success
packed-builder-v5,59049,crossover,membership_compact_prepare,12,16400,ns,success
packed-builder-v5,59049,crossover,membership_compact_prepare,13,16200,ns,success
packed-builder-v5,59049,crossover,membership_compact_prepare,14,16100,ns,success
packed-builder-v5,59049,crossover,membership_legacy_prepare,0,137941300,ns,success
packed-builder-v5,59049,crossover,membership_legacy_prepare,1,150649200,ns,success
packed-builder-v5,59049,crossover,membership_legacy_prepare,2,148435900,ns,success
packed-builder-v5,59049,crossover,membership_legacy_prepare,3,153193600,ns,success
packed-builder-v5,59049,crossover,membership_legacy_prepare,4,152923600,ns,success
packed-builder-v5,59049,crossover,membership_legacy_prepare,5,150548900,ns,success
packed-builder-v5,59049,crossover,membership_legacy_prepare,6,150299700,ns,success
packed-builder-v5,59049,crossover,membership_legacy_prepare,7,148682600,ns,success
packed-builder-v5,59049,crossover,membership_legacy_prepare,8,146867000,ns,success
packed-builder-v5,59049,crossover,membership_legacy_prepare,9,147604300,ns,success
packed-builder-v5,59049,crossover,membership_legacy_prepare,10,148197900,ns,success
packed-builder-v5,59049,crossover,membership_legacy_prepare,11,148679500,ns,success
packed-builder-v5,59049,crossover,membership_legacy_prepare,12,147713400,ns,success
packed-builder-v5,59049,crossover,membership_legacy_prepare,13,150524400,ns,success
packed-builder-v5,59049,crossover,membership_legacy_prepare,14,151560900,ns,success
packed-builder-v5,59049,crossover,membership_compact_hit_block,0,70447900,ns,success
packed-builder-v5,59049,crossover,membership_compact_hit_block,1,70625000,ns,success
packed-builder-v5,59049,crossover,membership_compact_hit_block,2,70738800,ns,success
packed-builder-v5,59049,crossover,membership_compact_hit_block,3,70443800,ns,success
packed-builder-v5,59049,crossover,membership_compact_hit_block,4,70214200,ns,success
packed-builder-v5,59049,crossover,membership_compact_hit_block,5,70533500,ns,success
packed-builder-v5,59049,crossover,membership_compact_hit_block,6,70333700,ns,success
packed-builder-v5,59049,crossover,membership_compact_hit_block,7,70706200,ns,success
packed-builder-v5,59049,crossover,membership_compact_hit_block,8,70573200,ns,success
packed-builder-v5,59049,crossover,membership_compact_hit_block,9,70497800,ns,success
packed-builder-v5,59049,crossover,membership_compact_hit_block,10,70662000,ns,success
packed-builder-v5,59049,crossover,membership_compact_hit_block,11,70603700,ns,success
packed-builder-v5,59049,crossover,membership_compact_hit_block,12,70466700,ns,success
packed-builder-v5,59049,crossover,membership_compact_hit_block,13,70740700,ns,success
packed-builder-v5,59049,crossover,membership_compact_hit_block,14,70667700,ns,success
packed-builder-v5,59049,crossover,membership_compact_miss_block,0,2660700,ns,success
packed-builder-v5,59049,crossover,membership_compact_miss_block,1,2650900,ns,success
packed-builder-v5,59049,crossover,membership_compact_miss_block,2,2585600,ns,success
packed-builder-v5,59049,crossover,membership_compact_miss_block,3,2582200,ns,success
packed-builder-v5,59049,crossover,membership_compact_miss_block,4,2584900,ns,success
packed-builder-v5,59049,crossover,membership_compact_miss_block,5,2668600,ns,success
packed-builder-v5,59049,crossover,membership_compact_miss_block,6,2655500,ns,success
packed-builder-v5,59049,crossover,membership_compact_miss_block,7,2576000,ns,success
packed-builder-v5,59049,crossover,membership_compact_miss_block,8,2610300,ns,success
packed-builder-v5,59049,crossover,membership_compact_miss_block,9,2660400,ns,success
packed-builder-v5,59049,crossover,membership_compact_miss_block,10,2665000,ns,success
packed-builder-v5,59049,crossover,membership_compact_miss_block,11,2587100,ns,success
packed-builder-v5,59049,crossover,membership_compact_miss_block,12,2656100,ns,success
packed-builder-v5,59049,crossover,membership_compact_miss_block,13,2601300,ns,success
packed-builder-v5,59049,crossover,membership_compact_miss_block,14,2657300,ns,success
packed-builder-v5,59049,crossover,membership_legacy_hit_block,0,1084700,ns,success
packed-builder-v5,59049,crossover,membership_legacy_hit_block,1,1078400,ns,success
packed-builder-v5,59049,crossover,membership_legacy_hit_block,2,1079700,ns,success
packed-builder-v5,59049,crossover,membership_legacy_hit_block,3,1079100,ns,success
packed-builder-v5,59049,crossover,membership_legacy_hit_block,4,1078100,ns,success
packed-builder-v5,59049,crossover,membership_legacy_hit_block,5,1083800,ns,success
packed-builder-v5,59049,crossover,membership_legacy_hit_block,6,1084500,ns,success
packed-builder-v5,59049,crossover,membership_legacy_hit_block,7,1074400,ns,success
packed-builder-v5,59049,crossover,membership_legacy_hit_block,8,1080200,ns,success
packed-builder-v5,59049,crossover,membership_legacy_hit_block,9,1074200,ns,success
packed-builder-v5,59049,crossover,membership_legacy_hit_block,10,1080300,ns,success
packed-builder-v5,59049,crossover,membership_legacy_hit_block,11,1082600,ns,success
packed-builder-v5,59049,crossover,membership_legacy_hit_block,12,1083400,ns,success
packed-builder-v5,59049,crossover,membership_legacy_hit_block,13,1079200,ns,success
packed-builder-v5,59049,crossover,membership_legacy_hit_block,14,1085100,ns,success
packed-builder-v5,59049,crossover,membership_legacy_miss_block,0,825500,ns,success
packed-builder-v5,59049,crossover,membership_legacy_miss_block,1,829300,ns,success
packed-builder-v5,59049,crossover,membership_legacy_miss_block,2,828700,ns,success
packed-builder-v5,59049,crossover,membership_legacy_miss_block,3,830000,ns,success
packed-builder-v5,59049,crossover,membership_legacy_miss_block,4,829000,ns,success
packed-builder-v5,59049,crossover,membership_legacy_miss_block,5,828000,ns,success
packed-builder-v5,59049,crossover,membership_legacy_miss_block,6,822700,ns,success
packed-builder-v5,59049,crossover,membership_legacy_miss_block,7,834200,ns,success
packed-builder-v5,59049,crossover,membership_legacy_miss_block,8,829500,ns,success
packed-builder-v5,59049,crossover,membership_legacy_miss_block,9,834500,ns,success
packed-builder-v5,59049,crossover,membership_legacy_miss_block,10,828500,ns,success
packed-builder-v5,59049,crossover,membership_legacy_miss_block,11,830300,ns,success
packed-builder-v5,59049,crossover,membership_legacy_miss_block,12,832100,ns,success
packed-builder-v5,59049,crossover,membership_legacy_miss_block,13,838000,ns,success
packed-builder-v5,59049,crossover,membership_legacy_miss_block,14,824300,ns,success
packed-builder-v5,59049,crossover,prepared_retained,0,710647,bytes,success
packed-builder-v5,59049,crossover,prepared_retained,1,710647,bytes,success
packed-builder-v5,59049,crossover,prepared_retained,2,710647,bytes,success
packed-builder-v5,59049,crossover,prepared_retained,3,710647,bytes,success
packed-builder-v5,59049,crossover,prepared_retained,4,710647,bytes,success
packed-builder-v5,59049,crossover,prepared_peak,0,1183023,bytes,success
packed-builder-v5,59049,crossover,prepared_peak,1,1183023,bytes,success
packed-builder-v5,59049,crossover,prepared_peak,2,1183023,bytes,success
packed-builder-v5,59049,crossover,prepared_peak,3,1183023,bytes,success
packed-builder-v5,59049,crossover,prepared_peak,4,1183023,bytes,success
packed-builder-v5,59049,crossover,membership_compact_retained,0,528,bytes,success
packed-builder-v5,59049,crossover,membership_compact_retained,1,528,bytes,success
packed-builder-v5,59049,crossover,membership_compact_retained,2,528,bytes,success
packed-builder-v5,59049,crossover,membership_compact_retained,3,528,bytes,success
packed-builder-v5,59049,crossover,membership_compact_retained,4,528,bytes,success
packed-builder-v5,59049,crossover,membership_compact_peak,0,576,bytes,success
packed-builder-v5,59049,crossover,membership_compact_peak,1,576,bytes,success
packed-builder-v5,59049,crossover,membership_compact_peak,2,576,bytes,success
packed-builder-v5,59049,crossover,membership_compact_peak,3,576,bytes,success
packed-builder-v5,59049,crossover,membership_compact_peak,4,576,bytes,success
packed-builder-v5,59049,crossover,membership_legacy_retained,0,11180412,bytes,success
packed-builder-v5,59049,crossover,membership_legacy_retained,1,11180412,bytes,success
packed-builder-v5,59049,crossover,membership_legacy_retained,2,11180412,bytes,success
packed-builder-v5,59049,crossover,membership_legacy_retained,3,11180412,bytes,success
packed-builder-v5,59049,crossover,membership_legacy_retained,4,11180412,bytes,success
packed-builder-v5,59049,crossover,membership_legacy_peak,0,11181140,bytes,success
packed-builder-v5,59049,crossover,membership_legacy_peak,1,11181140,bytes,success
packed-builder-v5,59049,crossover,membership_legacy_peak,2,11181140,bytes,success
packed-builder-v5,59049,crossover,membership_legacy_peak,3,11181140,bytes,success
packed-builder-v5,59049,crossover,membership_legacy_peak,4,11181140,bytes,success
packed-input-v4,1,crossover,cold_prepare,0,11978800,ns,success
packed-input-v4,1,crossover,cold_prepare,1,11874900,ns,success
packed-input-v4,1,crossover,cold_prepare,2,12244200,ns,success
packed-input-v4,1,crossover,cold_prepare,3,12015600,ns,success
packed-input-v4,1,crossover,cold_prepare,4,12362700,ns,success
packed-input-v4,1,crossover,cold_prepare,5,12019100,ns,success
packed-input-v4,1,crossover,cold_prepare,6,12233600,ns,success
packed-input-v4,1,crossover,cold_prepare,7,12030600,ns,success
packed-input-v4,1,crossover,cold_prepare,8,11904700,ns,success
packed-input-v4,1,crossover,cold_prepare,9,12036800,ns,success
packed-input-v4,1,crossover,cold_prepare,10,12090600,ns,success
packed-input-v4,1,crossover,cold_prepare,11,12296100,ns,success
packed-input-v4,1,crossover,cold_prepare,12,12632800,ns,success
packed-input-v4,1,crossover,cold_prepare,13,12369500,ns,success
packed-input-v4,1,crossover,cold_prepare,14,12179900,ns,success
packed-input-v4,1,crossover,warm_prepare,0,148500,ns,success
packed-input-v4,1,crossover,warm_prepare,1,93100,ns,success
packed-input-v4,1,crossover,warm_prepare,2,98800,ns,success
packed-input-v4,1,crossover,warm_prepare,3,106300,ns,success
packed-input-v4,1,crossover,warm_prepare,4,95000,ns,success
packed-input-v4,1,crossover,warm_prepare,5,91000,ns,success
packed-input-v4,1,crossover,warm_prepare,6,90800,ns,success
packed-input-v4,1,crossover,warm_prepare,7,90700,ns,success
packed-input-v4,1,crossover,warm_prepare,8,97100,ns,success
packed-input-v4,1,crossover,warm_prepare,9,103500,ns,success
packed-input-v4,1,crossover,warm_prepare,10,96800,ns,success
packed-input-v4,1,crossover,warm_prepare,11,109200,ns,success
packed-input-v4,1,crossover,warm_prepare,12,92900,ns,success
packed-input-v4,1,crossover,warm_prepare,13,92500,ns,success
packed-input-v4,1,crossover,warm_prepare,14,91600,ns,success
packed-input-v4,1,crossover,cuda_ordinary,0,318700,ns,success
packed-input-v4,1,crossover,cuda_ordinary,1,286100,ns,success
packed-input-v4,1,crossover,cuda_ordinary,2,251000,ns,success
packed-input-v4,1,crossover,cuda_ordinary,3,263000,ns,success
packed-input-v4,1,crossover,cuda_ordinary,4,262500,ns,success
packed-input-v4,1,crossover,cuda_ordinary,5,272600,ns,success
packed-input-v4,1,crossover,cuda_ordinary,6,272700,ns,success
packed-input-v4,1,crossover,cuda_ordinary,7,268700,ns,success
packed-input-v4,1,crossover,cuda_ordinary,8,268000,ns,success
packed-input-v4,1,crossover,cuda_ordinary,9,275100,ns,success
packed-input-v4,1,crossover,cuda_ordinary,10,277200,ns,success
packed-input-v4,1,crossover,cuda_ordinary,11,300500,ns,success
packed-input-v4,1,crossover,cuda_ordinary,12,269400,ns,success
packed-input-v4,1,crossover,cuda_ordinary,13,253100,ns,success
packed-input-v4,1,crossover,cuda_ordinary,14,284100,ns,success
packed-input-v4,1,crossover,cuda_first_build,0,1218800,ns,success
packed-input-v4,1,crossover,cuda_first_build,1,788200,ns,success
packed-input-v4,1,crossover,cuda_first_build,2,736500,ns,success
packed-input-v4,1,crossover,cuda_first_build,3,802400,ns,success
packed-input-v4,1,crossover,cuda_first_build,4,777100,ns,success
packed-input-v4,1,crossover,cuda_first_build,5,820000,ns,success
packed-input-v4,1,crossover,cuda_first_build,6,715300,ns,success
packed-input-v4,1,crossover,cuda_first_build,7,859200,ns,success
packed-input-v4,1,crossover,cuda_first_build,8,760400,ns,success
packed-input-v4,1,crossover,cuda_first_build,9,689800,ns,success
packed-input-v4,1,crossover,cuda_first_build,10,764900,ns,success
packed-input-v4,1,crossover,cuda_first_build,11,724400,ns,success
packed-input-v4,1,crossover,cuda_first_build,12,743900,ns,success
packed-input-v4,1,crossover,cuda_first_build,13,918500,ns,success
packed-input-v4,1,crossover,cuda_first_build,14,836400,ns,success
packed-input-v4,1,crossover,cuda_reuse,0,142800,ns,success
packed-input-v4,1,crossover,cuda_reuse,1,135700,ns,success
packed-input-v4,1,crossover,cuda_reuse,2,120700,ns,success
packed-input-v4,1,crossover,cuda_reuse,3,134800,ns,success
packed-input-v4,1,crossover,cuda_reuse,4,123300,ns,success
packed-input-v4,1,crossover,cuda_reuse,5,140900,ns,success
packed-input-v4,1,crossover,cuda_reuse,6,124900,ns,success
packed-input-v4,1,crossover,cuda_reuse,7,140500,ns,success
packed-input-v4,1,crossover,cuda_reuse,8,139000,ns,success
packed-input-v4,1,crossover,cuda_reuse,9,136200,ns,success
packed-input-v4,1,crossover,cuda_reuse,10,134000,ns,success
packed-input-v4,1,crossover,cuda_reuse,11,179000,ns,success
packed-input-v4,1,crossover,cuda_reuse,12,137600,ns,success
packed-input-v4,1,crossover,cuda_reuse,13,256600,ns,success
packed-input-v4,1,crossover,cuda_reuse,14,194800,ns,success
packed-input-v4,1,crossover,membership_compact_prepare,0,18600,ns,success
packed-input-v4,1,crossover,membership_compact_prepare,1,8900,ns,success
packed-input-v4,1,crossover,membership_compact_prepare,2,7900,ns,success
packed-input-v4,1,crossover,membership_compact_prepare,3,7700,ns,success
packed-input-v4,1,crossover,membership_compact_prepare,4,8200,ns,success
packed-input-v4,1,crossover,membership_compact_prepare,5,8000,ns,success
packed-input-v4,1,crossover,membership_compact_prepare,6,7900,ns,success
packed-input-v4,1,crossover,membership_compact_prepare,7,7700,ns,success
packed-input-v4,1,crossover,membership_compact_prepare,8,7800,ns,success
packed-input-v4,1,crossover,membership_compact_prepare,9,7900,ns,success
packed-input-v4,1,crossover,membership_compact_prepare,10,7700,ns,success
packed-input-v4,1,crossover,membership_compact_prepare,11,14000,ns,success
packed-input-v4,1,crossover,membership_compact_prepare,12,10200,ns,success
packed-input-v4,1,crossover,membership_compact_prepare,13,8200,ns,success
packed-input-v4,1,crossover,membership_compact_prepare,14,7900,ns,success
packed-input-v4,1,crossover,membership_legacy_prepare,0,17300,ns,success
packed-input-v4,1,crossover,membership_legacy_prepare,1,12100,ns,success
packed-input-v4,1,crossover,membership_legacy_prepare,2,11700,ns,success
packed-input-v4,1,crossover,membership_legacy_prepare,3,10900,ns,success
packed-input-v4,1,crossover,membership_legacy_prepare,4,11200,ns,success
packed-input-v4,1,crossover,membership_legacy_prepare,5,11500,ns,success
packed-input-v4,1,crossover,membership_legacy_prepare,6,11200,ns,success
packed-input-v4,1,crossover,membership_legacy_prepare,7,10900,ns,success
packed-input-v4,1,crossover,membership_legacy_prepare,8,11100,ns,success
packed-input-v4,1,crossover,membership_legacy_prepare,9,11300,ns,success
packed-input-v4,1,crossover,membership_legacy_prepare,10,11000,ns,success
packed-input-v4,1,crossover,membership_legacy_prepare,11,19700,ns,success
packed-input-v4,1,crossover,membership_legacy_prepare,12,14000,ns,success
packed-input-v4,1,crossover,membership_legacy_prepare,13,11400,ns,success
packed-input-v4,1,crossover,membership_legacy_prepare,14,11200,ns,success
packed-input-v4,1,crossover,membership_compact_hit_block,0,10759200,ns,success
packed-input-v4,1,crossover,membership_compact_hit_block,1,10439400,ns,success
packed-input-v4,1,crossover,membership_compact_hit_block,2,10418800,ns,success
packed-input-v4,1,crossover,membership_compact_hit_block,3,10434000,ns,success
packed-input-v4,1,crossover,membership_compact_hit_block,4,10443700,ns,success
packed-input-v4,1,crossover,membership_compact_hit_block,5,10444100,ns,success
packed-input-v4,1,crossover,membership_compact_hit_block,6,10433200,ns,success
packed-input-v4,1,crossover,membership_compact_hit_block,7,10350800,ns,success
packed-input-v4,1,crossover,membership_compact_hit_block,8,13893000,ns,success
packed-input-v4,1,crossover,membership_compact_hit_block,9,12958000,ns,success
packed-input-v4,1,crossover,membership_compact_hit_block,10,10675700,ns,success
packed-input-v4,1,crossover,membership_compact_hit_block,11,10525800,ns,success
packed-input-v4,1,crossover,membership_compact_hit_block,12,10477100,ns,success
packed-input-v4,1,crossover,membership_compact_hit_block,13,10547400,ns,success
packed-input-v4,1,crossover,membership_compact_hit_block,14,10510000,ns,success
packed-input-v4,1,crossover,membership_compact_miss_block,0,2575300,ns,success
packed-input-v4,1,crossover,membership_compact_miss_block,1,2569000,ns,success
packed-input-v4,1,crossover,membership_compact_miss_block,2,2586300,ns,success
packed-input-v4,1,crossover,membership_compact_miss_block,3,2572100,ns,success
packed-input-v4,1,crossover,membership_compact_miss_block,4,2602300,ns,success
packed-input-v4,1,crossover,membership_compact_miss_block,5,2573200,ns,success
packed-input-v4,1,crossover,membership_compact_miss_block,6,2575000,ns,success
packed-input-v4,1,crossover,membership_compact_miss_block,7,2569700,ns,success
packed-input-v4,1,crossover,membership_compact_miss_block,8,3066200,ns,success
packed-input-v4,1,crossover,membership_compact_miss_block,9,5106400,ns,success
packed-input-v4,1,crossover,membership_compact_miss_block,10,2685500,ns,success
packed-input-v4,1,crossover,membership_compact_miss_block,11,2588400,ns,success
packed-input-v4,1,crossover,membership_compact_miss_block,12,2571100,ns,success
packed-input-v4,1,crossover,membership_compact_miss_block,13,2570500,ns,success
packed-input-v4,1,crossover,membership_compact_miss_block,14,2570400,ns,success
packed-input-v4,1,crossover,membership_legacy_hit_block,0,1078800,ns,success
packed-input-v4,1,crossover,membership_legacy_hit_block,1,1076600,ns,success
packed-input-v4,1,crossover,membership_legacy_hit_block,2,1073800,ns,success
packed-input-v4,1,crossover,membership_legacy_hit_block,3,1077200,ns,success
packed-input-v4,1,crossover,membership_legacy_hit_block,4,1080900,ns,success
packed-input-v4,1,crossover,membership_legacy_hit_block,5,1080500,ns,success
packed-input-v4,1,crossover,membership_legacy_hit_block,6,1103200,ns,success
packed-input-v4,1,crossover,membership_legacy_hit_block,7,1068600,ns,success
packed-input-v4,1,crossover,membership_legacy_hit_block,8,1550800,ns,success
packed-input-v4,1,crossover,membership_legacy_hit_block,9,1421800,ns,success
packed-input-v4,1,crossover,membership_legacy_hit_block,10,1092600,ns,success
packed-input-v4,1,crossover,membership_legacy_hit_block,11,1191600,ns,success
packed-input-v4,1,crossover,membership_legacy_hit_block,12,1138300,ns,success
packed-input-v4,1,crossover,membership_legacy_hit_block,13,1076700,ns,success
packed-input-v4,1,crossover,membership_legacy_hit_block,14,1077500,ns,success
packed-input-v4,1,crossover,membership_legacy_miss_block,0,826700,ns,success
packed-input-v4,1,crossover,membership_legacy_miss_block,1,824500,ns,success
packed-input-v4,1,crossover,membership_legacy_miss_block,2,830100,ns,success
packed-input-v4,1,crossover,membership_legacy_miss_block,3,819500,ns,success
packed-input-v4,1,crossover,membership_legacy_miss_block,4,819900,ns,success
packed-input-v4,1,crossover,membership_legacy_miss_block,5,822600,ns,success
packed-input-v4,1,crossover,membership_legacy_miss_block,6,825800,ns,success
packed-input-v4,1,crossover,membership_legacy_miss_block,7,829400,ns,success
packed-input-v4,1,crossover,membership_legacy_miss_block,8,832300,ns,success
packed-input-v4,1,crossover,membership_legacy_miss_block,9,823900,ns,success
packed-input-v4,1,crossover,membership_legacy_miss_block,10,839500,ns,success
packed-input-v4,1,crossover,membership_legacy_miss_block,11,835900,ns,success
packed-input-v4,1,crossover,membership_legacy_miss_block,12,829300,ns,success
packed-input-v4,1,crossover,membership_legacy_miss_block,13,833000,ns,success
packed-input-v4,1,crossover,membership_legacy_miss_block,14,819700,ns,success
packed-input-v4,1,crossover,prepared_retained,0,2211,bytes,success
packed-input-v4,1,crossover,prepared_retained,1,2211,bytes,success
packed-input-v4,1,crossover,prepared_retained,2,2211,bytes,success
packed-input-v4,1,crossover,prepared_retained,3,2211,bytes,success
packed-input-v4,1,crossover,prepared_retained,4,2211,bytes,success
packed-input-v4,1,crossover,prepared_peak,0,2664,bytes,success
packed-input-v4,1,crossover,prepared_peak,1,2664,bytes,success
packed-input-v4,1,crossover,prepared_peak,2,2664,bytes,success
packed-input-v4,1,crossover,prepared_peak,3,2664,bytes,success
packed-input-v4,1,crossover,prepared_peak,4,2664,bytes,success
packed-input-v4,1,crossover,membership_compact_retained,0,576,bytes,success
packed-input-v4,1,crossover,membership_compact_retained,1,528,bytes,success
packed-input-v4,1,crossover,membership_compact_retained,2,528,bytes,success
packed-input-v4,1,crossover,membership_compact_retained,3,528,bytes,success
packed-input-v4,1,crossover,membership_compact_retained,4,528,bytes,success
packed-input-v4,1,crossover,membership_compact_peak,0,624,bytes,success
packed-input-v4,1,crossover,membership_compact_peak,1,576,bytes,success
packed-input-v4,1,crossover,membership_compact_peak,2,576,bytes,success
packed-input-v4,1,crossover,membership_compact_peak,3,576,bytes,success
packed-input-v4,1,crossover,membership_compact_peak,4,576,bytes,success
packed-input-v4,1,crossover,membership_legacy_retained,0,869,bytes,success
packed-input-v4,1,crossover,membership_legacy_retained,1,869,bytes,success
packed-input-v4,1,crossover,membership_legacy_retained,2,869,bytes,success
packed-input-v4,1,crossover,membership_legacy_retained,3,869,bytes,success
packed-input-v4,1,crossover,membership_legacy_retained,4,869,bytes,success
packed-input-v4,1,crossover,membership_legacy_peak,0,1549,bytes,success
packed-input-v4,1,crossover,membership_legacy_peak,1,1549,bytes,success
packed-input-v4,1,crossover,membership_legacy_peak,2,1549,bytes,success
packed-input-v4,1,crossover,membership_legacy_peak,3,1549,bytes,success
packed-input-v4,1,crossover,membership_legacy_peak,4,1549,bytes,success
packed-input-v4,64,crossover,cold_prepare,0,11936500,ns,success
packed-input-v4,64,crossover,cold_prepare,1,12499700,ns,success
packed-input-v4,64,crossover,cold_prepare,2,12439000,ns,success
packed-input-v4,64,crossover,cold_prepare,3,12168500,ns,success
packed-input-v4,64,crossover,cold_prepare,4,12269700,ns,success
packed-input-v4,64,crossover,cold_prepare,5,12438100,ns,success
packed-input-v4,64,crossover,cold_prepare,6,12617200,ns,success
packed-input-v4,64,crossover,cold_prepare,7,12408800,ns,success
packed-input-v4,64,crossover,cold_prepare,8,12992800,ns,success
packed-input-v4,64,crossover,cold_prepare,9,12098900,ns,success
packed-input-v4,64,crossover,cold_prepare,10,12589900,ns,success
packed-input-v4,64,crossover,cold_prepare,11,12185300,ns,success
packed-input-v4,64,crossover,cold_prepare,12,12192600,ns,success
packed-input-v4,64,crossover,cold_prepare,13,12578100,ns,success
packed-input-v4,64,crossover,cold_prepare,14,12087200,ns,success
packed-input-v4,64,crossover,warm_prepare,0,211100,ns,success
packed-input-v4,64,crossover,warm_prepare,1,209100,ns,success
packed-input-v4,64,crossover,warm_prepare,2,206800,ns,success
packed-input-v4,64,crossover,warm_prepare,3,195800,ns,success
packed-input-v4,64,crossover,warm_prepare,4,204500,ns,success
packed-input-v4,64,crossover,warm_prepare,5,204000,ns,success
packed-input-v4,64,crossover,warm_prepare,6,220700,ns,success
packed-input-v4,64,crossover,warm_prepare,7,197600,ns,success
packed-input-v4,64,crossover,warm_prepare,8,194600,ns,success
packed-input-v4,64,crossover,warm_prepare,9,201100,ns,success
packed-input-v4,64,crossover,warm_prepare,10,203800,ns,success
packed-input-v4,64,crossover,warm_prepare,11,208800,ns,success
packed-input-v4,64,crossover,warm_prepare,12,209100,ns,success
packed-input-v4,64,crossover,warm_prepare,13,197000,ns,success
packed-input-v4,64,crossover,warm_prepare,14,203700,ns,success
packed-input-v4,64,crossover,cuda_ordinary,0,429500,ns,success
packed-input-v4,64,crossover,cuda_ordinary,1,428600,ns,success
packed-input-v4,64,crossover,cuda_ordinary,2,421100,ns,success
packed-input-v4,64,crossover,cuda_ordinary,3,415000,ns,success
packed-input-v4,64,crossover,cuda_ordinary,4,429400,ns,success
packed-input-v4,64,crossover,cuda_ordinary,5,415900,ns,success
packed-input-v4,64,crossover,cuda_ordinary,6,421200,ns,success
packed-input-v4,64,crossover,cuda_ordinary,7,424200,ns,success
packed-input-v4,64,crossover,cuda_ordinary,8,427000,ns,success
packed-input-v4,64,crossover,cuda_ordinary,9,410700,ns,success
packed-input-v4,64,crossover,cuda_ordinary,10,421900,ns,success
packed-input-v4,64,crossover,cuda_ordinary,11,415600,ns,success
packed-input-v4,64,crossover,cuda_ordinary,12,406200,ns,success
packed-input-v4,64,crossover,cuda_ordinary,13,404600,ns,success
packed-input-v4,64,crossover,cuda_ordinary,14,418200,ns,success
packed-input-v4,64,crossover,cuda_first_build,0,705800,ns,success
packed-input-v4,64,crossover,cuda_first_build,1,761600,ns,success
packed-input-v4,64,crossover,cuda_first_build,2,748300,ns,success
packed-input-v4,64,crossover,cuda_first_build,3,705700,ns,success
packed-input-v4,64,crossover,cuda_first_build,4,742400,ns,success
packed-input-v4,64,crossover,cuda_first_build,5,809500,ns,success
packed-input-v4,64,crossover,cuda_first_build,6,800100,ns,success
packed-input-v4,64,crossover,cuda_first_build,7,710400,ns,success
packed-input-v4,64,crossover,cuda_first_build,8,688200,ns,success
packed-input-v4,64,crossover,cuda_first_build,9,798900,ns,success
packed-input-v4,64,crossover,cuda_first_build,10,886800,ns,success
packed-input-v4,64,crossover,cuda_first_build,11,701200,ns,success
packed-input-v4,64,crossover,cuda_first_build,12,716800,ns,success
packed-input-v4,64,crossover,cuda_first_build,13,751900,ns,success
packed-input-v4,64,crossover,cuda_first_build,14,697900,ns,success
packed-input-v4,64,crossover,cuda_reuse,0,148500,ns,success
packed-input-v4,64,crossover,cuda_reuse,1,192700,ns,success
packed-input-v4,64,crossover,cuda_reuse,2,130500,ns,success
packed-input-v4,64,crossover,cuda_reuse,3,152000,ns,success
packed-input-v4,64,crossover,cuda_reuse,4,143200,ns,success
packed-input-v4,64,crossover,cuda_reuse,5,138800,ns,success
packed-input-v4,64,crossover,cuda_reuse,6,134600,ns,success
packed-input-v4,64,crossover,cuda_reuse,7,132400,ns,success
packed-input-v4,64,crossover,cuda_reuse,8,138200,ns,success
packed-input-v4,64,crossover,cuda_reuse,9,132200,ns,success
packed-input-v4,64,crossover,cuda_reuse,10,133100,ns,success
packed-input-v4,64,crossover,cuda_reuse,11,132100,ns,success
packed-input-v4,64,crossover,cuda_reuse,12,132100,ns,success
packed-input-v4,64,crossover,cuda_reuse,13,130200,ns,success
packed-input-v4,64,crossover,cuda_reuse,14,131800,ns,success
packed-input-v4,64,crossover,membership_compact_prepare,0,7400,ns,success
packed-input-v4,64,crossover,membership_compact_prepare,1,7600,ns,success
packed-input-v4,64,crossover,membership_compact_prepare,2,8000,ns,success
packed-input-v4,64,crossover,membership_compact_prepare,3,7900,ns,success
packed-input-v4,64,crossover,membership_compact_prepare,4,7600,ns,success
packed-input-v4,64,crossover,membership_compact_prepare,5,7700,ns,success
packed-input-v4,64,crossover,membership_compact_prepare,6,7900,ns,success
packed-input-v4,64,crossover,membership_compact_prepare,7,7600,ns,success
packed-input-v4,64,crossover,membership_compact_prepare,8,7700,ns,success
packed-input-v4,64,crossover,membership_compact_prepare,9,7800,ns,success
packed-input-v4,64,crossover,membership_compact_prepare,10,7700,ns,success
packed-input-v4,64,crossover,membership_compact_prepare,11,8000,ns,success
packed-input-v4,64,crossover,membership_compact_prepare,12,8200,ns,success
packed-input-v4,64,crossover,membership_compact_prepare,13,7600,ns,success
packed-input-v4,64,crossover,membership_compact_prepare,14,7900,ns,success
packed-input-v4,64,crossover,membership_legacy_prepare,0,164400,ns,success
packed-input-v4,64,crossover,membership_legacy_prepare,1,162900,ns,success
packed-input-v4,64,crossover,membership_legacy_prepare,2,151600,ns,success
packed-input-v4,64,crossover,membership_legacy_prepare,3,150100,ns,success
packed-input-v4,64,crossover,membership_legacy_prepare,4,161900,ns,success
packed-input-v4,64,crossover,membership_legacy_prepare,5,162500,ns,success
packed-input-v4,64,crossover,membership_legacy_prepare,6,159800,ns,success
packed-input-v4,64,crossover,membership_legacy_prepare,7,162100,ns,success
packed-input-v4,64,crossover,membership_legacy_prepare,8,152600,ns,success
packed-input-v4,64,crossover,membership_legacy_prepare,9,151500,ns,success
packed-input-v4,64,crossover,membership_legacy_prepare,10,163500,ns,success
packed-input-v4,64,crossover,membership_legacy_prepare,11,160400,ns,success
packed-input-v4,64,crossover,membership_legacy_prepare,12,153800,ns,success
packed-input-v4,64,crossover,membership_legacy_prepare,13,164900,ns,success
packed-input-v4,64,crossover,membership_legacy_prepare,14,152300,ns,success
packed-input-v4,64,crossover,membership_compact_hit_block,0,39711700,ns,success
packed-input-v4,64,crossover,membership_compact_hit_block,1,39511100,ns,success
packed-input-v4,64,crossover,membership_compact_hit_block,2,39466300,ns,success
packed-input-v4,64,crossover,membership_compact_hit_block,3,39485700,ns,success
packed-input-v4,64,crossover,membership_compact_hit_block,4,39530000,ns,success
packed-input-v4,64,crossover,membership_compact_hit_block,5,39376000,ns,success
packed-input-v4,64,crossover,membership_compact_hit_block,6,39425300,ns,success
packed-input-v4,64,crossover,membership_compact_hit_block,7,39479800,ns,success
packed-input-v4,64,crossover,membership_compact_hit_block,8,39614500,ns,success
packed-input-v4,64,crossover,membership_compact_hit_block,9,39607800,ns,success
packed-input-v4,64,crossover,membership_compact_hit_block,10,39340200,ns,success
packed-input-v4,64,crossover,membership_compact_hit_block,11,39446900,ns,success
packed-input-v4,64,crossover,membership_compact_hit_block,12,39878500,ns,success
packed-input-v4,64,crossover,membership_compact_hit_block,13,39367300,ns,success
packed-input-v4,64,crossover,membership_compact_hit_block,14,39413200,ns,success
packed-input-v4,64,crossover,membership_compact_miss_block,0,2576100,ns,success
packed-input-v4,64,crossover,membership_compact_miss_block,1,2804100,ns,success
packed-input-v4,64,crossover,membership_compact_miss_block,2,2573000,ns,success
packed-input-v4,64,crossover,membership_compact_miss_block,3,2573100,ns,success
packed-input-v4,64,crossover,membership_compact_miss_block,4,2575100,ns,success
packed-input-v4,64,crossover,membership_compact_miss_block,5,2575100,ns,success
packed-input-v4,64,crossover,membership_compact_miss_block,6,2576100,ns,success
packed-input-v4,64,crossover,membership_compact_miss_block,7,2567700,ns,success
packed-input-v4,64,crossover,membership_compact_miss_block,8,2599700,ns,success
packed-input-v4,64,crossover,membership_compact_miss_block,9,2573800,ns,success
packed-input-v4,64,crossover,membership_compact_miss_block,10,2571300,ns,success
packed-input-v4,64,crossover,membership_compact_miss_block,11,2578500,ns,success
packed-input-v4,64,crossover,membership_compact_miss_block,12,2587600,ns,success
packed-input-v4,64,crossover,membership_compact_miss_block,13,2573700,ns,success
packed-input-v4,64,crossover,membership_compact_miss_block,14,2574300,ns,success
packed-input-v4,64,crossover,membership_legacy_hit_block,0,1082800,ns,success
packed-input-v4,64,crossover,membership_legacy_hit_block,1,1077200,ns,success
packed-input-v4,64,crossover,membership_legacy_hit_block,2,1081500,ns,success
packed-input-v4,64,crossover,membership_legacy_hit_block,3,1087900,ns,success
packed-input-v4,64,crossover,membership_legacy_hit_block,4,1082100,ns,success
packed-input-v4,64,crossover,membership_legacy_hit_block,5,1083300,ns,success
packed-input-v4,64,crossover,membership_legacy_hit_block,6,1083700,ns,success
packed-input-v4,64,crossover,membership_legacy_hit_block,7,1112300,ns,success
packed-input-v4,64,crossover,membership_legacy_hit_block,8,1088800,ns,success
packed-input-v4,64,crossover,membership_legacy_hit_block,9,1084400,ns,success
packed-input-v4,64,crossover,membership_legacy_hit_block,10,1088200,ns,success
packed-input-v4,64,crossover,membership_legacy_hit_block,11,1084200,ns,success
packed-input-v4,64,crossover,membership_legacy_hit_block,12,1083100,ns,success
packed-input-v4,64,crossover,membership_legacy_hit_block,13,1081300,ns,success
packed-input-v4,64,crossover,membership_legacy_hit_block,14,1081000,ns,success
packed-input-v4,64,crossover,membership_legacy_miss_block,0,895900,ns,success
packed-input-v4,64,crossover,membership_legacy_miss_block,1,902800,ns,success
packed-input-v4,64,crossover,membership_legacy_miss_block,2,895900,ns,success
packed-input-v4,64,crossover,membership_legacy_miss_block,3,893500,ns,success
packed-input-v4,64,crossover,membership_legacy_miss_block,4,895300,ns,success
packed-input-v4,64,crossover,membership_legacy_miss_block,5,895900,ns,success
packed-input-v4,64,crossover,membership_legacy_miss_block,6,896200,ns,success
packed-input-v4,64,crossover,membership_legacy_miss_block,7,891300,ns,success
packed-input-v4,64,crossover,membership_legacy_miss_block,8,891300,ns,success
packed-input-v4,64,crossover,membership_legacy_miss_block,9,903300,ns,success
packed-input-v4,64,crossover,membership_legacy_miss_block,10,897100,ns,success
packed-input-v4,64,crossover,membership_legacy_miss_block,11,900200,ns,success
packed-input-v4,64,crossover,membership_legacy_miss_block,12,896900,ns,success
packed-input-v4,64,crossover,membership_legacy_miss_block,13,898300,ns,success
packed-input-v4,64,crossover,membership_legacy_miss_block,14,894900,ns,success
packed-input-v4,64,crossover,prepared_retained,0,2835,bytes,success
packed-input-v4,64,crossover,prepared_retained,1,2835,bytes,success
packed-input-v4,64,crossover,prepared_retained,2,2835,bytes,success
packed-input-v4,64,crossover,prepared_retained,3,2835,bytes,success
packed-input-v4,64,crossover,prepared_retained,4,2835,bytes,success
packed-input-v4,64,crossover,prepared_peak,0,6016,bytes,success
packed-input-v4,64,crossover,prepared_peak,1,6016,bytes,success
packed-input-v4,64,crossover,prepared_peak,2,6016,bytes,success
packed-input-v4,64,crossover,prepared_peak,3,6016,bytes,success
packed-input-v4,64,crossover,prepared_peak,4,6016,bytes,success
packed-input-v4,64,crossover,membership_compact_retained,0,528,bytes,success
packed-input-v4,64,crossover,membership_compact_retained,1,528,bytes,success
packed-input-v4,64,crossover,membership_compact_retained,2,528,bytes,success
packed-input-v4,64,crossover,membership_compact_retained,3,528,bytes,success
packed-input-v4,64,crossover,membership_compact_retained,4,528,bytes,success
packed-input-v4,64,crossover,membership_compact_peak,0,576,bytes,success
packed-input-v4,64,crossover,membership_compact_peak,1,576,bytes,success
packed-input-v4,64,crossover,membership_compact_peak,2,576,bytes,success
packed-input-v4,64,crossover,membership_compact_peak,3,576,bytes,success
packed-input-v4,64,crossover,membership_compact_peak,4,576,bytes,success
packed-input-v4,64,crossover,membership_legacy_retained,0,12458,bytes,success
packed-input-v4,64,crossover,membership_legacy_retained,1,12458,bytes,success
packed-input-v4,64,crossover,membership_legacy_retained,2,12458,bytes,success
packed-input-v4,64,crossover,membership_legacy_retained,3,12458,bytes,success
packed-input-v4,64,crossover,membership_legacy_retained,4,12458,bytes,success
packed-input-v4,64,crossover,membership_legacy_peak,0,13186,bytes,success
packed-input-v4,64,crossover,membership_legacy_peak,1,13186,bytes,success
packed-input-v4,64,crossover,membership_legacy_peak,2,13186,bytes,success
packed-input-v4,64,crossover,membership_legacy_peak,3,13186,bytes,success
packed-input-v4,64,crossover,membership_legacy_peak,4,13186,bytes,success
packed-input-v4,1024,crossover,cold_prepare,0,14153600,ns,success
packed-input-v4,1024,crossover,cold_prepare,1,14083000,ns,success
packed-input-v4,1024,crossover,cold_prepare,2,14563400,ns,success
packed-input-v4,1024,crossover,cold_prepare,3,14296200,ns,success
packed-input-v4,1024,crossover,cold_prepare,4,14514200,ns,success
packed-input-v4,1024,crossover,cold_prepare,5,14090500,ns,success
packed-input-v4,1024,crossover,cold_prepare,6,13929300,ns,success
packed-input-v4,1024,crossover,cold_prepare,7,13815100,ns,success
packed-input-v4,1024,crossover,cold_prepare,8,14082200,ns,success
packed-input-v4,1024,crossover,cold_prepare,9,14205000,ns,success
packed-input-v4,1024,crossover,cold_prepare,10,14241600,ns,success
packed-input-v4,1024,crossover,cold_prepare,11,13735500,ns,success
packed-input-v4,1024,crossover,cold_prepare,12,13900200,ns,success
packed-input-v4,1024,crossover,cold_prepare,13,13903700,ns,success
packed-input-v4,1024,crossover,cold_prepare,14,14116000,ns,success
packed-input-v4,1024,crossover,warm_prepare,0,1976800,ns,success
packed-input-v4,1024,crossover,warm_prepare,1,1930300,ns,success
packed-input-v4,1024,crossover,warm_prepare,2,1923900,ns,success
packed-input-v4,1024,crossover,warm_prepare,3,1917000,ns,success
packed-input-v4,1024,crossover,warm_prepare,4,1905400,ns,success
packed-input-v4,1024,crossover,warm_prepare,5,1902800,ns,success
packed-input-v4,1024,crossover,warm_prepare,6,1934000,ns,success
packed-input-v4,1024,crossover,warm_prepare,7,1913900,ns,success
packed-input-v4,1024,crossover,warm_prepare,8,1917800,ns,success
packed-input-v4,1024,crossover,warm_prepare,9,1951400,ns,success
packed-input-v4,1024,crossover,warm_prepare,10,1921600,ns,success
packed-input-v4,1024,crossover,warm_prepare,11,1913600,ns,success
packed-input-v4,1024,crossover,warm_prepare,12,2867600,ns,success
packed-input-v4,1024,crossover,warm_prepare,13,1955800,ns,success
packed-input-v4,1024,crossover,warm_prepare,14,1949400,ns,success
packed-input-v4,1024,crossover,cuda_ordinary,0,2727200,ns,success
packed-input-v4,1024,crossover,cuda_ordinary,1,2740300,ns,success
packed-input-v4,1024,crossover,cuda_ordinary,2,2767100,ns,success
packed-input-v4,1024,crossover,cuda_ordinary,3,2748500,ns,success
packed-input-v4,1024,crossover,cuda_ordinary,4,2773900,ns,success
packed-input-v4,1024,crossover,cuda_ordinary,5,2705700,ns,success
packed-input-v4,1024,crossover,cuda_ordinary,6,3582400,ns,success
packed-input-v4,1024,crossover,cuda_ordinary,7,6221200,ns,success
packed-input-v4,1024,crossover,cuda_ordinary,8,3249300,ns,success
packed-input-v4,1024,crossover,cuda_ordinary,9,2945100,ns,success
packed-input-v4,1024,crossover,cuda_ordinary,10,3042800,ns,success
packed-input-v4,1024,crossover,cuda_ordinary,11,4969500,ns,success
packed-input-v4,1024,crossover,cuda_ordinary,12,3433700,ns,success
packed-input-v4,1024,crossover,cuda_ordinary,13,2876500,ns,success
packed-input-v4,1024,crossover,cuda_ordinary,14,2940100,ns,success
packed-input-v4,1024,crossover,cuda_first_build,0,831600,ns,success
packed-input-v4,1024,crossover,cuda_first_build,1,738800,ns,success
packed-input-v4,1024,crossover,cuda_first_build,2,782600,ns,success
packed-input-v4,1024,crossover,cuda_first_build,3,800600,ns,success
packed-input-v4,1024,crossover,cuda_first_build,4,790600,ns,success
packed-input-v4,1024,crossover,cuda_first_build,5,810100,ns,success
packed-input-v4,1024,crossover,cuda_first_build,6,782800,ns,success
packed-input-v4,1024,crossover,cuda_first_build,7,761000,ns,success
packed-input-v4,1024,crossover,cuda_first_build,8,756100,ns,success
packed-input-v4,1024,crossover,cuda_first_build,9,929900,ns,success
packed-input-v4,1024,crossover,cuda_first_build,10,708500,ns,success
packed-input-v4,1024,crossover,cuda_first_build,11,726300,ns,success
packed-input-v4,1024,crossover,cuda_first_build,12,756500,ns,success
packed-input-v4,1024,crossover,cuda_first_build,13,680500,ns,success
packed-input-v4,1024,crossover,cuda_first_build,14,795900,ns,success
packed-input-v4,1024,crossover,cuda_reuse,0,148200,ns,success
packed-input-v4,1024,crossover,cuda_reuse,1,164200,ns,success
packed-input-v4,1024,crossover,cuda_reuse,2,222800,ns,success
packed-input-v4,1024,crossover,cuda_reuse,3,160300,ns,success
packed-input-v4,1024,crossover,cuda_reuse,4,149900,ns,success
packed-input-v4,1024,crossover,cuda_reuse,5,156800,ns,success
packed-input-v4,1024,crossover,cuda_reuse,6,241600,ns,success
packed-input-v4,1024,crossover,cuda_reuse,7,382700,ns,success
packed-input-v4,1024,crossover,cuda_reuse,8,283200,ns,success
packed-input-v4,1024,crossover,cuda_reuse,9,241000,ns,success
packed-input-v4,1024,crossover,cuda_reuse,10,241900,ns,success
packed-input-v4,1024,crossover,cuda_reuse,11,359500,ns,success
packed-input-v4,1024,crossover,cuda_reuse,12,243700,ns,success
packed-input-v4,1024,crossover,cuda_reuse,13,247800,ns,success
packed-input-v4,1024,crossover,cuda_reuse,14,241300,ns,success
packed-input-v4,1024,crossover,membership_compact_prepare,0,7700,ns,success
packed-input-v4,1024,crossover,membership_compact_prepare,1,7700,ns,success
packed-input-v4,1024,crossover,membership_compact_prepare,2,8100,ns,success
packed-input-v4,1024,crossover,membership_compact_prepare,3,8000,ns,success
packed-input-v4,1024,crossover,membership_compact_prepare,4,8300,ns,success
packed-input-v4,1024,crossover,membership_compact_prepare,5,8000,ns,success
packed-input-v4,1024,crossover,membership_compact_prepare,6,7800,ns,success
packed-input-v4,1024,crossover,membership_compact_prepare,7,8100,ns,success
packed-input-v4,1024,crossover,membership_compact_prepare,8,7900,ns,success
packed-input-v4,1024,crossover,membership_compact_prepare,9,7900,ns,success
packed-input-v4,1024,crossover,membership_compact_prepare,10,8400,ns,success
packed-input-v4,1024,crossover,membership_compact_prepare,11,8000,ns,success
packed-input-v4,1024,crossover,membership_compact_prepare,12,8000,ns,success
packed-input-v4,1024,crossover,membership_compact_prepare,13,8000,ns,success
packed-input-v4,1024,crossover,membership_compact_prepare,14,8900,ns,success
packed-input-v4,1024,crossover,membership_legacy_prepare,0,2388300,ns,success
packed-input-v4,1024,crossover,membership_legacy_prepare,1,2468500,ns,success
packed-input-v4,1024,crossover,membership_legacy_prepare,2,2439600,ns,success
packed-input-v4,1024,crossover,membership_legacy_prepare,3,2610100,ns,success
packed-input-v4,1024,crossover,membership_legacy_prepare,4,2436900,ns,success
packed-input-v4,1024,crossover,membership_legacy_prepare,5,2406800,ns,success
packed-input-v4,1024,crossover,membership_legacy_prepare,6,2637300,ns,success
packed-input-v4,1024,crossover,membership_legacy_prepare,7,2394900,ns,success
packed-input-v4,1024,crossover,membership_legacy_prepare,8,2462900,ns,success
packed-input-v4,1024,crossover,membership_legacy_prepare,9,2437800,ns,success
packed-input-v4,1024,crossover,membership_legacy_prepare,10,2410900,ns,success
packed-input-v4,1024,crossover,membership_legacy_prepare,11,2456000,ns,success
packed-input-v4,1024,crossover,membership_legacy_prepare,12,2433100,ns,success
packed-input-v4,1024,crossover,membership_legacy_prepare,13,3134200,ns,success
packed-input-v4,1024,crossover,membership_legacy_prepare,14,2420300,ns,success
packed-input-v4,1024,crossover,membership_compact_hit_block,0,54511900,ns,success
packed-input-v4,1024,crossover,membership_compact_hit_block,1,54397200,ns,success
packed-input-v4,1024,crossover,membership_compact_hit_block,2,54754400,ns,success
packed-input-v4,1024,crossover,membership_compact_hit_block,3,54477100,ns,success
packed-input-v4,1024,crossover,membership_compact_hit_block,4,54336200,ns,success
packed-input-v4,1024,crossover,membership_compact_hit_block,5,54347300,ns,success
packed-input-v4,1024,crossover,membership_compact_hit_block,6,54309300,ns,success
packed-input-v4,1024,crossover,membership_compact_hit_block,7,54386400,ns,success
packed-input-v4,1024,crossover,membership_compact_hit_block,8,54298500,ns,success
packed-input-v4,1024,crossover,membership_compact_hit_block,9,54368500,ns,success
packed-input-v4,1024,crossover,membership_compact_hit_block,10,54311000,ns,success
packed-input-v4,1024,crossover,membership_compact_hit_block,11,54351300,ns,success
packed-input-v4,1024,crossover,membership_compact_hit_block,12,54371800,ns,success
packed-input-v4,1024,crossover,membership_compact_hit_block,13,54748000,ns,success
packed-input-v4,1024,crossover,membership_compact_hit_block,14,54614600,ns,success
packed-input-v4,1024,crossover,membership_compact_miss_block,0,2600200,ns,success
packed-input-v4,1024,crossover,membership_compact_miss_block,1,2595400,ns,success
packed-input-v4,1024,crossover,membership_compact_miss_block,2,2603800,ns,success
packed-input-v4,1024,crossover,membership_compact_miss_block,3,2618200,ns,success
packed-input-v4,1024,crossover,membership_compact_miss_block,4,2586000,ns,success
packed-input-v4,1024,crossover,membership_compact_miss_block,5,2607800,ns,success
packed-input-v4,1024,crossover,membership_compact_miss_block,6,2595500,ns,success
packed-input-v4,1024,crossover,membership_compact_miss_block,7,2608400,ns,success
packed-input-v4,1024,crossover,membership_compact_miss_block,8,2595200,ns,success
packed-input-v4,1024,crossover,membership_compact_miss_block,9,2604900,ns,success
packed-input-v4,1024,crossover,membership_compact_miss_block,10,2602800,ns,success
packed-input-v4,1024,crossover,membership_compact_miss_block,11,2600400,ns,success
packed-input-v4,1024,crossover,membership_compact_miss_block,12,2605800,ns,success
packed-input-v4,1024,crossover,membership_compact_miss_block,13,2607000,ns,success
packed-input-v4,1024,crossover,membership_compact_miss_block,14,2603800,ns,success
packed-input-v4,1024,crossover,membership_legacy_hit_block,0,1078500,ns,success
packed-input-v4,1024,crossover,membership_legacy_hit_block,1,1088200,ns,success
packed-input-v4,1024,crossover,membership_legacy_hit_block,2,1078400,ns,success
packed-input-v4,1024,crossover,membership_legacy_hit_block,3,1084800,ns,success
packed-input-v4,1024,crossover,membership_legacy_hit_block,4,1080600,ns,success
packed-input-v4,1024,crossover,membership_legacy_hit_block,5,1070300,ns,success
packed-input-v4,1024,crossover,membership_legacy_hit_block,6,1076900,ns,success
packed-input-v4,1024,crossover,membership_legacy_hit_block,7,1081000,ns,success
packed-input-v4,1024,crossover,membership_legacy_hit_block,8,1082100,ns,success
packed-input-v4,1024,crossover,membership_legacy_hit_block,9,1075600,ns,success
packed-input-v4,1024,crossover,membership_legacy_hit_block,10,1078900,ns,success
packed-input-v4,1024,crossover,membership_legacy_hit_block,11,1076900,ns,success
packed-input-v4,1024,crossover,membership_legacy_hit_block,12,1080300,ns,success
packed-input-v4,1024,crossover,membership_legacy_hit_block,13,1072400,ns,success
packed-input-v4,1024,crossover,membership_legacy_hit_block,14,1077300,ns,success
packed-input-v4,1024,crossover,membership_legacy_miss_block,0,832700,ns,success
packed-input-v4,1024,crossover,membership_legacy_miss_block,1,846200,ns,success
packed-input-v4,1024,crossover,membership_legacy_miss_block,2,835700,ns,success
packed-input-v4,1024,crossover,membership_legacy_miss_block,3,822500,ns,success
packed-input-v4,1024,crossover,membership_legacy_miss_block,4,819900,ns,success
packed-input-v4,1024,crossover,membership_legacy_miss_block,5,835100,ns,success
packed-input-v4,1024,crossover,membership_legacy_miss_block,6,826900,ns,success
packed-input-v4,1024,crossover,membership_legacy_miss_block,7,822800,ns,success
packed-input-v4,1024,crossover,membership_legacy_miss_block,8,823800,ns,success
packed-input-v4,1024,crossover,membership_legacy_miss_block,9,827300,ns,success
packed-input-v4,1024,crossover,membership_legacy_miss_block,10,824900,ns,success
packed-input-v4,1024,crossover,membership_legacy_miss_block,11,829200,ns,success
packed-input-v4,1024,crossover,membership_legacy_miss_block,12,823400,ns,success
packed-input-v4,1024,crossover,membership_legacy_miss_block,13,829900,ns,success
packed-input-v4,1024,crossover,membership_legacy_miss_block,14,840900,ns,success
packed-input-v4,1024,crossover,prepared_retained,0,17491,bytes,success
packed-input-v4,1024,crossover,prepared_retained,1,17491,bytes,success
packed-input-v4,1024,crossover,prepared_retained,2,17491,bytes,success
packed-input-v4,1024,crossover,prepared_retained,3,17491,bytes,success
packed-input-v4,1024,crossover,prepared_retained,4,17491,bytes,success
packed-input-v4,1024,crossover,prepared_peak,0,129344,bytes,success
packed-input-v4,1024,crossover,prepared_peak,1,129344,bytes,success
packed-input-v4,1024,crossover,prepared_peak,2,129344,bytes,success
packed-input-v4,1024,crossover,prepared_peak,3,129344,bytes,success
packed-input-v4,1024,crossover,prepared_peak,4,129344,bytes,success
packed-input-v4,1024,crossover,membership_compact_retained,0,528,bytes,success
packed-input-v4,1024,crossover,membership_compact_retained,1,528,bytes,success
packed-input-v4,1024,crossover,membership_compact_retained,2,528,bytes,success
packed-input-v4,1024,crossover,membership_compact_retained,3,528,bytes,success
packed-input-v4,1024,crossover,membership_compact_retained,4,528,bytes,success
packed-input-v4,1024,crossover,membership_compact_peak,0,576,bytes,success
packed-input-v4,1024,crossover,membership_compact_peak,1,576,bytes,success
packed-input-v4,1024,crossover,membership_compact_peak,2,576,bytes,success
packed-input-v4,1024,crossover,membership_compact_peak,3,576,bytes,success
packed-input-v4,1024,crossover,membership_compact_peak,4,576,bytes,success
packed-input-v4,1024,crossover,membership_legacy_retained,0,189154,bytes,success
packed-input-v4,1024,crossover,membership_legacy_retained,1,189154,bytes,success
packed-input-v4,1024,crossover,membership_legacy_retained,2,189154,bytes,success
packed-input-v4,1024,crossover,membership_legacy_retained,3,189154,bytes,success
packed-input-v4,1024,crossover,membership_legacy_retained,4,189154,bytes,success
packed-input-v4,1024,crossover,membership_legacy_peak,0,189882,bytes,success
packed-input-v4,1024,crossover,membership_legacy_peak,1,189882,bytes,success
packed-input-v4,1024,crossover,membership_legacy_peak,2,189882,bytes,success
packed-input-v4,1024,crossover,membership_legacy_peak,3,189882,bytes,success
packed-input-v4,1024,crossover,membership_legacy_peak,4,189882,bytes,success
packed-input-v4,59049,crossover,cold_prepare,0,121967700,ns,success
packed-input-v4,59049,crossover,cold_prepare,1,123707600,ns,success
packed-input-v4,59049,crossover,cold_prepare,2,123155800,ns,success
packed-input-v4,59049,crossover,cold_prepare,3,122136300,ns,success
packed-input-v4,59049,crossover,cold_prepare,4,122989700,ns,success
packed-input-v4,59049,crossover,cold_prepare,5,123666500,ns,success
packed-input-v4,59049,crossover,cold_prepare,6,129060600,ns,success
packed-input-v4,59049,crossover,cold_prepare,7,122757400,ns,success
packed-input-v4,59049,crossover,cold_prepare,8,122245800,ns,success
packed-input-v4,59049,crossover,cold_prepare,9,125851200,ns,success
packed-input-v4,59049,crossover,cold_prepare,10,122306700,ns,success
packed-input-v4,59049,crossover,cold_prepare,11,122518500,ns,success
packed-input-v4,59049,crossover,cold_prepare,12,124338200,ns,success
packed-input-v4,59049,crossover,cold_prepare,13,123862700,ns,success
packed-input-v4,59049,crossover,cold_prepare,14,122318900,ns,success
packed-input-v4,59049,crossover,warm_prepare,0,109308800,ns,success
packed-input-v4,59049,crossover,warm_prepare,1,110235600,ns,success
packed-input-v4,59049,crossover,warm_prepare,2,111392700,ns,success
packed-input-v4,59049,crossover,warm_prepare,3,109124200,ns,success
packed-input-v4,59049,crossover,warm_prepare,4,109553200,ns,success
packed-input-v4,59049,crossover,warm_prepare,5,109034800,ns,success
packed-input-v4,59049,crossover,warm_prepare,6,108673000,ns,success
packed-input-v4,59049,crossover,warm_prepare,7,108836500,ns,success
packed-input-v4,59049,crossover,warm_prepare,8,109051900,ns,success
packed-input-v4,59049,crossover,warm_prepare,9,109022100,ns,success
packed-input-v4,59049,crossover,warm_prepare,10,109026700,ns,success
packed-input-v4,59049,crossover,warm_prepare,11,108740900,ns,success
packed-input-v4,59049,crossover,warm_prepare,12,108891800,ns,success
packed-input-v4,59049,crossover,warm_prepare,13,108963800,ns,success
packed-input-v4,59049,crossover,warm_prepare,14,108973400,ns,success
packed-input-v4,59049,crossover,cuda_ordinary,0,143381600,ns,success
packed-input-v4,59049,crossover,cuda_ordinary,1,143303000,ns,success
packed-input-v4,59049,crossover,cuda_ordinary,2,142243600,ns,success
packed-input-v4,59049,crossover,cuda_ordinary,3,141985800,ns,success
packed-input-v4,59049,crossover,cuda_ordinary,4,142130600,ns,success
packed-input-v4,59049,crossover,cuda_ordinary,5,141829000,ns,success
packed-input-v4,59049,crossover,cuda_ordinary,6,142037300,ns,success
packed-input-v4,59049,crossover,cuda_ordinary,7,141861400,ns,success
packed-input-v4,59049,crossover,cuda_ordinary,8,142070500,ns,success
packed-input-v4,59049,crossover,cuda_ordinary,9,141833600,ns,success
packed-input-v4,59049,crossover,cuda_ordinary,10,142016500,ns,success
packed-input-v4,59049,crossover,cuda_ordinary,11,141819700,ns,success
packed-input-v4,59049,crossover,cuda_ordinary,12,141856600,ns,success
packed-input-v4,59049,crossover,cuda_ordinary,13,142008200,ns,success
packed-input-v4,59049,crossover,cuda_ordinary,14,141675500,ns,success
packed-input-v4,59049,crossover,cuda_first_build,0,1003400,ns,success
packed-input-v4,59049,crossover,cuda_first_build,1,1118200,ns,success
packed-input-v4,59049,crossover,cuda_first_build,2,1030700,ns,success
packed-input-v4,59049,crossover,cuda_first_build,3,987900,ns,success
packed-input-v4,59049,crossover,cuda_first_build,4,1028700,ns,success
packed-input-v4,59049,crossover,cuda_first_build,5,1072700,ns,success
packed-input-v4,59049,crossover,cuda_first_build,6,998100,ns,success
packed-input-v4,59049,crossover,cuda_first_build,7,1062600,ns,success
packed-input-v4,59049,crossover,cuda_first_build,8,972800,ns,success
packed-input-v4,59049,crossover,cuda_first_build,9,1153800,ns,success
packed-input-v4,59049,crossover,cuda_first_build,10,1080400,ns,success
packed-input-v4,59049,crossover,cuda_first_build,11,1201600,ns,success
packed-input-v4,59049,crossover,cuda_first_build,12,1008000,ns,success
packed-input-v4,59049,crossover,cuda_first_build,13,1087600,ns,success
packed-input-v4,59049,crossover,cuda_first_build,14,1305400,ns,success
packed-input-v4,59049,crossover,cuda_reuse,0,403000,ns,success
packed-input-v4,59049,crossover,cuda_reuse,1,415500,ns,success
packed-input-v4,59049,crossover,cuda_reuse,2,367900,ns,success
packed-input-v4,59049,crossover,cuda_reuse,3,421000,ns,success
packed-input-v4,59049,crossover,cuda_reuse,4,379000,ns,success
packed-input-v4,59049,crossover,cuda_reuse,5,362300,ns,success
packed-input-v4,59049,crossover,cuda_reuse,6,365600,ns,success
packed-input-v4,59049,crossover,cuda_reuse,7,367300,ns,success
packed-input-v4,59049,crossover,cuda_reuse,8,364400,ns,success
packed-input-v4,59049,crossover,cuda_reuse,9,361700,ns,success
packed-input-v4,59049,crossover,cuda_reuse,10,366000,ns,success
packed-input-v4,59049,crossover,cuda_reuse,11,359600,ns,success
packed-input-v4,59049,crossover,cuda_reuse,12,397400,ns,success
packed-input-v4,59049,crossover,cuda_reuse,13,386600,ns,success
packed-input-v4,59049,crossover,cuda_reuse,14,368900,ns,success
packed-input-v4,59049,crossover,membership_compact_prepare,0,11200,ns,success
packed-input-v4,59049,crossover,membership_compact_prepare,1,11100,ns,success
packed-input-v4,59049,crossover,membership_compact_prepare,2,15200,ns,success
packed-input-v4,59049,crossover,membership_compact_prepare,3,17500,ns,success
packed-input-v4,59049,crossover,membership_compact_prepare,4,16300,ns,success
packed-input-v4,59049,crossover,membership_compact_prepare,5,16800,ns,success
packed-input-v4,59049,crossover,membership_compact_prepare,6,15700,ns,success
packed-input-v4,59049,crossover,membership_compact_prepare,7,15200,ns,success
packed-input-v4,59049,crossover,membership_compact_prepare,8,16300,ns,success
packed-input-v4,59049,crossover,membership_compact_prepare,9,26700,ns,success
packed-input-v4,59049,crossover,membership_compact_prepare,10,15600,ns,success
packed-input-v4,59049,crossover,membership_compact_prepare,11,16900,ns,success
packed-input-v4,59049,crossover,membership_compact_prepare,12,26100,ns,success
packed-input-v4,59049,crossover,membership_compact_prepare,13,16100,ns,success
packed-input-v4,59049,crossover,membership_compact_prepare,14,28500,ns,success
packed-input-v4,59049,crossover,membership_legacy_prepare,0,141577800,ns,success
packed-input-v4,59049,crossover,membership_legacy_prepare,1,152596800,ns,success
packed-input-v4,59049,crossover,membership_legacy_prepare,2,153102600,ns,success
packed-input-v4,59049,crossover,membership_legacy_prepare,3,151937600,ns,success
packed-input-v4,59049,crossover,membership_legacy_prepare,4,151903800,ns,success
packed-input-v4,59049,crossover,membership_legacy_prepare,5,152151400,ns,success
packed-input-v4,59049,crossover,membership_legacy_prepare,6,151515600,ns,success
packed-input-v4,59049,crossover,membership_legacy_prepare,7,151486400,ns,success
packed-input-v4,59049,crossover,membership_legacy_prepare,8,151500400,ns,success
packed-input-v4,59049,crossover,membership_legacy_prepare,9,151894200,ns,success
packed-input-v4,59049,crossover,membership_legacy_prepare,10,151113400,ns,success
packed-input-v4,59049,crossover,membership_legacy_prepare,11,164865300,ns,success
packed-input-v4,59049,crossover,membership_legacy_prepare,12,152232000,ns,success
packed-input-v4,59049,crossover,membership_legacy_prepare,13,150612100,ns,success
packed-input-v4,59049,crossover,membership_legacy_prepare,14,150896600,ns,success
packed-input-v4,59049,crossover,membership_compact_hit_block,0,71456800,ns,success
packed-input-v4,59049,crossover,membership_compact_hit_block,1,71063500,ns,success
packed-input-v4,59049,crossover,membership_compact_hit_block,2,71987200,ns,success
packed-input-v4,59049,crossover,membership_compact_hit_block,3,70989600,ns,success
packed-input-v4,59049,crossover,membership_compact_hit_block,4,70883300,ns,success
packed-input-v4,59049,crossover,membership_compact_hit_block,5,70896200,ns,success
packed-input-v4,59049,crossover,membership_compact_hit_block,6,70791400,ns,success
packed-input-v4,59049,crossover,membership_compact_hit_block,7,70952000,ns,success
packed-input-v4,59049,crossover,membership_compact_hit_block,8,71080600,ns,success
packed-input-v4,59049,crossover,membership_compact_hit_block,9,74221900,ns,success
packed-input-v4,59049,crossover,membership_compact_hit_block,10,71024100,ns,success
packed-input-v4,59049,crossover,membership_compact_hit_block,11,71127600,ns,success
packed-input-v4,59049,crossover,membership_compact_hit_block,12,71275500,ns,success
packed-input-v4,59049,crossover,membership_compact_hit_block,13,70938600,ns,success
packed-input-v4,59049,crossover,membership_compact_hit_block,14,71016600,ns,success
packed-input-v4,59049,crossover,membership_compact_miss_block,0,2591300,ns,success
packed-input-v4,59049,crossover,membership_compact_miss_block,1,2585900,ns,success
packed-input-v4,59049,crossover,membership_compact_miss_block,2,2582400,ns,success
packed-input-v4,59049,crossover,membership_compact_miss_block,3,2585200,ns,success
packed-input-v4,59049,crossover,membership_compact_miss_block,4,2586600,ns,success
packed-input-v4,59049,crossover,membership_compact_miss_block,5,2597500,ns,success
packed-input-v4,59049,crossover,membership_compact_miss_block,6,2578700,ns,success
packed-input-v4,59049,crossover,membership_compact_miss_block,7,2582900,ns,success
packed-input-v4,59049,crossover,membership_compact_miss_block,8,2594600,ns,success
packed-input-v4,59049,crossover,membership_compact_miss_block,9,2595700,ns,success
packed-input-v4,59049,crossover,membership_compact_miss_block,10,2588500,ns,success
packed-input-v4,59049,crossover,membership_compact_miss_block,11,2583300,ns,success
packed-input-v4,59049,crossover,membership_compact_miss_block,12,2594400,ns,success
packed-input-v4,59049,crossover,membership_compact_miss_block,13,2581400,ns,success
packed-input-v4,59049,crossover,membership_compact_miss_block,14,2586800,ns,success
packed-input-v4,59049,crossover,membership_legacy_hit_block,0,1080000,ns,success
packed-input-v4,59049,crossover,membership_legacy_hit_block,1,1077900,ns,success
packed-input-v4,59049,crossover,membership_legacy_hit_block,2,1077500,ns,success
packed-input-v4,59049,crossover,membership_legacy_hit_block,3,1076900,ns,success
packed-input-v4,59049,crossover,membership_legacy_hit_block,4,1080500,ns,success
packed-input-v4,59049,crossover,membership_legacy_hit_block,5,1073000,ns,success
packed-input-v4,59049,crossover,membership_legacy_hit_block,6,1081500,ns,success
packed-input-v4,59049,crossover,membership_legacy_hit_block,7,1076600,ns,success
packed-input-v4,59049,crossover,membership_legacy_hit_block,8,1071500,ns,success
packed-input-v4,59049,crossover,membership_legacy_hit_block,9,1076700,ns,success
packed-input-v4,59049,crossover,membership_legacy_hit_block,10,1081900,ns,success
packed-input-v4,59049,crossover,membership_legacy_hit_block,11,1083000,ns,success
packed-input-v4,59049,crossover,membership_legacy_hit_block,12,1074900,ns,success
packed-input-v4,59049,crossover,membership_legacy_hit_block,13,1083000,ns,success
packed-input-v4,59049,crossover,membership_legacy_hit_block,14,1071700,ns,success
packed-input-v4,59049,crossover,membership_legacy_miss_block,0,828300,ns,success
packed-input-v4,59049,crossover,membership_legacy_miss_block,1,825100,ns,success
packed-input-v4,59049,crossover,membership_legacy_miss_block,2,825800,ns,success
packed-input-v4,59049,crossover,membership_legacy_miss_block,3,825900,ns,success
packed-input-v4,59049,crossover,membership_legacy_miss_block,4,823800,ns,success
packed-input-v4,59049,crossover,membership_legacy_miss_block,5,830000,ns,success
packed-input-v4,59049,crossover,membership_legacy_miss_block,6,827300,ns,success
packed-input-v4,59049,crossover,membership_legacy_miss_block,7,825800,ns,success
packed-input-v4,59049,crossover,membership_legacy_miss_block,8,1119800,ns,success
packed-input-v4,59049,crossover,membership_legacy_miss_block,9,822100,ns,success
packed-input-v4,59049,crossover,membership_legacy_miss_block,10,823700,ns,success
packed-input-v4,59049,crossover,membership_legacy_miss_block,11,820200,ns,success
packed-input-v4,59049,crossover,membership_legacy_miss_block,12,831600,ns,success
packed-input-v4,59049,crossover,membership_legacy_miss_block,13,824000,ns,success
packed-input-v4,59049,crossover,membership_legacy_miss_block,14,830500,ns,success
packed-input-v4,59049,crossover,prepared_retained,0,713791,bytes,success
packed-input-v4,59049,crossover,prepared_retained,1,713791,bytes,success
packed-input-v4,59049,crossover,prepared_retained,2,713791,bytes,success
packed-input-v4,59049,crossover,prepared_retained,3,713791,bytes,success
packed-input-v4,59049,crossover,prepared_retained,4,713791,bytes,success
packed-input-v4,59049,crossover,prepared_peak,0,8802328,bytes,success
packed-input-v4,59049,crossover,prepared_peak,1,8802328,bytes,success
packed-input-v4,59049,crossover,prepared_peak,2,8802328,bytes,success
packed-input-v4,59049,crossover,prepared_peak,3,8802328,bytes,success
packed-input-v4,59049,crossover,prepared_peak,4,8802328,bytes,success
packed-input-v4,59049,crossover,membership_compact_retained,0,528,bytes,success
packed-input-v4,59049,crossover,membership_compact_retained,1,528,bytes,success
packed-input-v4,59049,crossover,membership_compact_retained,2,528,bytes,success
packed-input-v4,59049,crossover,membership_compact_retained,3,528,bytes,success
packed-input-v4,59049,crossover,membership_compact_retained,4,528,bytes,success
packed-input-v4,59049,crossover,membership_compact_peak,0,576,bytes,success
packed-input-v4,59049,crossover,membership_compact_peak,1,576,bytes,success
packed-input-v4,59049,crossover,membership_compact_peak,2,576,bytes,success
packed-input-v4,59049,crossover,membership_compact_peak,3,576,bytes,success
packed-input-v4,59049,crossover,membership_compact_peak,4,576,bytes,success
packed-input-v4,59049,crossover,membership_legacy_retained,0,11180412,bytes,success
packed-input-v4,59049,crossover,membership_legacy_retained,1,11180412,bytes,success
packed-input-v4,59049,crossover,membership_legacy_retained,2,11180412,bytes,success
packed-input-v4,59049,crossover,membership_legacy_retained,3,11180412,bytes,success
packed-input-v4,59049,crossover,membership_legacy_retained,4,11180412,bytes,success
packed-input-v4,59049,crossover,membership_legacy_peak,0,11181140,bytes,success
packed-input-v4,59049,crossover,membership_legacy_peak,1,11181140,bytes,success
packed-input-v4,59049,crossover,membership_legacy_peak,2,11181140,bytes,success
packed-input-v4,59049,crossover,membership_legacy_peak,3,11181140,bytes,success
packed-input-v4,59049,crossover,membership_legacy_peak,4,11181140,bytes,success
packed-builder-v5,59049,cpu-ordinary,total,0,92443800,ns,success
packed-builder-v5,59049,cpu-ordinary,total,1,90318400,ns,success
packed-builder-v5,59049,cpu-ordinary,total,2,90664300,ns,success
packed-builder-v5,59049,cpu-ordinary,total,3,91659900,ns,success
packed-builder-v5,59049,cpu-ordinary,total,4,90684000,ns,success
packed-builder-v5,59049,cpu-ordinary,total,5,90989300,ns,success
packed-builder-v5,59049,cpu-ordinary,total,6,90901700,ns,success
packed-builder-v5,59049,cpu-ordinary,total,7,94526900,ns,success
packed-builder-v5,59049,cpu-ordinary,total,8,90667800,ns,success
packed-builder-v5,59049,cpu-ordinary,total,9,90869200,ns,success
packed-builder-v5,59049,cpu-ordinary,total,10,91058200,ns,success
packed-builder-v5,59049,cpu-ordinary,total,11,90788500,ns,success
packed-builder-v5,59049,cpu-ordinary,total,12,90791900,ns,success
packed-builder-v5,59049,cpu-ordinary,total,13,90941600,ns,success
packed-builder-v5,59049,cpu-ordinary,total,14,90745100,ns,success
packed-builder-v5,59049,cpu-prepared,total,0,3577700,ns,success
packed-builder-v5,59049,cpu-prepared,total,1,3301600,ns,success
packed-builder-v5,59049,cpu-prepared,total,2,3098200,ns,success
packed-builder-v5,59049,cpu-prepared,total,3,3125800,ns,success
packed-builder-v5,59049,cpu-prepared,total,4,3099100,ns,success
packed-builder-v5,59049,cpu-prepared,total,5,3127000,ns,success
packed-builder-v5,59049,cpu-prepared,total,6,3214300,ns,success
packed-builder-v5,59049,cpu-prepared,total,7,3097700,ns,success
packed-builder-v5,59049,cpu-prepared,total,8,3224400,ns,success
packed-builder-v5,59049,cpu-prepared,total,9,3109200,ns,success
packed-builder-v5,59049,cpu-prepared,total,10,3098600,ns,success
packed-builder-v5,59049,cpu-prepared,total,11,3108400,ns,success
packed-builder-v5,59049,cpu-prepared,total,12,3071400,ns,success
packed-builder-v5,59049,cpu-prepared,total,13,3106100,ns,success
packed-builder-v5,59049,cpu-prepared,total,14,3097900,ns,success
packed-builder-v5,59049,cuda-ordinary,total,0,103184900,ns,success
packed-builder-v5,59049,cuda-ordinary,total,1,103194100,ns,success
packed-builder-v5,59049,cuda-ordinary,total,2,103359400,ns,success
packed-builder-v5,59049,cuda-ordinary,total,3,103471100,ns,success
packed-builder-v5,59049,cuda-ordinary,total,4,103348500,ns,success
packed-builder-v5,59049,cuda-ordinary,total,5,103481500,ns,success
packed-builder-v5,59049,cuda-ordinary,total,6,103595900,ns,success
packed-builder-v5,59049,cuda-ordinary,total,7,103553300,ns,success
packed-builder-v5,59049,cuda-ordinary,total,8,103752700,ns,success
packed-builder-v5,59049,cuda-ordinary,total,9,103561700,ns,success
packed-builder-v5,59049,cuda-ordinary,total,10,103612600,ns,success
packed-builder-v5,59049,cuda-ordinary,total,11,103752900,ns,success
packed-builder-v5,59049,cuda-ordinary,total,12,103818000,ns,success
packed-builder-v5,59049,cuda-ordinary,total,13,103768400,ns,success
packed-builder-v5,59049,cuda-ordinary,total,14,103642500,ns,success
packed-builder-v5,59049,cuda-prepared,total,0,494100,ns,success
packed-builder-v5,59049,cuda-prepared,total,1,598000,ns,success
packed-builder-v5,59049,cuda-prepared,total,2,459500,ns,success
packed-builder-v5,59049,cuda-prepared,total,3,468700,ns,success
packed-builder-v5,59049,cuda-prepared,total,4,488700,ns,success
packed-builder-v5,59049,cuda-prepared,total,5,478600,ns,success
packed-builder-v5,59049,cuda-prepared,total,6,455600,ns,success
packed-builder-v5,59049,cuda-prepared,total,7,429500,ns,success
packed-builder-v5,59049,cuda-prepared,total,8,441900,ns,success
packed-builder-v5,59049,cuda-prepared,total,9,443400,ns,success
packed-builder-v5,59049,cuda-prepared,total,10,475800,ns,success
packed-builder-v5,59049,cuda-prepared,total,11,508800,ns,success
packed-builder-v5,59049,cuda-prepared,total,12,480700,ns,success
packed-builder-v5,59049,cuda-prepared,total,13,561200,ns,success
packed-builder-v5,59049,cuda-prepared,total,14,548600,ns,success
packed-input-v4,59049,cpu-ordinary,total,0,133141500,ns,success
packed-input-v4,59049,cpu-ordinary,total,1,132651500,ns,success
packed-input-v4,59049,cpu-ordinary,total,2,132848400,ns,success
packed-input-v4,59049,cpu-ordinary,total,3,133062500,ns,success
packed-input-v4,59049,cpu-ordinary,total,4,133032700,ns,success
packed-input-v4,59049,cpu-ordinary,total,5,132755100,ns,success
packed-input-v4,59049,cpu-ordinary,total,6,134811400,ns,success
packed-input-v4,59049,cpu-ordinary,total,7,132975400,ns,success
packed-input-v4,59049,cpu-ordinary,total,8,132843200,ns,success
packed-input-v4,59049,cpu-ordinary,total,9,132976500,ns,success
packed-input-v4,59049,cpu-ordinary,total,10,132468800,ns,success
packed-input-v4,59049,cpu-ordinary,total,11,132550600,ns,success
packed-input-v4,59049,cpu-ordinary,total,12,132261600,ns,success
packed-input-v4,59049,cpu-ordinary,total,13,133040700,ns,success
packed-input-v4,59049,cpu-ordinary,total,14,132487500,ns,success
packed-input-v4,59049,cpu-prepared,total,0,3103000,ns,success
packed-input-v4,59049,cpu-prepared,total,1,3260800,ns,success
packed-input-v4,59049,cpu-prepared,total,2,3448800,ns,success
packed-input-v4,59049,cpu-prepared,total,3,3344400,ns,success
packed-input-v4,59049,cpu-prepared,total,4,3119600,ns,success
packed-input-v4,59049,cpu-prepared,total,5,3413700,ns,success
packed-input-v4,59049,cpu-prepared,total,6,3105400,ns,success
packed-input-v4,59049,cpu-prepared,total,7,3815600,ns,success
packed-input-v4,59049,cpu-prepared,total,8,3107500,ns,success
packed-input-v4,59049,cpu-prepared,total,9,4006900,ns,success
packed-input-v4,59049,cpu-prepared,total,10,3103000,ns,success
packed-input-v4,59049,cpu-prepared,total,11,3265700,ns,success
packed-input-v4,59049,cpu-prepared,total,12,3083500,ns,success
packed-input-v4,59049,cpu-prepared,total,13,3270000,ns,success
packed-input-v4,59049,cpu-prepared,total,14,3085200,ns,success
packed-input-v4,59049,cuda-ordinary,total,0,144167200,ns,success
packed-input-v4,59049,cuda-ordinary,total,1,144377000,ns,success
packed-input-v4,59049,cuda-ordinary,total,2,144259600,ns,success
packed-input-v4,59049,cuda-ordinary,total,3,146113300,ns,success
packed-input-v4,59049,cuda-ordinary,total,4,144755200,ns,success
packed-input-v4,59049,cuda-ordinary,total,5,145414600,ns,success
packed-input-v4,59049,cuda-ordinary,total,6,144237200,ns,success
packed-input-v4,59049,cuda-ordinary,total,7,147847000,ns,success
packed-input-v4,59049,cuda-ordinary,total,8,144503500,ns,success
packed-input-v4,59049,cuda-ordinary,total,9,146267900,ns,success
packed-input-v4,59049,cuda-ordinary,total,10,144350100,ns,success
packed-input-v4,59049,cuda-ordinary,total,11,144440500,ns,success
packed-input-v4,59049,cuda-ordinary,total,12,144142900,ns,success
packed-input-v4,59049,cuda-ordinary,total,13,144444600,ns,success
packed-input-v4,59049,cuda-ordinary,total,14,144312600,ns,success
packed-input-v4,59049,cuda-prepared,total,0,397400,ns,success
packed-input-v4,59049,cuda-prepared,total,1,373300,ns,success
packed-input-v4,59049,cuda-prepared,total,2,432900,ns,success
packed-input-v4,59049,cuda-prepared,total,3,453500,ns,success
packed-input-v4,59049,cuda-prepared,total,4,459100,ns,success
packed-input-v4,59049,cuda-prepared,total,5,428300,ns,success
packed-input-v4,59049,cuda-prepared,total,6,643900,ns,success
packed-input-v4,59049,cuda-prepared,total,7,429000,ns,success
packed-input-v4,59049,cuda-prepared,total,8,655300,ns,success
packed-input-v4,59049,cuda-prepared,total,9,459100,ns,success
packed-input-v4,59049,cuda-prepared,total,10,378600,ns,success
packed-input-v4,59049,cuda-prepared,total,11,379400,ns,success
packed-input-v4,59049,cuda-prepared,total,12,378800,ns,success
packed-input-v4,59049,cuda-prepared,total,13,434400,ns,success
packed-input-v4,59049,cuda-prepared,total,14,380900,ns,success
packed-builder-v5,59049,cpu,backend_evaluation_ns,0,2984500,ns,success
packed-builder-v5,59049,cpu,backend_evaluation_ns,1,2895100,ns,success
packed-builder-v5,59049,cpu,backend_evaluation_ns,2,2906600,ns,success
packed-builder-v5,59049,cpu,backend_evaluation_ns,3,2903700,ns,success
packed-builder-v5,59049,cpu,backend_evaluation_ns,4,2893200,ns,success
packed-builder-v5,59049,cpu,backend_evaluation_ns,5,2905000,ns,success
packed-builder-v5,59049,cpu,backend_evaluation_ns,6,2919400,ns,success
packed-builder-v5,59049,cpu,backend_evaluation_ns,7,2898300,ns,success
packed-builder-v5,59049,cpu,backend_evaluation_ns,8,2892100,ns,success
packed-builder-v5,59049,cpu,backend_evaluation_ns,9,2897500,ns,success
packed-builder-v5,59049,cpu,backend_evaluation_ns,10,2899600,ns,success
packed-builder-v5,59049,cpu,backend_evaluation_ns,11,2944000,ns,success
packed-builder-v5,59049,cpu,backend_evaluation_ns,12,2950100,ns,success
packed-builder-v5,59049,cpu,backend_evaluation_ns,13,2912100,ns,success
packed-builder-v5,59049,cpu,backend_evaluation_ns,14,2900400,ns,success
packed-builder-v5,59049,cpu,prepared_validation_ns,0,3400,ns,success
packed-builder-v5,59049,cpu,prepared_validation_ns,1,3300,ns,success
packed-builder-v5,59049,cpu,prepared_validation_ns,2,3000,ns,success
packed-builder-v5,59049,cpu,prepared_validation_ns,3,3000,ns,success
packed-builder-v5,59049,cpu,prepared_validation_ns,4,3000,ns,success
packed-builder-v5,59049,cpu,prepared_validation_ns,5,2900,ns,success
packed-builder-v5,59049,cpu,prepared_validation_ns,6,3100,ns,success
packed-builder-v5,59049,cpu,prepared_validation_ns,7,3000,ns,success
packed-builder-v5,59049,cpu,prepared_validation_ns,8,2800,ns,success
packed-builder-v5,59049,cpu,prepared_validation_ns,9,2800,ns,success
packed-builder-v5,59049,cpu,prepared_validation_ns,10,3300,ns,success
packed-builder-v5,59049,cpu,prepared_validation_ns,11,2800,ns,success
packed-builder-v5,59049,cpu,prepared_validation_ns,12,3100,ns,success
packed-builder-v5,59049,cpu,prepared_validation_ns,13,2800,ns,success
packed-builder-v5,59049,cpu,prepared_validation_ns,14,2800,ns,success
packed-builder-v5,59049,cpu,proposal_selection_ns,0,42700,ns,success
packed-builder-v5,59049,cpu,proposal_selection_ns,1,39000,ns,success
packed-builder-v5,59049,cpu,proposal_selection_ns,2,37800,ns,success
packed-builder-v5,59049,cpu,proposal_selection_ns,3,36600,ns,success
packed-builder-v5,59049,cpu,proposal_selection_ns,4,37300,ns,success
packed-builder-v5,59049,cpu,proposal_selection_ns,5,37200,ns,success
packed-builder-v5,59049,cpu,proposal_selection_ns,6,37700,ns,success
packed-builder-v5,59049,cpu,proposal_selection_ns,7,37000,ns,success
packed-builder-v5,59049,cpu,proposal_selection_ns,8,36400,ns,success
packed-builder-v5,59049,cpu,proposal_selection_ns,9,35700,ns,success
packed-builder-v5,59049,cpu,proposal_selection_ns,10,36500,ns,success
packed-builder-v5,59049,cpu,proposal_selection_ns,11,37300,ns,success
packed-builder-v5,59049,cpu,proposal_selection_ns,12,37600,ns,success
packed-builder-v5,59049,cpu,proposal_selection_ns,13,36400,ns,success
packed-builder-v5,59049,cpu,proposal_selection_ns,14,36200,ns,success
packed-builder-v5,59049,cpu,result_validation_ns,0,6100,ns,success
packed-builder-v5,59049,cpu,result_validation_ns,1,5200,ns,success
packed-builder-v5,59049,cpu,result_validation_ns,2,5200,ns,success
packed-builder-v5,59049,cpu,result_validation_ns,3,4800,ns,success
packed-builder-v5,59049,cpu,result_validation_ns,4,5200,ns,success
packed-builder-v5,59049,cpu,result_validation_ns,5,5200,ns,success
packed-builder-v5,59049,cpu,result_validation_ns,6,5000,ns,success
packed-builder-v5,59049,cpu,result_validation_ns,7,5200,ns,success
packed-builder-v5,59049,cpu,result_validation_ns,8,4800,ns,success
packed-builder-v5,59049,cpu,result_validation_ns,9,5100,ns,success
packed-builder-v5,59049,cpu,result_validation_ns,10,5200,ns,success
packed-builder-v5,59049,cpu,result_validation_ns,11,5200,ns,success
packed-builder-v5,59049,cpu,result_validation_ns,12,5100,ns,success
packed-builder-v5,59049,cpu,result_validation_ns,13,5000,ns,success
packed-builder-v5,59049,cpu,result_validation_ns,14,4900,ns,success
packed-builder-v5,59049,cpu,total_ns,0,3043700,ns,success
packed-builder-v5,59049,cpu,total_ns,1,2948200,ns,success
packed-builder-v5,59049,cpu,total_ns,2,2958200,ns,success
packed-builder-v5,59049,cpu,total_ns,3,2953500,ns,success
packed-builder-v5,59049,cpu,total_ns,4,2943900,ns,success
packed-builder-v5,59049,cpu,total_ns,5,2955900,ns,success
packed-builder-v5,59049,cpu,total_ns,6,2970800,ns,success
packed-builder-v5,59049,cpu,total_ns,7,2949100,ns,success
packed-builder-v5,59049,cpu,total_ns,8,2941600,ns,success
packed-builder-v5,59049,cpu,total_ns,9,2946500,ns,success
packed-builder-v5,59049,cpu,total_ns,10,2950000,ns,success
packed-builder-v5,59049,cpu,total_ns,11,2994800,ns,success
packed-builder-v5,59049,cpu,total_ns,12,3001400,ns,success
packed-builder-v5,59049,cpu,total_ns,13,2961400,ns,success
packed-builder-v5,59049,cpu,total_ns,14,2949600,ns,success
packed-builder-v5,59049,cuda,backend_evaluation_ns,0,301800,ns,success
packed-builder-v5,59049,cuda,backend_evaluation_ns,1,275900,ns,success
packed-builder-v5,59049,cuda,backend_evaluation_ns,2,209300,ns,success
packed-builder-v5,59049,cuda,backend_evaluation_ns,3,214300,ns,success
packed-builder-v5,59049,cuda,backend_evaluation_ns,4,215100,ns,success
packed-builder-v5,59049,cuda,backend_evaluation_ns,5,268600,ns,success
packed-builder-v5,59049,cuda,backend_evaluation_ns,6,216500,ns,success
packed-builder-v5,59049,cuda,backend_evaluation_ns,7,207400,ns,success
packed-builder-v5,59049,cuda,backend_evaluation_ns,8,205900,ns,success
packed-builder-v5,59049,cuda,backend_evaluation_ns,9,205300,ns,success
packed-builder-v5,59049,cuda,backend_evaluation_ns,10,264900,ns,success
packed-builder-v5,59049,cuda,backend_evaluation_ns,11,271400,ns,success
packed-builder-v5,59049,cuda,backend_evaluation_ns,12,216600,ns,success
packed-builder-v5,59049,cuda,backend_evaluation_ns,13,213700,ns,success
packed-builder-v5,59049,cuda,backend_evaluation_ns,14,213100,ns,success
packed-builder-v5,59049,cuda,prepared_validation_ns,0,3400,ns,success
packed-builder-v5,59049,cuda,prepared_validation_ns,1,3200,ns,success
packed-builder-v5,59049,cuda,prepared_validation_ns,2,2900,ns,success
packed-builder-v5,59049,cuda,prepared_validation_ns,3,3000,ns,success
packed-builder-v5,59049,cuda,prepared_validation_ns,4,3100,ns,success
packed-builder-v5,59049,cuda,prepared_validation_ns,5,2900,ns,success
packed-builder-v5,59049,cuda,prepared_validation_ns,6,3000,ns,success
packed-builder-v5,59049,cuda,prepared_validation_ns,7,2900,ns,success
packed-builder-v5,59049,cuda,prepared_validation_ns,8,3000,ns,success
packed-builder-v5,59049,cuda,prepared_validation_ns,9,2900,ns,success
packed-builder-v5,59049,cuda,prepared_validation_ns,10,3000,ns,success
packed-builder-v5,59049,cuda,prepared_validation_ns,11,2900,ns,success
packed-builder-v5,59049,cuda,prepared_validation_ns,12,2900,ns,success
packed-builder-v5,59049,cuda,prepared_validation_ns,13,3000,ns,success
packed-builder-v5,59049,cuda,prepared_validation_ns,14,2900,ns,success
packed-builder-v5,59049,cuda,proposal_selection_ns,0,39900,ns,success
packed-builder-v5,59049,cuda,proposal_selection_ns,1,38000,ns,success
packed-builder-v5,59049,cuda,proposal_selection_ns,2,37800,ns,success
packed-builder-v5,59049,cuda,proposal_selection_ns,3,37500,ns,success
packed-builder-v5,59049,cuda,proposal_selection_ns,4,38600,ns,success
packed-builder-v5,59049,cuda,proposal_selection_ns,5,37200,ns,success
packed-builder-v5,59049,cuda,proposal_selection_ns,6,37500,ns,success
packed-builder-v5,59049,cuda,proposal_selection_ns,7,37100,ns,success
packed-builder-v5,59049,cuda,proposal_selection_ns,8,42200,ns,success
packed-builder-v5,59049,cuda,proposal_selection_ns,9,36200,ns,success
packed-builder-v5,59049,cuda,proposal_selection_ns,10,37400,ns,success
packed-builder-v5,59049,cuda,proposal_selection_ns,11,36800,ns,success
packed-builder-v5,59049,cuda,proposal_selection_ns,12,37100,ns,success
packed-builder-v5,59049,cuda,proposal_selection_ns,13,37300,ns,success
packed-builder-v5,59049,cuda,proposal_selection_ns,14,36500,ns,success
packed-builder-v5,59049,cuda,result_validation_ns,0,5600,ns,success
packed-builder-v5,59049,cuda,result_validation_ns,1,5200,ns,success
packed-builder-v5,59049,cuda,result_validation_ns,2,5000,ns,success
packed-builder-v5,59049,cuda,result_validation_ns,3,4900,ns,success
packed-builder-v5,59049,cuda,result_validation_ns,4,4800,ns,success
packed-builder-v5,59049,cuda,result_validation_ns,5,5100,ns,success
packed-builder-v5,59049,cuda,result_validation_ns,6,5000,ns,success
packed-builder-v5,59049,cuda,result_validation_ns,7,5200,ns,success
packed-builder-v5,59049,cuda,result_validation_ns,8,8200,ns,success
packed-builder-v5,59049,cuda,result_validation_ns,9,4900,ns,success
packed-builder-v5,59049,cuda,result_validation_ns,10,5200,ns,success
packed-builder-v5,59049,cuda,result_validation_ns,11,5200,ns,success
packed-builder-v5,59049,cuda,result_validation_ns,12,5200,ns,success
packed-builder-v5,59049,cuda,result_validation_ns,13,5000,ns,success
packed-builder-v5,59049,cuda,result_validation_ns,14,4900,ns,success
packed-builder-v5,59049,cuda,total_ns,0,357500,ns,success
packed-builder-v5,59049,cuda,total_ns,1,328300,ns,success
packed-builder-v5,59049,cuda,total_ns,2,261200,ns,success
packed-builder-v5,59049,cuda,total_ns,3,265200,ns,success
packed-builder-v5,59049,cuda,total_ns,4,267600,ns,success
packed-builder-v5,59049,cuda,total_ns,5,319900,ns,success
packed-builder-v5,59049,cuda,total_ns,6,267800,ns,success
packed-builder-v5,59049,cuda,total_ns,7,258300,ns,success
packed-builder-v5,59049,cuda,total_ns,8,265800,ns,success
packed-builder-v5,59049,cuda,total_ns,9,254900,ns,success
packed-builder-v5,59049,cuda,total_ns,10,316200,ns,success
packed-builder-v5,59049,cuda,total_ns,11,322000,ns,success
packed-builder-v5,59049,cuda,total_ns,12,267600,ns,success
packed-builder-v5,59049,cuda,total_ns,13,264600,ns,success
packed-builder-v5,59049,cuda,total_ns,14,263300,ns,success
packed-input-v4,59049,cpu,backend_evaluation_ns,0,2957600,ns,success
packed-input-v4,59049,cpu,backend_evaluation_ns,1,2941300,ns,success
packed-input-v4,59049,cpu,backend_evaluation_ns,2,2905600,ns,success
packed-input-v4,59049,cpu,backend_evaluation_ns,3,2902100,ns,success
packed-input-v4,59049,cpu,backend_evaluation_ns,4,2903900,ns,success
packed-input-v4,59049,cpu,backend_evaluation_ns,5,2919200,ns,success
packed-input-v4,59049,cpu,backend_evaluation_ns,6,2899000,ns,success
packed-input-v4,59049,cpu,backend_evaluation_ns,7,2952500,ns,success
packed-input-v4,59049,cpu,backend_evaluation_ns,8,2902500,ns,success
packed-input-v4,59049,cpu,backend_evaluation_ns,9,2953600,ns,success
packed-input-v4,59049,cpu,backend_evaluation_ns,10,2950300,ns,success
packed-input-v4,59049,cpu,backend_evaluation_ns,11,2902400,ns,success
packed-input-v4,59049,cpu,backend_evaluation_ns,12,2928000,ns,success
packed-input-v4,59049,cpu,backend_evaluation_ns,13,2916100,ns,success
packed-input-v4,59049,cpu,backend_evaluation_ns,14,2881000,ns,success
packed-input-v4,59049,cpu,prepared_validation_ns,0,3800,ns,success
packed-input-v4,59049,cpu,prepared_validation_ns,1,3400,ns,success
packed-input-v4,59049,cpu,prepared_validation_ns,2,3300,ns,success
packed-input-v4,59049,cpu,prepared_validation_ns,3,3400,ns,success
packed-input-v4,59049,cpu,prepared_validation_ns,4,3200,ns,success
packed-input-v4,59049,cpu,prepared_validation_ns,5,3400,ns,success
packed-input-v4,59049,cpu,prepared_validation_ns,6,3300,ns,success
packed-input-v4,59049,cpu,prepared_validation_ns,7,3300,ns,success
packed-input-v4,59049,cpu,prepared_validation_ns,8,3300,ns,success
packed-input-v4,59049,cpu,prepared_validation_ns,9,3300,ns,success
packed-input-v4,59049,cpu,prepared_validation_ns,10,3300,ns,success
packed-input-v4,59049,cpu,prepared_validation_ns,11,3200,ns,success
packed-input-v4,59049,cpu,prepared_validation_ns,12,3200,ns,success
packed-input-v4,59049,cpu,prepared_validation_ns,13,3400,ns,success
packed-input-v4,59049,cpu,prepared_validation_ns,14,3300,ns,success
packed-input-v4,59049,cpu,proposal_selection_ns,0,40900,ns,success
packed-input-v4,59049,cpu,proposal_selection_ns,1,38500,ns,success
packed-input-v4,59049,cpu,proposal_selection_ns,2,37300,ns,success
packed-input-v4,59049,cpu,proposal_selection_ns,3,37200,ns,success
packed-input-v4,59049,cpu,proposal_selection_ns,4,36600,ns,success
packed-input-v4,59049,cpu,proposal_selection_ns,5,49600,ns,success
packed-input-v4,59049,cpu,proposal_selection_ns,6,36800,ns,success
packed-input-v4,59049,cpu,proposal_selection_ns,7,37700,ns,success
packed-input-v4,59049,cpu,proposal_selection_ns,8,36700,ns,success
packed-input-v4,59049,cpu,proposal_selection_ns,9,37800,ns,success
packed-input-v4,59049,cpu,proposal_selection_ns,10,36500,ns,success
packed-input-v4,59049,cpu,proposal_selection_ns,11,36600,ns,success
packed-input-v4,59049,cpu,proposal_selection_ns,12,38800,ns,success
packed-input-v4,59049,cpu,proposal_selection_ns,13,36700,ns,success
packed-input-v4,59049,cpu,proposal_selection_ns,14,36700,ns,success
packed-input-v4,59049,cpu,result_validation_ns,0,5400,ns,success
packed-input-v4,59049,cpu,result_validation_ns,1,5100,ns,success
packed-input-v4,59049,cpu,result_validation_ns,2,5000,ns,success
packed-input-v4,59049,cpu,result_validation_ns,3,5000,ns,success
packed-input-v4,59049,cpu,result_validation_ns,4,4900,ns,success
packed-input-v4,59049,cpu,result_validation_ns,5,5600,ns,success
packed-input-v4,59049,cpu,result_validation_ns,6,5000,ns,success
packed-input-v4,59049,cpu,result_validation_ns,7,5000,ns,success
packed-input-v4,59049,cpu,result_validation_ns,8,5000,ns,success
packed-input-v4,59049,cpu,result_validation_ns,9,5100,ns,success
packed-input-v4,59049,cpu,result_validation_ns,10,4900,ns,success
packed-input-v4,59049,cpu,result_validation_ns,11,4900,ns,success
packed-input-v4,59049,cpu,result_validation_ns,12,5100,ns,success
packed-input-v4,59049,cpu,result_validation_ns,13,5000,ns,success
packed-input-v4,59049,cpu,result_validation_ns,14,4900,ns,success
packed-input-v4,59049,cpu,total_ns,0,3013800,ns,success
packed-input-v4,59049,cpu,total_ns,1,2993400,ns,success
packed-input-v4,59049,cpu,total_ns,2,2956400,ns,success
packed-input-v4,59049,cpu,total_ns,3,2952700,ns,success
packed-input-v4,59049,cpu,total_ns,4,2953700,ns,success
packed-input-v4,59049,cpu,total_ns,5,2983600,ns,success
packed-input-v4,59049,cpu,total_ns,6,2949400,ns,success
packed-input-v4,59049,cpu,total_ns,7,3004100,ns,success
packed-input-v4,59049,cpu,total_ns,8,2952400,ns,success
packed-input-v4,59049,cpu,total_ns,9,3005300,ns,success
packed-input-v4,59049,cpu,total_ns,10,3000100,ns,success
packed-input-v4,59049,cpu,total_ns,11,2952100,ns,success
packed-input-v4,59049,cpu,total_ns,12,2980600,ns,success
packed-input-v4,59049,cpu,total_ns,13,2966400,ns,success
packed-input-v4,59049,cpu,total_ns,14,2930800,ns,success
packed-input-v4,59049,cuda,backend_evaluation_ns,0,295300,ns,success
packed-input-v4,59049,cuda,backend_evaluation_ns,1,219400,ns,success
packed-input-v4,59049,cuda,backend_evaluation_ns,2,251800,ns,success
packed-input-v4,59049,cuda,backend_evaluation_ns,3,212800,ns,success
packed-input-v4,59049,cuda,backend_evaluation_ns,4,207800,ns,success
packed-input-v4,59049,cuda,backend_evaluation_ns,5,273200,ns,success
packed-input-v4,59049,cuda,backend_evaluation_ns,6,214800,ns,success
packed-input-v4,59049,cuda,backend_evaluation_ns,7,207200,ns,success
packed-input-v4,59049,cuda,backend_evaluation_ns,8,219900,ns,success
packed-input-v4,59049,cuda,backend_evaluation_ns,9,209200,ns,success
packed-input-v4,59049,cuda,backend_evaluation_ns,10,271800,ns,success
packed-input-v4,59049,cuda,backend_evaluation_ns,11,214100,ns,success
packed-input-v4,59049,cuda,backend_evaluation_ns,12,207000,ns,success
packed-input-v4,59049,cuda,backend_evaluation_ns,13,206900,ns,success
packed-input-v4,59049,cuda,backend_evaluation_ns,14,207100,ns,success
packed-input-v4,59049,cuda,prepared_validation_ns,0,3300,ns,success
packed-input-v4,59049,cuda,prepared_validation_ns,1,3200,ns,success
packed-input-v4,59049,cuda,prepared_validation_ns,2,3100,ns,success
packed-input-v4,59049,cuda,prepared_validation_ns,3,2900,ns,success
packed-input-v4,59049,cuda,prepared_validation_ns,4,3200,ns,success
packed-input-v4,59049,cuda,prepared_validation_ns,5,3100,ns,success
packed-input-v4,59049,cuda,prepared_validation_ns,6,3000,ns,success
packed-input-v4,59049,cuda,prepared_validation_ns,7,3000,ns,success
packed-input-v4,59049,cuda,prepared_validation_ns,8,3100,ns,success
packed-input-v4,59049,cuda,prepared_validation_ns,9,3200,ns,success
packed-input-v4,59049,cuda,prepared_validation_ns,10,2900,ns,success
packed-input-v4,59049,cuda,prepared_validation_ns,11,3000,ns,success
packed-input-v4,59049,cuda,prepared_validation_ns,12,3100,ns,success
packed-input-v4,59049,cuda,prepared_validation_ns,13,2900,ns,success
packed-input-v4,59049,cuda,prepared_validation_ns,14,3000,ns,success
packed-input-v4,59049,cuda,proposal_selection_ns,0,39100,ns,success
packed-input-v4,59049,cuda,proposal_selection_ns,1,37600,ns,success
packed-input-v4,59049,cuda,proposal_selection_ns,2,38900,ns,success
packed-input-v4,59049,cuda,proposal_selection_ns,3,37900,ns,success
packed-input-v4,59049,cuda,proposal_selection_ns,4,37800,ns,success
packed-input-v4,59049,cuda,proposal_selection_ns,5,38000,ns,success
packed-input-v4,59049,cuda,proposal_selection_ns,6,37400,ns,success
packed-input-v4,59049,cuda,proposal_selection_ns,7,37200,ns,success
packed-input-v4,59049,cuda,proposal_selection_ns,8,37100,ns,success
packed-input-v4,59049,cuda,proposal_selection_ns,9,37700,ns,success
packed-input-v4,59049,cuda,proposal_selection_ns,10,37700,ns,success
packed-input-v4,59049,cuda,proposal_selection_ns,11,37500,ns,success
packed-input-v4,59049,cuda,proposal_selection_ns,12,37000,ns,success
packed-input-v4,59049,cuda,proposal_selection_ns,13,37400,ns,success
packed-input-v4,59049,cuda,proposal_selection_ns,14,37100,ns,success
packed-input-v4,59049,cuda,result_validation_ns,0,5500,ns,success
packed-input-v4,59049,cuda,result_validation_ns,1,5100,ns,success
packed-input-v4,59049,cuda,result_validation_ns,2,5200,ns,success
packed-input-v4,59049,cuda,result_validation_ns,3,5000,ns,success
packed-input-v4,59049,cuda,result_validation_ns,4,5100,ns,success
packed-input-v4,59049,cuda,result_validation_ns,5,5100,ns,success
packed-input-v4,59049,cuda,result_validation_ns,6,5100,ns,success
packed-input-v4,59049,cuda,result_validation_ns,7,5300,ns,success
packed-input-v4,59049,cuda,result_validation_ns,8,5100,ns,success
packed-input-v4,59049,cuda,result_validation_ns,9,5200,ns,success
packed-input-v4,59049,cuda,result_validation_ns,10,5100,ns,success
packed-input-v4,59049,cuda,result_validation_ns,11,5100,ns,success
packed-input-v4,59049,cuda,result_validation_ns,12,5000,ns,success
packed-input-v4,59049,cuda,result_validation_ns,13,4900,ns,success
packed-input-v4,59049,cuda,result_validation_ns,14,5100,ns,success
packed-input-v4,59049,cuda,total_ns,0,349400,ns,success
packed-input-v4,59049,cuda,total_ns,1,270600,ns,success
packed-input-v4,59049,cuda,total_ns,2,304700,ns,success
packed-input-v4,59049,cuda,total_ns,3,264000,ns,success
packed-input-v4,59049,cuda,total_ns,4,259900,ns,success
packed-input-v4,59049,cuda,total_ns,5,325300,ns,success
packed-input-v4,59049,cuda,total_ns,6,265700,ns,success
packed-input-v4,59049,cuda,total_ns,7,258200,ns,success
packed-input-v4,59049,cuda,total_ns,8,270700,ns,success
packed-input-v4,59049,cuda,total_ns,9,260900,ns,success
packed-input-v4,59049,cuda,total_ns,10,323200,ns,success
packed-input-v4,59049,cuda,total_ns,11,265400,ns,success
packed-input-v4,59049,cuda,total_ns,12,257500,ns,success
packed-input-v4,59049,cuda,total_ns,13,258000,ns,success
packed-input-v4,59049,cuda,total_ns,14,257800,ns,success
